ID,x,y,kmeans
Cell_9,4980.77766400437,-49.7712471841081,5
Cell_10,8729.17742496234,-53.4731139181829,0
Cell_13,11547.5663592033,-46.3154926267552,3
Cell_15,3280.98026374809,-37.6128106216919,2
Cell_16,7582.7936012936,-45.3503118503119,4
Cell_17,4691.68364091336,-50.1370034407257,5
Cell_20,12817.1438092502,-48.9578282102844,6
Cell_21,3426.17491573532,-91.8814972503104,5
Cell_22,5157.4353236469,-84.1451196662778,5
Cell_23,1480.03906415414,-61.3103959347872,1
Cell_24,9461.6039444092,-55.560521307883,0
Cell_25,12633.1580395099,-58.7537717762774,3
Cell_26,10688.0792073018,-73.6059639909978,3
Cell_27,12065.7230404305,-73.387523897189,3
Cell_28,13121.7103054117,-81.6681550276835,6
Cell_29,4216.01394316592,-74.0576060211319,5
Cell_30,569.0051671412,-78.5359590846778,1
Cell_31,2851.33945257587,-89.3036467377822,2
Cell_33,1324.54543851399,-97.2461791676463,1
Cell_34,3272.78949903661,-134.017501605652,2
Cell_35,9137.06547002019,-125.940640515031,0
Cell_36,9265.44990480723,-122.753093764874,0
Cell_37,3603.86477798965,-138.480849904658,5
Cell_38,9856.90474543043,-126.791673874186,0
Cell_40,9993.97545980305,-133.463554420883,3
Cell_41,11006.3656633222,-135.478299311883,3
Cell_42,11766.1233230968,-133.09269435914,3
Cell_43,4510.07820014798,-143.752219755827,5
Cell_44,12922.5309491059,-127.165961273939,6
Cell_45,13714.760391198,-154.939254700278,6
Cell_47,9423.85794334975,-159.907019704434,0
Cell_48,2553.5340472268,-168.394769357496,2
Cell_49,6873.34053559167,-157.090363927672,4
Cell_50,7081.70086906616,-173.704804460113,4
Cell_51,5523.49384813687,-177.948793063042,4
Cell_52,4053.37271828073,-166.744537361748,5
Cell_53,6314.98825331971,-157.131219903692,4
Cell_54,1033.02193261284,-159.984551811825,1
Cell_55,2246.44495746005,-187.971778377257,2
Cell_56,2811.9539800995,-173.638142620232,2
Cell_57,11304.5225693904,-170.897635587676,3
Cell_60,8723.93896783845,-197.695188232361,0
Cell_61,10627.5215613383,-188.584510532838,3
Cell_62,11822.7615325532,-214.454841187367,3
Cell_63,934.070542464949,-184.906041253762,1
Cell_64,10469.8046691225,-224.012027872709,3
Cell_65,5405.77069525377,-217.978070370535,4
Cell_67,12753.1311715064,-253.016147252309,3
Cell_68,1346.58201173148,-255.122800347599,1
Cell_69,2669.91797211224,-235.117662248236,2
Cell_70,6022.42853763543,-239.604768888679,4
Cell_71,8838.50132353736,-247.522986332451,0
Cell_72,2801.52331057217,-282.032728985166,2
Cell_74,3288.22270203578,-253.983792271886,2
Cell_76,1020.53960603521,-297.10435875943,1
Cell_77,9739.76554460112,-258.264150202286,0
Cell_78,10631.2953748989,-305.898101436438,3
Cell_79,3603.87064228061,-289.745062682466,5
Cell_80,6890.98509870919,-292.287537965072,4
Cell_81,12261.3897756032,-307.499645689219,3
Cell_82,907.588933873144,-326.160107962213,1
Cell_85,7611.68085453359,-311.772790280496,4
Cell_86,1540.94787131792,-312.200995081133,1
Cell_87,221.481114078596,-311.758107592522,1
Cell_88,10343.7787463678,-323.974217056409,3
Cell_89,2668.30172990538,-324.698174519736,2
Cell_90,13298.4905328049,-341.420923234992,6
Cell_92,4919.20739077879,-341.815000287803,5
Cell_93,8243.81430278756,-347.414515972738,0
Cell_94,8525.11207060524,-350.196066496747,0
Cell_95,4367.88555209669,-362.952984801319,5
Cell_96,9874.98424563017,-354.516156853726,0
Cell_97,4236.00553303738,-373.704883227176,5
Cell_99,4009.92892156863,-356.910947712418,5
Cell_100,8916.87594464172,-364.500091049804,0
Cell_101,3486.99762234991,-377.973003764613,5
Cell_102,1196.07499021526,-356.881252446184,1
Cell_103,11586.1468478908,-398.012777551596,3
Cell_104,113.550083713411,-393.326655504878,1
Cell_105,11266.3026763171,-366.439555630365,3
Cell_106,9341.23563988095,-364.447544642857,0
Cell_107,9724.85530067392,-398.210925349922,0
Cell_108,2213.41495375128,-389.261767728674,2
Cell_110,5937.6471695745,-416.559851052257,4
Cell_111,563.179523752922,-414.423471611395,1
Cell_113,4112.98599258685,-439.345315059047,5
Cell_114,7674.85540375312,-427.938333953538,4
Cell_115,12637.8662477558,-438.646156357108,3
Cell_116,1467.21854131886,-445.309839315526,1
Cell_117,8116.01451434879,-444.173896247241,0
Cell_118,7820.84131018956,-448.117909797371,4
Cell_119,12177.4416515293,-441.49629338701,3
Cell_121,4900.31901316451,-473.971409908552,5
Cell_122,6866.15373823581,-453.616414333314,4
Cell_123,1275.97494437458,-453.599158363161,1
Cell_124,10801.3149677679,-484.072958635509,3
Cell_125,5641.3125413477,-482.438521878839,4
Cell_126,9934.88572977532,-464.785314137702,3
Cell_127,9067.2963953309,-483.484033527022,0
Cell_129,8947.83505884917,-501.531168265039,0
Cell_131,10643.3958699809,-519.342715105162,3
Cell_132,2229.62260021884,-538.516562220233,2
Cell_134,2784.77424734861,-542.445090660281,2
Cell_135,1263.36970054387,-561.446169975755,1
Cell_138,3535.08566867684,-542.838240510819,5
Cell_139,3946.09892384106,-581.927921002838,5
Cell_140,7586.72142552283,-567.037644046095,4
Cell_142,7417.80083410977,-600.337060206753,4
Cell_143,1362.96354728888,-590.443494145977,1
Cell_144,8636.66756388416,-586.447393526405,0
Cell_145,9373.89654363832,-620.592693335834,0
Cell_146,9657.67508261049,-615.955493597687,0
Cell_147,1841.65684008547,-632.935545767738,2
Cell_148,5819.910818515,-603.355232794896,4
Cell_149,10940.9702494706,-639.963844842725,3
Cell_150,3404.89634551495,-635.107840531561,5
Cell_151,12572.1491870356,-628.1883816087,3
Cell_152,4779.01295474712,-632.020195208518,5
Cell_153,11057.1092074005,-643.643438197394,3
Cell_154,11168.432211101,-655.350015165302,3
Cell_155,4292.12779614861,-637.855281073721,5
Cell_156,10519.8342754368,-646.126734326824,3
Cell_157,7097.45748148148,-676.36424691358,4
Cell_159,1671.39032927915,-668.398754078908,2
Cell_160,4545.62145748988,-676.213436234818,5
Cell_162,5950.09874580463,-673.994258964847,4
Cell_163,6704.93077040118,-686.233402647462,4
Cell_164,1317.43401078911,-692.681344875172,1
Cell_165,3561.40004600874,-685.563549574419,5
Cell_166,11700.779482596,-680.25016137842,3
Cell_167,3223.25250982104,-667.853513749454,2
Cell_168,3731.80661169943,-680.937868781994,5
Cell_169,3913.01141866748,-697.504307488403,5
Cell_171,9213.22739018088,-708.377148634985,0
Cell_172,12084.3977703076,-695.11280371048,3
Cell_173,5614.94271018092,-711.557940167908,5
Cell_174,12519.8195570217,-718.976060320452,3
Cell_176,13014.974554226,-719.708319538381,6
Cell_177,6393.11002536377,-740.760245628087,4
Cell_178,13535.7159020087,-741.623136296083,6
Cell_179,6932.33510823012,-713.690589188564,4
Cell_180,4401.29259485924,-732.30905752754,5
Cell_181,1122.09252582045,-730.024262054635,1
Cell_182,5458.77068245719,-720.283675555934,5
Cell_183,10025.1593450837,-756.331350093943,3
Cell_184,10403.3346635968,-748.711128165771,3
Cell_185,8280.72763918126,-770.226049178125,0
Cell_186,9465.48573683617,-750.672868042245,0
Cell_187,12132.3937769838,-790.823507518237,3
Cell_188,4188.76883379442,-772.733666737604,5
Cell_190,11060.3772752968,-778.499717354438,3
Cell_191,9881.11054319503,-801.150280617358,0
Cell_192,5276.05460233661,-795.443613433055,5
Cell_193,8461.27651143791,-771.275285947712,0
Cell_194,818.812978418687,-796.302237147513,1
Cell_195,7467.52017731581,-806.139305003567,4
Cell_196,1440.03291642979,-813.507333712336,1
Cell_197,1555.08423682474,-793.448100311115,2
Cell_198,4648.33824891909,-791.543545398394,5
Cell_199,4754.17181409295,-813.993103448276,5
Cell_200,6967.80464987545,-831.035759756435,4
Cell_201,11574.5106369137,-817.996291718171,3
Cell_203,2837.48737617253,-842.351275532568,2
Cell_204,3234.98410578336,-840.07283736254,5
Cell_205,7907.47326669275,-831.121020241187,0
Cell_206,9231.32137477206,-838.315230317926,0
Cell_207,12877.2005459624,-800.546978161503,6
Cell_208,11373.0405127394,-842.563749538429,3
Cell_209,13055.2150655688,-826.736200060994,6
Cell_210,13185.6879583173,-840.053068313392,6
Cell_211,4038.05625687497,-828.506154732596,5
Cell_212,11875.3281057941,-826.961514008392,3
Cell_214,12336.8568548387,-839.004939516129,3
Cell_215,5526.63627304434,-844.970540607872,5
Cell_216,10719.6233977027,-855.19614616281,3
Cell_217,10356.8903061224,-861.684053408598,3
Cell_218,3550.54235197368,-843.359022556391,5
Cell_219,10953.944621983,-875.461273231856,3
Cell_220,8471.8995556966,-874.989156881413,0
Cell_221,4976.64938157286,-859.785931609233,5
Cell_222,12690.8779859485,-864.853429240549,6
Cell_223,11714.546982948,-886.460285132383,3
Cell_224,4411.11572035535,-889.540208574739,5
Cell_225,13788.8794679443,-881.015192586522,6
Cell_226,6485.44718427191,-893.644718427191,4
Cell_227,4637.07161224967,-900.607730070911,5
Cell_228,9517.00117824489,-914.071495899708,0
Cell_229,888.575721599763,-900.468724493582,1
Cell_230,3716.09968592695,-895.16770640623,5
Cell_233,4138.46534008683,-921.853762662808,5
Cell_234,8235.8840819569,-933.897189765317,0
Cell_235,6364.38863806036,-948.935973550428,4
Cell_236,1004.05445609724,-910.287726534732,1
Cell_237,12384.0592048401,-932.536362513891,3
Cell_238,12538.3819110379,-952.63802306425,3
Cell_239,10618.7393288281,-977.380003465604,3
Cell_241,7647.79954080796,-972.912644180834,4
Cell_242,11272.8082758621,-988.954333643989,3
Cell_243,10170.0795342896,-994.660296718412,3
Cell_244,11875.1016393443,-1008.20967534555,3
Cell_248,13789.8537227788,-1034.74883589671,6
Cell_250,9584.54918115649,-1013.09538010514,0
Cell_252,8028.45728418523,-1024.27689126121,0
Cell_253,10793.5035220716,-1036.54203005501,3
Cell_254,2758.04929012593,-1040.18737466913,2
Cell_255,6528.87945675833,-1041.31687053558,4
Cell_256,12850.6025466121,-1056.8570941337,6
Cell_257,7451.83836065574,-1045.02944262295,4
Cell_258,11622.2437411139,-1048.02917722693,3
Cell_259,9090.29683240296,-1049.55238218876,0
Cell_260,5726.84800769277,-1047.93082516978,5
Cell_261,9885.52729885058,-1062.93499651689,3
Cell_262,1158.26310786106,-1049.03078610603,1
Cell_263,4688.9510230179,-1067.62506393862,5
Cell_264,10169.6361287147,-1071.75678336307,3
Cell_265,1401.77516956083,-1073.60666698735,1
Cell_266,5973.407987993,-1080.02438922705,4
Cell_267,2219.53653306944,-1065.0682830282,2
Cell_268,6861.2538373425,-1087.37380679649,4
Cell_269,5350.21568260503,-1092.24398802283,5
Cell_270,3621.74571943527,-1094.8933113047,5
Cell_271,4779.45381114903,-1120.63742889647,5
Cell_272,12342.631908863,-1114.80845960972,3
Cell_274,5714.3488341457,-1140.03932288236,5
Cell_275,12462.3350361393,-1126.37780555405,3
Cell_276,8655.81380587146,-1158.37992594552,0
Cell_277,3505.28857933663,-1141.84985707155,5
Cell_278,4218.85873637244,-1178.45725470388,5
Cell_279,8232.02705035971,-1137.58152517986,0
Cell_280,3237.83867554615,-1155.98219953943,5
Cell_281,4097.70073501457,-1167.06564440502,5
Cell_283,4985.35191814236,-1138.50438749327,5
Cell_284,8388.11264633814,-1179.31309556221,0
Cell_285,9025.98478950835,-1174.27360919816,0
Cell_286,7018.49556481778,-1165.75649246553,4
Cell_288,11466.4573799521,-1179.74018263255,3
Cell_289,1651.97583221983,-1173.20164991576,2
Cell_290,10526.4981299,-1176.52733223045,3
Cell_291,11021.9740761766,-1193.66436893466,3
Cell_292,6833.34939851943,-1185.31238433066,4
Cell_293,13748.3292997961,-1176.36995241332,6
Cell_295,5269.87147044106,-1207.21695617986,5
Cell_296,1782.29395716027,-1199.78510477738,2
Cell_297,7913.0494814614,-1202.24320477191,0
Cell_299,1410.56523822563,-1200.83707557503,2
Cell_300,9967.59226133354,-1219.41794940693,3
Cell_301,9134.17433593084,-1216.9567715147,0
Cell_302,2631.98896156991,-1228.55361523187,2
Cell_303,9536.7912614039,-1238.49276181859,0
Cell_306,4676.96633872673,-1257.90592731116,5
Cell_307,12803.0961441532,-1233.08801663306,6
Cell_308,8358.90008519867,-1266.29432267059,0
Cell_309,7821.14822222222,-1243.66837037037,4
Cell_310,10336.1770421714,-1238.51091533329,3
Cell_311,4518.31580575317,-1240.46087225487,5
Cell_312,12926.9437903226,-1253.75080645161,6
Cell_313,8008.63075592228,-1264.67607133351,0
Cell_315,3399.12655999172,-1262.72274869246,5
Cell_316,244.62873437323,-1283.5447369415,1
Cell_317,13013.608494085,-1234.75418309709,6
Cell_318,907.742459310139,-1306.31745557712,1
Cell_319,12211.033476899,-1270.90877055599,3
Cell_320,1874.215606339,-1295.1897680294,2
Cell_321,3682.6929732128,-1292.33886085076,5
Cell_323,13102.105345912,-1321.46471513134,6
Cell_324,1420.72310467505,-1323.80613318635,2
Cell_325,12084.7434885198,-1292.02640893003,3
Cell_326,9336.88885520482,-1318.03164197203,0
Cell_328,4339.85101451478,-1319.22539706665,5
Cell_329,5111.39151635282,-1358.13835480674,5
Cell_330,10808.1340617,-1349.89871480221,3
Cell_331,11487.2587749701,-1343.88301090176,3
Cell_332,12785.8433375416,-1335.47750487777,6
Cell_333,2678.31827065443,-1336.96079360379,2
Cell_334,7341.83579132732,-1349.8813559322,4
Cell_336,4549.23266112142,-1361.53156603435,5
Cell_338,5286.56802465721,-1359.00260797408,5
Cell_339,7801.81256681316,-1377.1052381518,4
Cell_340,520.612711903984,-1356.90057441741,1
Cell_341,11263.3326962062,-1382.3506516073,3
Cell_342,12231.8519279469,-1400.63839648335,3
Cell_343,3418.40481140481,-1402.99160974161,5
Cell_345,1884.86843485864,-1420.55237540076,2
Cell_347,3651.89755877544,-1431.52269267633,5
Cell_348,12515.6568408804,-1408.84563172695,3
Cell_349,12814.7758576219,-1427.90078239188,6
Cell_350,8606.80130259485,-1439.08777008167,0
Cell_351,11921.2791181025,-1448.92301736083,3
Cell_352,1381.78123420742,-1457.67853332585,2
Cell_353,6039.78273141318,-1478.45705305023,4
Cell_354,9338.68210351012,-1460.40295926211,0
Cell_356,4828.04689740893,-1483.08514198298,5
Cell_357,9021.60137181543,-1493.96855513985,0
Cell_358,10070.0656436488,-1512.12395566922,3
Cell_359,8652.02336561743,-1512.21023002421,0
Cell_361,3892.74439703385,-1507.41356311363,5
Cell_362,5940.64992972044,-1522.74129314384,4
Cell_363,3372.38930368017,-1520.33370399788,5
Cell_365,5579.13081754254,-1514.15534918675,5
Cell_366,12309.4813442914,-1523.19940579542,3
Cell_367,6613.9061138651,-1529.33479795704,4
Cell_368,13328.3815760462,-1542.73726683424,6
Cell_369,7285.56208438432,-1527.72500573263,4
Cell_370,11480.5716522246,-1544.27000655356,3
Cell_371,2670.02129210266,-1551.71456088292,2
Cell_372,5232.35745799305,-1552.62700647705,5
Cell_373,7951.52851418002,-1548.53876387176,4
Cell_374,9329.18683551161,-1559.20308796641,0
Cell_375,10198.4446711116,-1568.58717285302,3
Cell_377,8815.33097604097,-1574.95464244346,0
Cell_378,1263.9676511955,-1584.25073839662,1
Cell_379,4811.22930794449,-1601.98338348228,5
Cell_380,7712.82264520873,-1590.6856465975,4
Cell_381,6921.35606120047,-1594.49183993723,4
Cell_382,6774.15126525079,-1587.38808555505,4
Cell_383,10561.551474051,-1604.57120655552,3
Cell_384,1630.31485312371,-1605.28411844672,2
Cell_385,4273.59570847207,-1617.95101738809,5
Cell_386,1891.3525220681,-1631.12553593947,2
Cell_387,8604.25672490294,-1641.99320576816,0
Cell_388,12538.9482071713,-1650.73618027888,3
Cell_389,7384.24760449121,-1664.42672388455,4
Cell_390,9048.91610213653,-1656.91051210384,0
Cell_391,11095.6251592194,-1657.23477862129,3
Cell_392,12375.6024527758,-1663.42849499979,3
Cell_393,8721.75058988585,-1658.36158408265,0
Cell_395,10370.9186189889,-1666.20629389374,3
Cell_396,11912.44519203,-1668.47198960439,3
Cell_397,6650.44678580955,-1672.99583889037,4
Cell_398,400.779635743956,-1686.33603152625,1
Cell_399,5471.52402069475,-1693.79151268785,4
Cell_400,10638.0582331594,-1695.15513721932,3
Cell_401,3419.99835967193,-1726.07077415483,5
Cell_403,1471.21282393505,-1712.69897675453,2
Cell_404,7607.07543458484,-1729.91450910969,4
Cell_405,1831.43544414646,-1723.40583438235,2
Cell_406,5065.35560468041,-1720.83172618821,5
Cell_407,2349.47427137824,-1720.22280345895,2
Cell_408,12812.437598143,-1741.92309005257,6
Cell_409,9733.71796782536,-1736.82685311007,0
Cell_410,4820.26272042616,-1761.05239713446,5
Cell_411,3513.17420292333,-1762.37251047098,5
Cell_412,733.204448608299,-1771.32796397594,1
Cell_413,8600.52736682524,-1774.04751947305,0
Cell_414,4057.06725762727,-1769.61676492104,5
Cell_415,6136.40038709677,-1775.36806451613,4
Cell_417,10084.8215580897,-1763.12151002753,3
Cell_418,4429.86452889543,-1793.25277791872,5
Cell_419,9595.37656813654,-1791.37672966134,0
Cell_420,204.144328327922,-1795.1033887987,1
Cell_421,3672.70454240922,-1792.46797534504,5
Cell_422,10459.3029420193,-1792.19853854236,3
Cell_423,5896.95276747603,-1780.50556294171,4
Cell_424,4560.3270471464,-1782.57433534208,5
Cell_425,5415.58163512858,-1823.50745997089,4
Cell_426,6628.49573774243,-1848.10315235425,4
Cell_428,11077.6854345165,-1823.6418715923,3
Cell_429,10945.871798263,-1827.34647092536,3
Cell_430,12398.7540188524,-1850.67931317714,3
Cell_431,2935.45449456547,-1864.35112189206,2
Cell_433,11521.9124850359,-1855.55980646449,3
Cell_434,3673.23628272704,-1916.25062645814,5
Cell_435,4553.74141814578,-1882.76529417065,5
Cell_436,7434.63267714091,-1879.20822207042,4
Cell_437,6522.6623754997,-1887.09817738329,4
Cell_438,9102.99012175511,-1894.61723715445,0
Cell_439,9521.0110938902,-1887.81352475732,0
Cell_440,1536.77125105902,-1891.64354702062,2
Cell_441,13458.3607497597,-1876.39208586991,6
Cell_442,3242.13530671275,-1879.97584613651,5
Cell_443,7074.87413357518,-1912.11226274535,4
Cell_444,11999.2009871887,-1906.70816926404,3
Cell_446,8733.11454342273,-1890.69141123882,0
Cell_447,8474.9543678419,-1922.11161015046,0
Cell_448,6337.71599220948,-1926.72343648561,4
Cell_449,4077.51338601726,-1944.41597451818,5
Cell_450,8905.05956667298,-1946.88320384057,0
Cell_451,2229.73659133346,-1914.5755585603,2
Cell_452,4247.09419758329,-1951.05304404895,5
Cell_453,8262.11386990767,-1938.93850086068,0
Cell_454,10193.0146763722,-1947.49954751131,3
Cell_455,2129.23684964885,-1940.49304858822,2
Cell_456,5990.44353835522,-1951.10276434001,4
Cell_457,11876.6775137112,-1965.24552102377,3
Cell_458,13693.8702714831,-1979.58653803006,6
Cell_459,13803.2984370716,-1978.04069097889,6
Cell_460,8074.15101361706,-1971.47226235825,0
Cell_461,1327.44124367553,-1995.00722213155,2
Cell_462,9605.87557720607,-2014.57578525397,0
Cell_463,12071.3768993552,-2002.16450798991,3
Cell_464,1674.53988868275,-2012.00479282622,2
Cell_465,11673.3345761063,-2048.19976225212,3
Cell_466,2221.31402557148,-2048.07826423867,2
Cell_467,12249.3270460358,-2019.00262858767,3
Cell_468,2522.38153606693,-2026.61904761905,2
Cell_470,9914.66095563813,-2043.86408629024,3
Cell_471,2086.16673001394,-2050.76979602179,2
Cell_472,5163.64453437695,-2058.5639953749,4
Cell_473,12614.597120524,-2083.294497482,3
Cell_474,3174.17823483468,-2071.4416558188,2
Cell_476,4701.31373479896,-2088.95997516707,5
Cell_477,6500.39347098424,-2062.2763548836,4
Cell_478,11264.2526635491,-2100.91920165839,3
Cell_480,9130.21066694609,-2110.97411850998,0
Cell_481,10750.3875932221,-2129.21672332464,3
Cell_482,3428.0169431836,-2106.30172953514,5
Cell_483,337.585382271664,-2104.65166867427,1
Cell_484,12088.0980120785,-2121.44325616507,3
Cell_485,3812.05918591859,-2124.0699669967,5
Cell_486,5413.99631929211,-2132.80057255456,4
Cell_487,8682.97172519376,-2126.94297196441,0
Cell_488,10433.5376389937,-2137.16958047692,3
Cell_489,12316.5780895306,-2127.00531190411,3
Cell_493,11364.6960888216,-2163.47383295483,3
Cell_494,11064.7263847088,-2149.46332963726,3
Cell_495,2620.13862968723,-2182.8433125972,2
Cell_496,8496.02176591376,-2185.27186858316,0
Cell_497,12201.3946967388,-2176.77283348573,3
Cell_498,6304.27274110902,-2183.4504084014,4
Cell_500,5189.62386015736,-2246.76794943543,4
Cell_501,3177.20498061788,-2189.50969106073,2
Cell_503,13042.421541944,-2206.33679161389,6
Cell_504,3705.11208967174,-2216.75660528423,5
Cell_505,9477.67261483265,-2217.96893735543,0
Cell_506,7248.25086539273,-2222.63594405201,4
Cell_507,7624.07864447564,-2212.6102666934,4
Cell_508,2081.32318160798,-2257.27647486292,2
Cell_509,8784.93323505635,-2217.86361690998,0
Cell_510,4035.58892480237,-2205.416488181,5
Cell_511,11604.5599727009,-2249.07179662174,3
Cell_512,3560.02119940243,-2230.53275947926,5
Cell_514,6576.76660536333,-2262.36747786664,4
Cell_515,12233.9352375888,-2282.49811980097,3
Cell_516,10307.7912354021,-2276.3574971683,3
Cell_517,6417.21656472144,-2279.92957513639,4
Cell_518,1581.49256332068,-2294.60601157508,2
Cell_519,10558.7181253721,-2298.18010546908,3
Cell_520,6947.63752539966,-2306.61752393077,4
Cell_521,9010.96635317484,-2302.79432209825,0
Cell_522,3166.3875777388,-2301.76327539467,5
Cell_523,12545.9264799716,-2277.13139548623,3
Cell_524,3356.39936842105,-2300.64168421053,5
Cell_525,3607.28524324997,-2318.85821824064,5
Cell_527,9188.23651235642,-2302.8447035619,0
Cell_528,1357.3006037496,-2342.23069590086,2
Cell_529,8217.04263712283,-2311.10214444584,0
Cell_530,9380.86202759448,-2317.15356928614,0
Cell_531,9794.00145658846,-2320.60141497165,0
Cell_532,11382.3340013599,-2373.46784525641,3
Cell_534,4021.15358965291,-2358.05709089072,5
Cell_535,1433.91992155581,-2363.55654518712,2
Cell_536,10183.9016224986,-2359.51416982152,3
Cell_537,12979.170995447,-2367.48468543046,6
Cell_538,2676.55667697926,-2385.18765532282,2
Cell_539,6299.52641914698,-2384.84740718012,4
Cell_540,10913.2475122232,-2382.21852171412,3
Cell_541,3861.97447172822,-2394.68194730902,5
Cell_542,9879.70601698795,-2402.25512435787,3
Cell_544,11910.4116254507,-2418.07757584587,3
Cell_545,56.7964750785811,-2397.13695554558,1
Cell_547,12793.8862342237,-2400.14399765189,6
Cell_548,4897.68080648165,-2403.21749860309,5
Cell_549,9065.10314547838,-2435.42581913499,0
Cell_550,1519.77507205459,-2442.44632668667,2
Cell_551,12339.9759254627,-2476.58185342671,3
Cell_552,8971.45256760863,-2480.75855363112,0
Cell_553,8762.01729855696,-2481.33566370888,0
Cell_554,10775.7979558506,-2477.90232337601,3
Cell_555,5875.07868852459,-2468.32930948833,4
Cell_556,9214.41837114169,-2491.56737324904,0
Cell_557,7949.35697661109,-2481.91480025945,4
Cell_558,8375.27187818853,-2507.42602621458,0
Cell_559,4675.60839898706,-2501.90735790658,5
Cell_560,8619.85375365616,-2505.94415556278,0
Cell_561,10357.3026543566,-2515.34814387382,3
Cell_562,10908.3001222169,-2515.18375046496,3
Cell_563,9323.36140485804,-2518.03621098507,0
Cell_564,11593.6264224631,-2542.12005925527,3
Cell_565,11701.3188294455,-2543.31561670624,3
Cell_566,6260.7883979929,-2527.96724187166,4
Cell_567,3188.88224918258,-2567.10901738083,5
Cell_568,1894.22501876118,-2578.28326502338,2
Cell_569,7833.77654065251,-2592.44532194027,4
Cell_570,5160.49973558963,-2568.47047417592,4
Cell_571,4750.55997691443,-2604.13094984964,5
Cell_573,9406.12397229236,-2577.81925292937,0
Cell_575,9640.3033738938,-2588.30189896755,3
Cell_576,10758.1842894263,-2600.27978213072,3
Cell_577,12354.7144576242,-2600.37906137184,3
Cell_578,3543.30480755675,-2602.21542365713,5
Cell_580,11423.2277834155,-2617.730719049,3
Cell_581,4380.54601577091,-2625.93442622951,5
Cell_582,8859.51929908785,-2609.60892942871,0
Cell_584,11070.157117198,-2634.44530758868,3
Cell_585,12081.7648413216,-2619.72178517978,3
Cell_588,8246.64100150602,-2650.38560491968,0
Cell_589,8470.13893025315,-2634.55270253954,0
Cell_591,6267.93718580459,-2662.71245831467,4
Cell_592,6510.6256690455,-2635.12104148082,4
Cell_593,7153.17627094676,-2640.24033090575,4
Cell_594,12681.6348201125,-2654.794944587,6
Cell_595,8105.33328673935,-2696.45745969621,0
Cell_596,7388.56616571893,-2676.17351746548,4
Cell_597,3604.54460921356,-2686.61413638021,5
Cell_599,10480.2486473849,-2700.22466769087,3
Cell_600,12540.9428600375,-2688.59834861456,6
Cell_601,5183.15684492249,-2704.91577033783,4
Cell_602,5835.86481939113,-2696.002208318,4
Cell_603,9499.3087808919,-2715.61307469281,0
Cell_604,1302.51916601917,-2723.03004403004,2
Cell_605,9599.84628111604,-2713.12551703392,0
Cell_606,12245.1557839673,-2707.89973844812,3
Cell_607,13766.0403840443,-2718.98510343462,6
Cell_609,13659.6659620991,-2725.69511661808,6
Cell_610,7883.18699776786,-2720.15061383929,4
Cell_611,9169.41521352313,-2727.00213523132,0
Cell_612,12035.2129042486,-2730.17691819911,3
Cell_613,10107.5719233433,-2753.15881628569,3
Cell_614,7146.91852659361,-2762.67152447071,4
Cell_615,4501.69393366558,-2749.46300051555,5
Cell_616,13152.8122854276,-2755.95267522316,6
Cell_617,8902.43452508004,-2774.29615795091,0
Cell_618,11024.4395615199,-2761.81723442953,3
Cell_619,4278.2458673132,-2773.76080008816,5
Cell_620,6125.49839151674,-2756.51852734422,4
Cell_621,3308.45978876156,-2755.24485710341,5
Cell_622,7457.71966467747,-2762.80041678507,4
Cell_623,9888.0036085161,-2774.2351148711,3
Cell_625,10876.8029094978,-2805.5304238355,3
Cell_626,12590.2377992909,-2814.24481096371,6
Cell_627,7895.62566358984,-2823.6213592233,4
Cell_628,8243.27292066978,-2836.9644866868,0
Cell_629,5898.84177090838,-2819.30958150501,4
Cell_630,6639.10510185686,-2828.54011177213,4
Cell_631,2876.79080292787,-2823.88322065151,2
Cell_632,11668.6874494781,-2821.16518469054,3
Cell_633,6494.38179324533,-2835.13423624207,4
Cell_634,2423.91465338315,-2856.55716064757,2
Cell_635,3480.76038725292,-2841.64955627269,5
Cell_637,6720.1309161541,-2835.81676918096,4
Cell_638,7023.09756834967,-2851.62596639744,4
Cell_639,10540.2334902296,-2860.31411353587,3
Cell_640,13118.9525909592,-2869.30891049414,6
Cell_642,10007.9070657066,-2862.77694644464,3
Cell_643,11886.4814898202,-2864.19127721849,3
Cell_644,9342.74047839792,-2883.394956425,0
Cell_646,11330.1040604737,-2889.41655397205,3
Cell_647,153.169784172662,-2884.20935251799,1
Cell_648,8815.9860724234,-2901.76907179441,0
Cell_649,9542.04526928676,-2895.48495875789,0
Cell_651,3882.58342555023,-2913.06301487766,5
Cell_652,2398.60337589645,-2948.42119993003,2
Cell_653,8501.54610302566,-2934.13165453849,0
Cell_654,12926.0269693172,-2967.25901685002,6
Cell_655,3129.34152475766,-2963.40272465287,2
Cell_656,788.203315584759,-2940.75201087572,1
Cell_657,629.814702199964,-2968.12426220712,1
Cell_658,139.797727572995,-2972.39331483683,1
Cell_659,2617.70054773083,-2972.7917057903,2
Cell_661,9938.92293977813,-2987.08346539884,3
Cell_662,10407.8962522046,-2975.62865961199,3
Cell_663,4379.09270480837,-2990.07932635555,5
Cell_664,10044.1879565295,-2981.7343072629,3
Cell_665,5883.44324216676,-2986.69888475836,4
Cell_666,4932.75169036061,-2986.11550797503,5
Cell_667,11722.5923477757,-2967.60098427096,3
Cell_668,10839.3605512828,-3006.04552854657,3
Cell_670,2835.45872052425,-3002.10646183596,2
Cell_671,11273.0850732018,-2999.8024188415,3
Cell_672,12515.5133428829,-3001.37487399862,3
Cell_673,1547.14963544588,-3013.92591138531,2
Cell_674,1244.64313953972,-3048.44537850098,1
Cell_675,13673.5452957704,-3012.43518870074,6
Cell_677,3691.8250815119,-3024.47844463229,5
Cell_678,9453.90377671513,-3035.83165804626,0
Cell_679,8243.87399066191,-3026.98901400714,0
Cell_680,2358.06930645778,-3043.66645968666,2
Cell_681,3817.7915890338,-3058.4465264839,5
Cell_682,8978.07613412229,-3061.68698224852,0
Cell_683,9279.6782309322,-3050.13259180791,0
Cell_684,10130.1509634269,-3068.43303784702,3
Cell_685,12377.3270163067,-3068.5181920572,3
Cell_686,8573.48380871977,-3067.27950310559,0
Cell_687,2728.15989223381,-3085.26045449221,2
Cell_688,9121.914787297,-3070.53238214215,0
Cell_689,752.275779467681,-3086.24794676806,1
Cell_690,2569.61020112931,-3095.05212562415,2
Cell_691,5730.76068124009,-3076.25056217053,4
Cell_692,5889.51979805979,-3106.56241338349,4
Cell_693,3605.78327727054,-3104.64405848836,5
Cell_694,8421.82225890769,-3087.30100426469,0
Cell_695,1971.55629979862,-3089.06737588653,2
Cell_696,5281.15406509095,-3111.86783813884,4
Cell_697,12520.8309223301,-3119.36412621359,6
Cell_698,5162.24100777706,-3109.73460790667,4
Cell_699,12843.9858186141,-3102.68953804348,6
Cell_700,3109.37181630445,-3115.29688268266,2
Cell_701,6561.96085357941,-3126.32211087881,4
Cell_702,7830.61167143088,-3152.97141470255,4
Cell_703,964.340937256162,-3156.99467572406,1
Cell_705,8632.11378494923,-3152.70774794825,0
Cell_706,10847.1558341369,-3134.11316297011,3
Cell_709,10537.9595878051,-3176.6765599772,3
Cell_710,4695.36176132003,-3208.64596124328,5
Cell_711,7599.75807988909,-3194.71722554371,4
Cell_712,13191.1210088692,-3199.39068736142,6
Cell_714,3493.99192767194,-3211.8089764288,5
Cell_715,1957.64692291535,-3218.70181334454,2
Cell_716,2296.23107022723,-3240.32635408801,2
Cell_717,9433.62652103095,-3237.34296253713,0
Cell_720,4851.73779034315,-3222.54692610455,5
Cell_721,3163.12751021859,-3261.27181446597,2
Cell_723,9179.91487405773,-3251.38779187351,0
Cell_724,5420.87774547804,-3292.02315891473,4
Cell_726,3398.55989583333,-3276.1953125,5
Cell_727,4023.73667103065,-3294.91797210058,5
Cell_729,3834.50006669334,-3289.02627717754,5
Cell_731,2607.82508939213,-3307.97351344193,2
Cell_733,8987.67442593426,-3300.9108959928,0
Cell_736,4817.73028557269,-3353.12909620269,5
Cell_738,12381.5848299285,-3345.11007049864,6
Cell_739,2867.6110561353,-3324.5036433969,2
Cell_740,8490.71143458002,-3372.49313430374,0
Cell_741,13336.2301492537,-3368.38592750533,6
Cell_742,3517.27473739496,-3374.08224789916,5
Cell_743,8228.23807147135,-3367.20238570573,0
Cell_744,2287.45380835381,-3369.2414004914,2
Cell_745,3293.56945744838,-3367.38032819199,5
Cell_746,7617.10794013191,-3355.62626839168,4
Cell_747,6150.33502349322,-3418.90599330697,4
Cell_748,6928.14342101706,-3400.29711535862,4
Cell_749,1369.39690909828,-3414.77601103314,1
Cell_750,7824.12672901383,-3414.19908159265,4
Cell_751,13568.302459877,-3446.25914954252,6
Cell_752,2826.70496300607,-3478.28248399701,2
Cell_753,10959.1705438492,-3460.28125489214,3
Cell_754,6394.79009075024,-3460.96736373372,4
Cell_755,7990.40935493733,-3482.44707276062,0
Cell_756,2258.62707381582,-3489.19770377495,2
Cell_758,7090.42511623748,-3469.07729792561,4
Cell_759,3410.13415154749,-3543.61173959445,5
Cell_762,9857.7239821843,-3496.25679066558,3
Cell_763,9392.92294487144,-3495.693496157,0
Cell_764,1501.32389880685,-3497.69426751592,2
Cell_765,8820.19708933271,-3515.39650100635,0
Cell_766,4729.7924257715,-3524.96414723535,5
Cell_768,8236.94251152528,-3519.26695299263,0
Cell_769,12119.7416504623,-3520.75110019445,6
Cell_770,5463.88148755811,-3538.70686354936,4
Cell_771,6352.53659924147,-3533.61087231353,4
Cell_772,8686.97669414105,-3553.29729181047,0
Cell_773,7471.35492414211,-3569.81744920737,4
Cell_775,8911.17474449479,-3555.40406701085,0
Cell_776,4185.25331976869,-3567.88734204326,5
Cell_777,7130.72230401178,-3569.70083425347,4
Cell_778,11851.6699343466,-3558.21611655724,3
Cell_779,11246.7245597259,-3575.22710972986,3
Cell_780,12516.2975236819,-3568.84374524078,6
Cell_781,5946.96805596036,-3618.71180413873,4
Cell_782,3807.4184593706,-3605.96416157821,5
Cell_783,1103.22893804999,-3607.85250499597,1
Cell_785,7270.1832006532,-3609.44390011567,4
Cell_786,1601.96529572473,-3611.83149966773,2
Cell_787,4482.72179038497,-3657.34982501381,5
Cell_788,4799.31338158559,-3636.80626157213,5
Cell_789,738.791423195008,-3633.98745501964,1
Cell_790,7679.13462878093,-3652.2425664528,4
Cell_791,11784.4192567688,-3671.18205229085,3
Cell_792,12202.9769822683,-3657.13673469388,6
Cell_793,6667.05983698893,-3653.12630044397,4
Cell_794,2969.76039516662,-3621.28463218644,2
Cell_796,7952.43924828093,-3664.41775151879,0
Cell_798,12375.0903405142,-3671.05266002625,6
Cell_799,10333.0183532712,-3695.35857070491,3
Cell_800,6525.96598222495,-3709.46648570553,4
Cell_801,10033.6370362504,-3712.83520957236,3
Cell_802,1651.94074316582,-3723.52147105364,2
Cell_803,3609.4793792517,-3714.08577806123,5
Cell_804,5773.3058335528,-3762.98676586779,4
Cell_805,8453.77181362668,-3728.0407187698,0
Cell_806,3776.40295989989,-3744.23249360683,5
Cell_807,8712.71363808085,-3742.98913864753,0
Cell_808,9047.86799129015,-3744.64592406097,0
Cell_809,8203.84720924514,-3735.34885665109,0
Cell_810,8582.77891342099,-3762.57469610519,0
Cell_811,5417.18659824932,-3775.66006640507,4
Cell_812,9408.94731475187,-3763.20190346703,0
Cell_813,6032.54696950994,-3774.39698802617,4
Cell_814,9550.15698034176,-3795.34904088724,0
Cell_815,672.336871682797,-3810.06946612551,1
Cell_816,3902.03020412679,-3796.88582176246,5
Cell_817,4230.9419382311,-3809.16905042206,5
Cell_818,5895.48471953578,-3791.68051948052,4
Cell_819,9276.41833274282,-3811.68583286936,0
Cell_820,3048.62498964289,-3808.40090314028,5
Cell_821,6704.9306915925,-3811.35429821508,4
Cell_822,12560.9325237758,-3808.82834237208,6
Cell_823,10333.0502597607,-3816.2792034005,3
Cell_824,1844.42743235979,-3810.70202472675,2
Cell_825,2236.43841770309,-3841.22869265006,2
Cell_826,108.015407661031,-3832.48502032955,1
Cell_827,1438.32062400575,-3826.68994714425,2
Cell_828,8879.55469589512,-3829.40318074361,0
Cell_829,3578.12348802277,-3838.77049569136,5
Cell_830,7448.77050882658,-3819.14673348684,4
Cell_831,10576.7519473684,-3822.14057894737,3
Cell_833,6302.39633888397,-3841.69761181402,4
Cell_834,12992.6208418047,-3845.92966215339,6
Cell_836,2725.08333333333,-3874.88349341871,2
Cell_837,3774.11869254341,-3865.10956758597,5
Cell_838,4009.71320954206,-3865.10500231283,5
Cell_839,10959.0131366885,-3894.05762505702,3
Cell_841,9777.32463435618,-3914.92159890583,3
Cell_842,12823.9475934354,-3842.2632280605,6
Cell_843,1749.11580903051,-3885.92934354239,2
Cell_844,3282.64956680346,-3904.61969904241,5
Cell_845,5861.07499814361,-3897.44338011435,4
Cell_846,7759.27745934107,-3892.38874132066,4
Cell_847,1063.21175624663,-3894.46743363892,1
Cell_848,11682.8840924432,-3914.26665809521,3
Cell_849,6156.49393147399,-3933.71357989331,4
Cell_851,7133.85134295381,-3923.46074708279,4
Cell_852,13123.7882286521,-3866.35525758645,6
Cell_853,5178.46541359105,-3925.99406437866,4
Cell_854,7322.98540894392,-3939.73018376844,4
Cell_855,8919.35039422691,-3961.0973317297,0
Cell_856,3863.66548732205,-3937.31673826973,5
Cell_857,8513.79183816106,-3981.25335870156,0
Cell_858,12887.3980826295,-3975.55891349007,6
Cell_859,782.412162597436,-3939.20930232558,1
Cell_860,12078.4109492417,-3982.05895119503,3
Cell_861,7935.38651854641,-3958.63810958388,0
Cell_862,9099.13154589979,-3967.93432123571,0
Cell_864,3750.0481367683,-3970.44749074293,5
Cell_865,1034.22638436482,-3998.23764929424,1
Cell_866,4769.42744002534,-3992.34233793163,5
Cell_867,9235.25814054998,-3998.99214316892,0
Cell_868,3456.81554017125,-3988.73537985061,5
Cell_869,12491.708645337,-4008.23863550412,6
Cell_870,10157.4397865006,-4012.13024945328,3
Cell_871,10538.7387891761,-4038.88435150118,3
Cell_872,748.446271929825,-4043.66686016512,1
Cell_873,5588.01976940911,-4023.03060968732,4
Cell_874,11490.6447906408,-4026.50780433939,3
Cell_875,1772.64438073394,-4035.45418577982,2
Cell_876,8191.03876990665,-4025.35656232839,0
Cell_877,11777.8463350367,-4081.34545672309,3
Cell_878,271.628762002964,-4060.636914352,1
Cell_879,3342.2850573666,-4059.94627572391,5
Cell_880,5852.1385496336,-4056.02815040243,4
Cell_881,7719.53205760505,-4061.32603406326,4
Cell_882,6884.28556092324,-4043.07873983236,4
Cell_883,9016.51442730768,-4071.17428558195,0
Cell_884,10429.4880681818,-4068.42828282828,3
Cell_885,1366.69142717974,-4064.54627374574,2
Cell_887,10954.6129744569,-4066.94855574123,3
Cell_888,8054.22561352856,-4090.96664260672,0
Cell_889,520.073607123539,-4119.05001456331,1
Cell_890,8786.69362053737,-4055.97552497364,0
Cell_891,7196.32190846463,-4122.94666121001,4
Cell_892,8234.37273771905,-4125.40871875898,0
Cell_893,11660.2885340336,-4105.89779321445,3
Cell_894,2319.61468244385,-4116.46307655156,2
Cell_895,8336.3070285817,-4104.68452273953,0
Cell_896,9305.39175919389,-4114.55939926834,0
Cell_898,3783.48225340487,-4135.83063351218,5
Cell_899,5578.88007991168,-4178.39056831923,4
Cell_900,12762.8910543131,-4156.29205842081,6
Cell_901,1439.41689574963,-4167.93323112709,2
Cell_902,1985.52171713765,-4168.47400013489,2
Cell_903,2951.09466105562,-4220.88906352989,5
Cell_904,7337.27440683813,-4179.94177622753,4
Cell_905,4685.49239766082,-4187.1089668616,5
Cell_906,3669.96109109624,-4214.54065877509,5
Cell_907,4449.72799606633,-4209.01542175138,5
Cell_908,6790.2976307996,-4214.66349950642,4
Cell_909,11957.344885078,-4245.79439085388,3
Cell_910,10013.7860017002,-4243.50535562482,3
Cell_911,7844.89100133511,-4251.74889185581,0
Cell_912,8104.47493461203,-4266.15501307759,0
Cell_913,10382.0083625459,-4228.6475060185,3
Cell_914,1356.26699854802,-4256.02879070732,2
Cell_915,5847.95809949586,-4281.233139922,4
Cell_916,5332.54306606581,-4260.01607006207,4
Cell_917,12070.1028261932,-4271.17140413748,6
Cell_918,9367.79659245322,-4242.78046061113,0
Cell_919,10767.5469839296,-4272.92007331522,3
Cell_922,11290.0350909939,-4284.93369108726,3
Cell_923,5750.94115620874,-4303.82421493771,4
Cell_924,10252.2759773014,-4289.63751576292,3
Cell_925,7737.19193081118,-4299.38697171097,4
Cell_926,8943.66074735293,-4304.83486064289,0
Cell_927,12646.787178181,-4309.79270347584,6
Cell_928,6303.05060330425,-4309.25598663449,4
Cell_929,9083.16211638103,-4314.89149063372,0
Cell_931,6712.63666030939,-4330.93731722823,4
Cell_932,1948.36992930483,-4352.7414155866,2
Cell_933,10098.508183591,-4373.87512188327,3
Cell_934,8753.99693815064,-4325.89594815269,0
Cell_935,2537.57551808922,-4336.26565975881,2
Cell_936,10545.8614186142,-4326.38986264863,3
Cell_937,505.156392526115,-4349.02206855966,1
Cell_938,11370.7837543972,-4339.96322353694,3
Cell_939,9717.47065765134,-4324.27218217771,3
Cell_940,9939.48536980557,-4341.07605794891,3
Cell_941,3660.99400018749,-4358.55207649761,5
Cell_942,6479.99201061911,-4357.08845922661,4
Cell_943,7993.25829825409,-4362.05955420606,0
Cell_944,5090.32023079697,-4366.63136594943,5
Cell_945,5594.58448898425,-4379.42770422314,4
Cell_946,9282.31867523733,-4384.26712357924,0
Cell_947,13005.2242157842,-4365.37746253746,6
Cell_948,11466.8683113852,-4387.95886814469,3
Cell_949,4026.92639117164,-4400.28284221648,5
Cell_950,12262.6368314314,-4374.91969609831,6
Cell_951,11857.5086245949,-4379.16245600585,3
Cell_952,3128.70963809844,-4388.19763776218,5
Cell_953,10907.8565669549,-4409.32773428371,3
Cell_954,4428.76704374812,-4436.6203323656,5
Cell_955,5348.31791534764,-4438.99771368273,4
Cell_956,5698.0677461996,-4435.66611588456,4
Cell_957,8476.76499357771,-4457.63116292856,0
Cell_958,1048.84549964564,-4449.1258681786,1
Cell_959,8161.66019132332,-4444.02269866577,0
Cell_960,8604.72531236126,-4446.9221158115,0
Cell_961,7998.73968317359,-4458.29825612354,0
Cell_962,9095.53261856138,-4441.63053097345,0
Cell_963,4914.1799443316,-4457.84341382683,5
Cell_964,9745.20913400275,-4459.44028747643,3
Cell_966,10372.1319670808,-4461.24679683718,3
Cell_968,2850.96328109098,-4462.5099124771,5
Cell_969,7353.46987295305,-4484.15194011873,4
Cell_970,3300.39705146036,-4502.87159944367,5
Cell_971,5954.83300091275,-4494.79517257699,4
Cell_972,12773.075481843,-4496.90396227976,6
Cell_973,7217.10204932268,-4512.54866273011,4
Cell_974,11523.0304638365,-4523.45852987421,3
Cell_975,1761.8012567325,-4522.62033213645,2
Cell_976,6377.52802425318,-4532.38830967169,4
Cell_977,2160.07677738255,-4533.91814108191,2
Cell_978,4667.58557059961,-4535.21152804642,5
Cell_979,1527.94283139123,-4568.55140668255,2
Cell_980,3020.76976450799,-4585.12125035043,5
Cell_981,2673.16409151194,-4595.94167771883,5
Cell_982,8958.31787279045,-4606.8708767689,0
Cell_983,12504.307201048,-4606.07475334671,6
Cell_984,875.449916092819,-4599.63046120016,1
Cell_985,8133.25724624303,-4604.29224975077,0
Cell_986,1030.08680778277,-4611.24709571663,1
Cell_987,7737.27927848269,-4601.05004642115,0
Cell_988,12274.8327928751,-4608.4011418132,6
Cell_989,3712.86392212533,-4610.23247481917,5
Cell_990,6594.734809055,-4615.53201229071,4
Cell_991,789.248144610184,-4603.15063560879,1
Cell_992,5386.76629618504,-4617.03055400592,4
Cell_993,9737.27729442432,-4635.88344222892,3
Cell_994,4308.29065063282,-4639.49337490257,5
Cell_995,9161.50453474971,-4620.63636819161,0
Cell_996,6711.15380097332,-4613.8250964927,4
Cell_997,10022.4681232978,-4595.15588635801,3
Cell_999,3258.6226586264,-4655.70788195742,5
Cell_1000,4690.94962092078,-4651.41066915724,5
Cell_1001,1400.28657695605,-4631.99101651321,2
Cell_1002,10503.7172767842,-4660.1557896856,3
Cell_1003,11439.9042575952,-4660.36414206247,3
Cell_1004,4090.79937489441,-4671.37610519795,5
Cell_1005,7869.89597963483,-4685.83728347378,0
Cell_1006,3735.95170482952,-4693.14408559144,5
Cell_1007,9277.50773195876,-4693.20444737473,3
Cell_1008,463.196161116766,-4696.77242983859,1
Cell_1009,10673.2484120409,-4714.93330571665,3
Cell_1010,8658.98951578692,-4699.54057329859,0
Cell_1011,8795.68421052631,-4709.18223486645,0
Cell_1012,2944.23542869594,-4720.44692595417,5
Cell_1013,8071.62231201205,-4716.89145322559,0
Cell_1014,11142.1308248779,-4749.69081172492,3
Cell_1015,13656.6996411899,-4746.9974921872,1
Cell_1016,11393.0363326094,-4761.43881476885,3
Cell_1018,6947.48136543536,-4727.70733014512,4
Cell_1019,12685.3748589372,-4757.3977233698,6
Cell_1020,6671.79757130754,-4759.83609149958,4
Cell_1021,12162.6007632055,-4753.7184976903,6
Cell_1022,1455.58651010952,-4786.724831508,2
Cell_1023,10793.0180262502,-4802.81849144376,3
Cell_1024,3258.45158247747,-4807.01806050444,5
Cell_1025,9756.84820941647,-4809.13953826577,3
Cell_1026,9081.34861317384,-4802.74302572954,0
Cell_1027,5880.68628475852,-4829.81789671754,4
Cell_1028,10929.0249367706,-4845.15126236855,3
Cell_1029,6842.85258730651,-4838.29379115386,4
Cell_1030,5687.23538884788,-4832.35107025431,4
Cell_1031,7069.76555771921,-4845.14851485148,4
Cell_1032,6167.75634367455,-4819.37191927475,4
Cell_1033,8765.6596818599,-4834.11767105129,0
Cell_1034,9276.60128344265,-4849.86490822441,3
Cell_1035,10248.4748124963,-4837.00218508238,3
Cell_1036,4249.13852638405,-4834.26837967091,5
Cell_1037,11957.4593943565,-4864.74759119064,3
Cell_1038,10609.8085930033,-4861.93246989103,3
Cell_1039,12114.7479389747,-4864.0336397233,6
Cell_1040,1023.31014044582,-4854.66683846583,1
Cell_1041,3046.81109660024,-4844.69254749968,5
Cell_1042,7865.05995911878,-4867.80346733288,0
Cell_1043,8394.98372468004,-4872.10112869092,0
Cell_1044,10119.8429081467,-4870.22103213242,3
Cell_1045,842.57009684603,-4893.06230255321,1
Cell_1046,9393.68780599405,-4903.03065660032,3
Cell_1047,4584.75661943206,-4904.72060068876,5
Cell_1048,8583.0701883101,-4887.52119507622,0
Cell_1049,9172.86115956475,-4935.00635434837,3
Cell_1050,9650.69527882313,-4921.40557646254,3
Cell_1051,4041.87632565186,-4901.12451160195,5
Cell_1052,5699.33979612233,-4934.11633020188,4
Cell_1053,8195.40388886561,-4927.94996438,0
Cell_1054,3535.82451968041,-4894.46682521444,5
Cell_1055,13126.9829827367,-4913.0665518514,6
Cell_1056,4356.126633493,-4942.56880435288,5
Cell_1057,677.331622752167,-4945.22269179352,1
Cell_1058,11435.8605518679,-4935.04281639146,3
Cell_1059,6305.09107156937,-4947.55444581702,4
Cell_1060,5356.60880293814,-4949.99248249742,4
Cell_1062,213.604351392524,-4960.11417522753,1
Cell_1063,2768.65147561207,-4948.61726608465,5
Cell_1064,12374.4146386946,-4997.38172494173,6
Cell_1065,10335.2315930388,-4980.54190093708,3
Cell_1066,10894.3392759188,-4983.92332540989,3
Cell_1067,1207.14707156003,-4989.7007145177,1
Cell_1068,5059.9934769599,-4995.46828246559,5
Cell_1069,1619.64471330879,-5004.53487638085,2
Cell_1070,5871.02739135787,-4999.140834667,4
Cell_1071,11721.7653159964,-5009.52570305413,3
Cell_1072,2333.32964429803,-5022.11115223748,2
Cell_1073,4758.5139786864,-5013.32688277523,5
Cell_1074,8392.49332686241,-5039.31084688182,0
Cell_1075,4546.44597676186,-5051.36838961885,5
Cell_1076,7628.10034420832,-5065.34678988327,0
Cell_1077,3732.99300589391,-5057.86275049116,5
Cell_1079,6323.00348550954,-5099.72459599776,4
Cell_1080,8125.53948953255,-5116.6429022082,0
Cell_1081,11455.9506064431,-5065.29745897591,3
Cell_1084,5099.35839243499,-5128.50190943808,5
Cell_1085,8956.43584740977,-5116.17831288186,0
Cell_1087,9585.86236552511,-5115.95616657933,3
Cell_1088,1640.18270971635,-5144.72948098974,2
Cell_1090,3971.61843823453,-5120.00852050144,5
Cell_1091,12029.2766349517,-5111.77830845023,3
Cell_1092,5963.2005125528,-5139.95462958569,4
Cell_1093,7139.68881064967,-5151.38327508224,4
Cell_1094,4724.30512087341,-5164.53719781648,5
Cell_1095,8335.73856025479,-5158.91443023746,0
Cell_1096,4308.79391765273,-5153.41344969749,5
Cell_1097,2199.36281070746,-5191.57204315761,2
Cell_1098,4145.0833217351,-5178.38677800974,5
Cell_1099,7461.3438782824,-5179.97038509155,0
Cell_1100,8010.72662406155,-5189.95861512688,0
Cell_1101,11876.1451639685,-5195.25321710253,3
Cell_1102,10177.0635702557,-5221.9126202205,3
Cell_1103,3092.62631768628,-5230.7812866024,5
Cell_1104,3217.15218132243,-5214.2593728698,5
Cell_1105,11720.6903672463,-5214.52604145944,3
Cell_1106,6841.92759737493,-5218.46539674423,4
Cell_1107,12031.6431539749,-5240.45895623077,3
Cell_1108,4275.46718207637,-5251.46807615441,5
Cell_1109,5682.66251490659,-5220.31831632878,4
Cell_1110,11304.7536167481,-5245.65600158001,3
Cell_1111,5943.83399209486,-5245.84747733085,4
Cell_1113,2704.08976712726,-5263.91839791284,5
Cell_1114,10530.6761761627,-5228.97812726443,3
Cell_1115,8413.20220013402,-5256.58616260889,0
Cell_1116,4893.31502281502,-5254.89072189072,5
Cell_1117,9597.72912972309,-5262.33314009003,3
Cell_1118,9870.75760034621,-5254.65876879801,3
Cell_1119,3425.73138753459,-5267.68922124127,5
Cell_1120,7917.0660731256,-5279.24248486971,0
Cell_1121,2121.30551893012,-5265.1508130847,2
Cell_1122,4055.87744975189,-5293.61144804772,5
Cell_1123,8082.41174446611,-5290.47883931644,0
Cell_1124,804.070948469007,-5294.89085138163,1
Cell_1125,13793.7789690116,-5269.9905419298,1
Cell_1126,1120.08923186796,-5312.1199809554,1
Cell_1128,10297.4244855249,-5293.98782382598,3
Cell_1129,8154.21328943949,-5333.9813739929,0
Cell_1130,9093.85425966075,-5332.88831143987,3
Cell_1132,444.980843141965,-5297.05750060053,1
Cell_1133,5550.5369000943,-5340.31783215048,4
Cell_1134,4877.65165233137,-5345.22861023087,5
Cell_1135,5060.38163978218,-5358.77165313881,5
Cell_1136,1614.13368859154,-5340.90404138628,2
Cell_1137,8600.62732947349,-5351.96752306857,0
Cell_1138,3728.36037143247,-5373.58971732896,5
Cell_1140,11593.8599594868,-5375.84746792708,3
Cell_1142,7877.09503138382,-5391.00727400716,0
Cell_1143,11238.4210702341,-5392.2254180602,3
Cell_1145,8315.63626504157,-5375.57790631617,0
Cell_1146,9511.05043432482,-5386.73208739142,3
Cell_1147,3148.15381518919,-5390.84806333304,5
Cell_1148,6459.44621611677,-5421.06762336972,4
Cell_1149,10049.1893012238,-5438.16334386103,3
Cell_1150,9283.80545874449,-5408.23388620617,3
Cell_1152,3564.29669729157,-5417.76030602138,5
Cell_1153,8145.93641375689,-5431.76513520609,0
Cell_1154,6831.56608691027,-5442.32232328068,4
Cell_1155,747.549727758629,-5438.39177781108,1
Cell_1156,11000.7165871122,-5455.11136459357,3
Cell_1157,11814.2136461092,-5446.95289443814,3
Cell_1158,1299.05353753807,-5447.8389460211,2
Cell_1159,3324.23105504191,-5469.60343039834,5
Cell_1160,7145.49920295065,-5473.07451630044,4
Cell_1162,905.754048447538,-5478.05219486081,1
Cell_1163,7682.92245870935,-5474.16591179976,0
Cell_1164,9543.26510440532,-5484.22412777378,3
Cell_1165,6031.04414571742,-5481.62811192787,4
Cell_1166,8603.58456888686,-5489.35122034672,0
Cell_1168,9179.7351028612,-5478.30769685505,3
Cell_1169,1933.58438696815,-5499.65872724411,2
Cell_1170,8738.36544260177,-5494.4111027353,0
Cell_1172,10718.0306028633,-5500.08029420778,3
Cell_1174,2701.34457647996,-5519.12223751902,5
Cell_1175,7291.18613497457,-5519.57135530196,0
Cell_1177,9411.37139977722,-5513.3725136583,3
Cell_1178,2592.866808688,-5536.65127587644,5
Cell_1179,1587.49185667752,-5539.82352256864,2
Cell_1181,3459.5569966854,-5574.6670029303,5
Cell_1182,8510.19833564494,-5579.54745393303,0
Cell_1183,9683.66504275204,-5574.62020282362,3
Cell_1184,4777.12903376454,-5589.92812777285,5
Cell_1185,298.674982545962,-5625.01303234815,1
Cell_1186,6192.01154734411,-5576.93084665999,4
Cell_1187,9559.26078466181,-5614.15634061187,3
Cell_1188,11300.8453376572,-5614.32448654492,3
Cell_1189,3688.9044627034,-5604.14316094732,5
Cell_1190,8697.96753138075,-5607.87732217573,0
Cell_1191,12057.9022146858,-5590.1036431838,3
Cell_1192,3955.13516738482,-5622.57069937024,5
Cell_1193,10629.7793306745,-5632.87307092076,3
Cell_1194,13802.6957269531,-5619.66901085461,1
Cell_1195,1960.83860288826,-5634.07220649619,2
Cell_1196,10352.1960371252,-5638.2101422727,3
Cell_1198,3234.82611658629,-5639.84420213881,5
Cell_1200,9963.44199369808,-5643.97579490118,3
Cell_1201,5017.59455309902,-5604.58347505669,4
Cell_1202,11637.4991467577,-5657.50075286087,3
Cell_1203,10205.4598697443,-5665.05516712959,3
Cell_1204,2165.13939280884,-5702.7303082591,2
Cell_1205,10093.0280069058,-5700.65902551314,3
Cell_1206,9259.97720661659,-5699.38423132028,3
Cell_1207,9005.4179528678,-5708.06513243595,0
Cell_1208,4352.66568333717,-5707.53994007836,5
Cell_1210,7465.71395423553,-5717.67675721986,0
Cell_1212,656.0813779331,-5735.39263831525,1
Cell_1213,9855.72332249483,-5735.01689117858,3
Cell_1214,8515.45521077283,-5723.23326502732,0
Cell_1215,8260.45610824866,-5736.30861462898,0
Cell_1216,12246.169925283,-5748.32079101606,3
Cell_1217,10863.3275085324,-5764.08798634812,3
Cell_1218,831.433261860091,-5788.60037523452,1
Cell_1219,1346.55374458428,-5776.78667216835,2
Cell_1220,9139.47333150985,-5760.6613785558,3
Cell_1221,4914.39793840143,-5773.65622012552,4
Cell_1222,11656.6160711267,-5789.80440147392,3
Cell_1223,12113.1739483057,-5783.99622694735,3
Cell_1224,8639.32824839358,-5780.98837494482,0
Cell_1225,1779.78340445709,-5791.63679468943,2
Cell_1227,6243.20611801855,-5790.50925597,4
Cell_1228,1965.50691320092,-5782.00784593438,2
Cell_1229,4747.84631310718,-5796.73244147157,4
Cell_1230,7799.22448705313,-5792.33626019174,0
Cell_1231,5929.97605659351,-5830.4154725195,4
Cell_1232,11223.3864921532,-5809.53643814728,3
Cell_1233,11341.0574327266,-5799.41278411565,3
Cell_1234,2459.18876166828,-5795.1964408884,5
Cell_1235,6584.12569964899,-5804.80765582013,4
Cell_1236,242.426621481691,-5865.2370642317,1
Cell_1237,3686.60971115538,-5813.2983565737,5
Cell_1238,8047.40952334959,-5787.34200994833,0
Cell_1239,1207.88670136532,-5801.05891227276,2
Cell_1240,3540.79352888024,-5818.41721693195,5
Cell_1241,4461.30486290246,-5813.48046240566,4
Cell_1242,13711.9408061732,-5804.27901309778,1
Cell_1243,5278.45591132183,-5862.59971286434,4
Cell_1244,5634.78506002668,-5855.74811027123,4
Cell_1245,12376.262214235,-5848.98854850169,3
Cell_1246,9818.20331545588,-5853.13318706322,3
Cell_1247,3352.37009674582,-5875.66323658751,5
Cell_1248,3820.32917616021,-5872.27527281449,5
Cell_1251,9341.54627249357,-5889.06246786632,3
Cell_1252,13697.795579682,-5906.86265994572,1
Cell_1253,8589.66245442493,-5910.1054855817,0
Cell_1254,2174.81210191083,-5900.26575208231,2
Cell_1255,6607.55046548592,-5918.40809491371,4
Cell_1256,11741.8958634953,-5903.16122026887,3
Cell_1257,1948.17685254027,-5946.40267657993,2
Cell_1258,13509.9425658329,-5927.29010489254,1
Cell_1259,3958.8804727019,-5923.48133612419,5
Cell_1260,4262.05493105931,-5935.26989312808,5
Cell_1261,5491.26840422518,-5948.41231939779,4
Cell_1262,10318.9029732809,-5931.60590245874,3
Cell_1263,728.090409201301,-5942.46945882784,1
Cell_1264,7866.52450422383,-5960.93703193338,0
Cell_1265,9968.63123543124,-5946.01408591409,3
Cell_1266,1587.0369261477,-5943.94772360042,2
Cell_1267,10509.7328511151,-5955.74406268837,3
Cell_1268,13026.7568587106,-5966.52737768633,1
Cell_1269,11344.6346523242,-5970.76213343578,3
Cell_1270,3756.84887168506,-5980.94119584912,5
Cell_1271,2757.1435340522,-5939.02474195118,5
Cell_1272,11623.4649862974,-5977.46368815808,3
Cell_1273,10784.3911843876,-6007.74932705249,3
Cell_1274,8401.20105150808,-5991.89536308653,0
Cell_1275,9088.74238047809,-6026.20567729084,3
Cell_1276,11074.6011220108,-6013.70501770771,3
Cell_1277,12101.7867436232,-6002.50530627444,3
Cell_1278,1700.51453451685,-6002.72121492575,2
Cell_1279,3038.9622746961,-5991.74856783569,5
Cell_1280,8872.47436321535,-6012.21171022163,0
Cell_1281,13714.640208717,-6003.00883977901,1
Cell_1282,510.352246957005,-6014.82519553848,1
Cell_1283,4090.08866966318,-5992.08703519935,5
Cell_1284,7603.24251485528,-6005.13827870424,0
Cell_1285,12332.6674879784,-6011.35607836903,3
Cell_1286,13489.0070894807,-6025.10506482723,1
Cell_1287,13601.9303365676,-6029.96550939964,1
Cell_1288,4808.10482567536,-6039.16508889402,4
Cell_1289,4197.6093851366,-6029.340661717,5
Cell_1290,2928.35332973847,-6017.85332973847,5
Cell_1291,8600.730709846,-6060.77200205867,0
Cell_1292,2611.79828027967,-6074.5399313849,5
Cell_1293,9331.84974116792,-6078.61125238398,3
Cell_1294,3797.37907429505,-6078.58406079256,5
Cell_1295,9747.09480963712,-6058.61577929804,3
Cell_1297,3456.32241111598,-6105.01421348091,5
Cell_1299,4038.80816762162,-6116.88383327716,5
Cell_1300,9219.44941768964,-6119.05218759836,3
Cell_1301,12775.4841592499,-6113.20312786141,6
Cell_1302,13723.2414519413,-6113.41887242856,1
Cell_1303,2415.87010598655,-6132.38982722741,5
Cell_1304,6421.83102216301,-6084.85191352792,4
Cell_1305,7309.3384645943,-6144.7823021154,0
Cell_1306,12071.5215311005,-6142.3761848876,3
Cell_1307,1650.61726524221,-6145.61009243825,2
Cell_1308,5566.11542649728,-6146.1120790482,4
Cell_1309,3142.26535413571,-6162.60655027241,5
Cell_1310,6147.65206847877,-6169.18115024069,4
Cell_1311,12473.6597316316,-6179.26797499891,3
Cell_1312,3917.34268400982,-6173.24379668808,5
Cell_1314,5806.1593382673,-6190.72684868462,4
Cell_1316,13746.1896085694,-6188.82891180298,1
Cell_1317,2967.64644663936,-6199.95205974464,5
Cell_1318,3630.07396377034,-6201.60135093645,5
Cell_1319,1812.14113011853,-6159.40119881465,2
Cell_1320,2132.39026518966,-6168.30255119167,2
Cell_1321,9995.77934886969,-6184.00650257485,3
Cell_1322,655.374122807018,-6193.48000730994,1
Cell_1323,1537.41257796926,-6210.29226416308,2
Cell_1324,7880.18783813027,-6218.50660030297,0
Cell_1325,5908.53105305957,-6193.96579589347,4
Cell_1326,8226.1880489335,-6225.0217482225,0
Cell_1327,10414.0083815217,-6227.12569033851,3
Cell_1329,4658.96359673667,-6195.40885930551,4
Cell_1330,4243.32906772833,-6237.12303900659,5
Cell_1331,6662.45199445022,-6257.73413111342,4
Cell_1332,11194.2190889371,-6273.64380666333,3
Cell_1333,1282.91671293726,-6257.34272626319,2
Cell_1334,8347.20475793355,-6261.08269323619,0
Cell_1335,12016.0990271779,-6287.27675260655,3
Cell_1336,7007.24598707526,-6252.83580015287,0
Cell_1337,12196.3512478281,-6260.02914231559,3
Cell_1338,10858.919222289,-6282.74684305472,3
Cell_1340,13749.6360628619,-6300.75121771896,1
Cell_1342,7434.68104529617,-6279.29156794425,0
Cell_1346,6079.55622865245,-6325.80453695946,4
Cell_1347,1509.50754157535,-6315.42290834085,2
Cell_1348,9860.08365605514,-6320.76951099442,3
Cell_1349,10155.2316201791,-6333.67553374656,3
Cell_1350,11290.6940936283,-6321.13740385528,3
Cell_1351,11700.3032239978,-6336.21348472105,3
Cell_1352,885.375386844011,-6328.64574965431,2
Cell_1353,7046.38180802132,-6344.31556549026,0
Cell_1354,9382.7372579282,-6308.3679858891,3
Cell_1355,5910.40040131339,-6341.23568040861,4
Cell_1356,3881.96862147753,-6329.4396039604,5
Cell_1357,7745.02276634298,-6335.1546717465,0
Cell_1358,10564.9938580799,-6321.67245080501,3
Cell_1359,11435.3017515494,-6350.47383454594,3
Cell_1360,1210.55130468903,-6352.12222876202,2
Cell_1361,3362.83209062231,-6353.47490679667,5
Cell_1362,9674.20909603651,-6362.78890427114,3
Cell_1363,668.818071629653,-6377.66312167657,2
Cell_1364,4429.31807243059,-6379.08980454305,4
Cell_1365,6735.64885928248,-6365.70628700801,4
Cell_1366,12836.4451433706,-6347.70043297116,6
Cell_1368,7618.38269794721,-6382.39032258064,0
Cell_1369,13539.3653628271,-6375.00199622336,1
Cell_1370,2614.5622121981,-6387.17752090969,5
Cell_1371,3147.23361192681,-6382.53209848656,5
Cell_1373,1559.17230701172,-6403.56381331564,2
Cell_1375,9018.15551590842,-6377.41966498166,3
Cell_1377,2412.40823432284,-6365.15233856204,5
Cell_1378,7298.99902045737,-6379.26571977546,0
Cell_1379,8542.13165625167,-6402.61379052502,0
Cell_1380,4608.70689574017,-6380.48745587197,4
Cell_1381,12169.6357644817,-6401.17632111804,3
Cell_1382,3586.13225729884,-6400.3489200095,5
Cell_1383,4005.0142024585,-6404.41187129634,5
Cell_1385,9495.29001733961,-6404.29417884568,3
Cell_1387,13653.531752268,-6418.71969426388,1
Cell_1390,10739.602698015,-6435.09631913663,3
