ID,x,y,label_3PCs_k7,label_10PCs_k7
Cell_9,4980.7776640043685,-49.771247184108134,6,6
Cell_10,8729.177424962336,-53.473113918182875,0,2
Cell_13,11547.566359203338,-46.31549262675519,0,2
Cell_15,3280.980263748094,-37.612810621691935,2,6
Cell_16,7582.7936012936025,-45.350311850311854,0,6
Cell_17,4691.683640913357,-50.13700344072568,0,6
Cell_20,12817.143809250214,-48.9578282102844,0,6
Cell_21,3426.1749157353197,-91.88149725031045,2,6
Cell_22,5157.435323646905,-84.1451196662778,0,6
Cell_23,1480.0390641541394,-61.31039593478721,1,4
Cell_24,9461.603944409204,-55.56052130788304,0,2
Cell_25,12633.158039509875,-58.75377177627741,6,0
Cell_26,10688.079207301826,-73.60596399099775,6,0
Cell_27,12065.723040430503,-73.38752389718898,0,2
Cell_28,13121.71030541168,-81.66815502768351,0,2
Cell_29,4216.013943165919,-74.05760602113186,0,6
Cell_30,569.0051671412,-78.53595908467784,4,4
Cell_31,2851.3394525758704,-89.30364673778219,1,3
Cell_33,1324.5454385139901,-97.24617916764635,3,5
Cell_34,3272.789499036609,-134.01750160565192,0,6
Cell_35,9137.065470020189,-125.94064051503081,0,2
Cell_36,9265.449904807234,-122.75309376487387,4,0
Cell_37,3603.864777989649,-138.48084990465813,6,6
Cell_38,9856.904745430433,-126.79167387418556,0,2
Cell_40,9993.975459803054,-133.46355442088262,0,2
Cell_41,11006.365663322185,-135.47829931188252,4,4
Cell_42,11766.123323096816,-133.09269435914013,6,0
Cell_43,4510.078200147984,-143.75221975582687,0,6
Cell_44,12922.530949105912,-127.16596127393926,6,0
Cell_45,13714.760391198044,-154.93925470027818,3,4
Cell_47,9423.857943349753,-159.9070197044335,6,0
Cell_48,2553.5340472267985,-168.39476935749587,3,5
Cell_49,6873.3405355916675,-157.09036392767226,6,0
Cell_50,7081.700869066164,-173.70480446011314,2,6
Cell_51,5523.493848136865,-177.94879306304196,5,3
Cell_52,4053.37271828073,-166.74453736174806,0,6
Cell_53,6314.988253319714,-157.1312199036918,6,0
Cell_54,1033.0219326128417,-159.98455181182453,6,0
Cell_55,2246.444957460054,-187.9717783772567,5,3
Cell_56,2811.9539800995026,-173.63814262023217,5,3
Cell_57,11304.52256939036,-170.8976355876764,0,2
Cell_60,8723.938967838445,-197.695188232361,0,2
Cell_61,10627.521561338292,-188.58451053283767,6,4
Cell_62,11822.7615325532,-214.45484118736732,0,2
Cell_63,934.0705424649491,-184.90604125376203,4,4
Cell_64,10469.804669122545,-224.0120278727087,0,2
Cell_65,5405.77069525377,-217.97807037053508,6,6
Cell_67,12753.131171506411,-253.0161472523091,6,0
Cell_68,1346.5820117314795,-255.12280034759942,3,5
Cell_69,2669.91797211224,-235.11766224823552,5,3
Cell_70,6022.428537635426,-239.60476888867862,6,6
Cell_71,8838.501323537355,-247.52298633245098,6,0
Cell_72,2801.523310572169,-282.032728985166,5,3
Cell_74,3288.2227020357805,-253.98379227188602,1,6
Cell_76,1020.5396060352052,-297.10435875942994,6,0
Cell_77,9739.765544601125,-258.26415020228603,0,2
Cell_78,10631.29537489891,-305.8981014364385,0,2
Cell_79,3603.870642280611,-289.74506268246614,0,6
Cell_80,6890.985098709189,-292.28753796507215,4,5
Cell_81,12261.389775603171,-307.4996456892188,0,2
Cell_82,907.5889338731444,-326.16010796221315,2,4
Cell_85,7611.680854533593,-311.77279028049577,0,6
Cell_86,1540.9478713179171,-312.2009950811331,5,3
Cell_87,221.481114078596,-311.75810759252187,2,6
Cell_88,10343.778746367789,-323.97421705640886,6,0
Cell_89,2668.301729905381,-324.6981745197362,5,3
Cell_90,13298.490532804932,-341.42092323499185,2,1
Cell_92,4919.2073907787935,-341.8150002878029,1,3
Cell_93,8243.81430278756,-347.4145159727381,0,2
Cell_94,8525.112070605242,-350.19606649674745,0,2
Cell_95,4367.885552096685,-362.9529848013185,0,6
Cell_96,9874.984245630174,-354.5161568537259,0,2
Cell_97,4236.00553303738,-373.7048832271762,6,6
Cell_99,4009.928921568628,-356.9109477124183,4,0
Cell_100,8916.875944641719,-364.5000910498042,0,2
Cell_101,3486.9976223499107,-377.9730037646127,0,6
Cell_102,1196.0749902152645,-356.881252446184,4,0
Cell_103,11586.146847890765,-398.0127775515956,0,2
Cell_104,113.55008371341148,-393.3266555048785,3,5
Cell_105,11266.302676317118,-366.4395556303652,0,2
Cell_106,9341.235639880952,-364.4475446428572,0,2
Cell_107,9724.855300673924,-398.2109253499223,6,0
Cell_108,2213.414953751285,-389.26176772867416,5,3
Cell_110,5937.647169574495,-416.55985105225716,6,0
Cell_111,563.179523752922,-414.4234716113951,0,6
Cell_113,4112.985992586846,-439.3453150590465,0,6
Cell_114,7674.855403753122,-427.9383339535378,2,1
Cell_115,12637.866247755836,-438.6461563571078,6,0
Cell_116,1467.2185413188647,-445.3098393155259,5,3
Cell_117,8116.014514348785,-444.1738962472406,6,2
Cell_118,7820.841310189557,-448.1179097973709,0,2
Cell_119,12177.441651529285,-441.49629338700964,6,0
Cell_121,4900.319013164506,-473.9714099085519,6,6
Cell_122,6866.15373823581,-453.61641433331386,5,3
Cell_123,1275.9749443745768,-453.59915836316145,2,1
Cell_124,10801.314967767928,-484.07295863550905,2,1
Cell_125,5641.312541347699,-482.43852187883937,0,6
Cell_126,9934.885729775317,-464.78531413770247,6,0
Cell_127,9067.296395330899,-483.4840335270222,0,2
Cell_129,8947.835058849172,-501.53116826503924,0,2
Cell_131,10643.39586998088,-519.3427151051625,0,1
Cell_132,2229.6226002188396,-538.5165622202328,1,3
Cell_134,2784.7742473486146,-542.4450906602806,3,5
Cell_135,1263.3697005438698,-561.4461699757552,1,4
Cell_138,3535.085668676836,-542.8382405108194,0,6
Cell_139,3946.0989238410602,-581.9279210028383,6,0
Cell_140,7586.721425522835,-567.0376440460948,0,2
Cell_142,7417.800834109766,-600.3370602067528,0,6
Cell_143,1362.9635472888815,-590.4434941459771,1,4
Cell_144,8636.667563884157,-586.4473935264054,2,1
Cell_145,9373.896543638324,-620.5926933358345,6,0
Cell_146,9657.67508261049,-615.9554935976869,6,0
Cell_147,1841.6568400854737,-632.9355457677381,1,3
Cell_148,5819.910818514999,-603.3552327948962,4,4
Cell_149,10940.970249470583,-639.9638448427249,6,0
Cell_150,3404.89634551495,-635.1078405315615,5,3
Cell_151,12572.14918703564,-628.1883816087003,3,5
Cell_152,4779.012954747116,-632.0201952085182,0,6
Cell_153,11057.109207400475,-643.6434381973941,2,2
Cell_154,11168.432211101,-655.3500151653018,6,0
Cell_155,4292.127796148609,-637.855281073721,0,6
Cell_156,10519.834275436791,-646.1267343268242,6,0
Cell_157,7097.4574814814805,-676.3642469135802,6,0
Cell_159,1671.3903292791456,-668.3987540789084,5,3
Cell_160,4545.6214574898795,-676.2134362348178,0,6
Cell_162,5950.0987458046275,-673.9942589648473,0,6
Cell_163,6704.930770401175,-686.2334026474616,5,3
Cell_164,1317.4340107891105,-692.6813448751724,1,4
Cell_165,3561.4000460087423,-685.5635495744191,4,4
Cell_166,11700.779482595957,-680.25016137842,3,4
Cell_167,3223.252509821039,-667.8535137494544,2,1
Cell_168,3731.8066116994255,-680.9378687819936,6,6
Cell_169,3913.011418667482,-697.5043074884029,4,4
Cell_171,9213.22739018088,-708.3771486349848,6,0
Cell_172,12084.397770307649,-695.1128037104803,4,4
Cell_173,5614.942710180915,-711.5579401679083,6,0
Cell_174,12519.819557021678,-718.9760603204522,4,0
Cell_176,13014.974554225984,-719.7083195383815,4,4
Cell_177,6393.110025363771,-740.7602456280872,0,6
Cell_178,13535.715902008726,-741.6231362960832,4,4
Cell_179,6932.335108230121,-713.6905891885635,5,3
Cell_180,4401.292594859241,-732.3090575275398,6,0
Cell_181,1122.0925258204486,-730.0242620546353,3,5
Cell_182,5458.770682457187,-720.2836755559343,0,6
Cell_183,10025.159345083654,-756.3313500939429,6,0
Cell_184,10403.334663596828,-748.7111281657711,0,2
Cell_185,8280.727639181261,-770.2260491781252,2,2
Cell_186,9465.485736836172,-750.6728680422445,6,2
Cell_187,12132.393776983772,-790.8235075182373,4,4
Cell_188,4188.768833794425,-772.7336667376038,0,6
Cell_190,11060.377275296778,-778.4997173544375,4,4
Cell_191,9881.11054319503,-801.1502806173581,6,0
Cell_192,5276.054602336609,-795.4436134330548,0,6
Cell_193,8461.276511437909,-771.2752859477124,2,2
Cell_194,818.8129784186873,-796.3022371475134,2,1
Cell_195,7467.520177315806,-806.1393050035667,6,1
Cell_196,1440.0329164297893,-813.5073337123364,3,5
Cell_197,1555.0842368247384,-793.4481003111155,3,5
Cell_198,4648.338248919086,-791.543545398394,0,6
Cell_199,4754.171814092952,-813.9931034482759,6,4
Cell_200,6967.80464987545,-831.0357597564351,3,5
Cell_201,11574.510636913667,-817.9962917181706,3,4
Cell_203,2837.4873761725257,-842.3512755325678,5,3
Cell_204,3234.9841057833582,-840.0728373625395,2,1
Cell_205,7907.473266692754,-831.1210202411867,0,6
Cell_206,9231.32137477206,-838.3152303179261,2,1
Cell_207,12877.200545962418,-800.5469781615033,6,2
Cell_208,11373.040512739355,-842.5637495384291,4,4
Cell_209,13055.215065568773,-826.7362000609943,4,4
Cell_210,13185.68795831725,-840.0530683133925,6,0
Cell_211,4038.0562568749683,-828.5061547325964,0,6
Cell_212,11875.328105794091,-826.9615140083922,4,4
Cell_214,12336.856854838708,-839.0049395161292,2,4
Cell_215,5526.636273044344,-844.9705406078723,6,0
Cell_216,10719.623397702679,-855.1961461628099,4,4
Cell_217,10356.890306122448,-861.6840534085976,6,0
Cell_218,3550.542351973684,-843.359022556391,6,6
Cell_219,10953.944621983012,-875.4612732318559,4,4
Cell_220,8471.899555696604,-874.9891568814135,0,2
Cell_221,4976.649381572855,-859.7859316092334,0,6
Cell_222,12690.877985948478,-864.8534292405487,0,2
Cell_223,11714.546982947966,-886.4602851323829,6,2
Cell_224,4411.115720355349,-889.5402085747393,6,6
Cell_225,13788.879467944273,-881.0151925865221,4,4
Cell_226,6485.44718427191,-893.6447184271908,0,6
Cell_227,4637.071612249669,-900.607730070911,6,6
Cell_228,9517.001178244887,-914.0714958997078,6,0
Cell_229,888.5757215997626,-900.4687244935817,3,5
Cell_230,3716.0996859269458,-895.1677064062299,0,6
Cell_233,4138.465340086831,-921.8537626628076,6,0
Cell_234,8235.884081956903,-933.8971897653172,4,5
Cell_235,6364.3886380603635,-948.9359735504283,0,6
Cell_236,1004.05445609724,-910.2877265347316,3,5
Cell_237,12384.059204840105,-932.5363625138907,2,1
Cell_238,12538.381911037894,-952.6380230642503,0,2
Cell_239,10618.739328828051,-977.380003465604,3,5
Cell_241,7647.799540807959,-972.912644180834,4,4
Cell_242,11272.80827586207,-988.9543336439888,6,0
Cell_243,10170.079534289644,-994.6602967184123,4,4
Cell_244,11875.101639344262,-1008.2096753455479,0,2
Cell_248,13789.853722778797,-1034.7488358967123,3,4
Cell_250,9584.54918115649,-1013.0953801051356,4,4
Cell_252,8028.457284185229,-1024.2768912612134,0,2
Cell_253,10793.503522071647,-1036.5420300550113,0,2
Cell_254,2758.049290125933,-1040.1873746691265,5,3
Cell_255,6528.879456758331,-1041.3168705355774,6,6
Cell_256,12850.602546612097,-1056.857094133697,6,0
Cell_257,7451.838360655738,-1045.0294426229511,6,0
Cell_258,11622.243741113929,-1048.0291772269272,3,5
Cell_259,9090.296832402959,-1049.5523821887575,4,4
Cell_260,5726.84800769277,-1047.9308251697819,6,6
Cell_261,9885.527298850577,-1062.934996516893,4,4
Cell_262,1158.2631078610602,-1049.030786106033,6,0
Cell_263,4688.951023017903,-1067.625063938619,0,6
Cell_264,10169.6361287147,-1071.7567833630717,1,4
Cell_265,1401.7751695608256,-1073.6066669873492,5,3
Cell_266,5973.407987992996,-1080.0243892270494,2,6
Cell_267,2219.5365330694376,-1065.068283028204,5,3
Cell_268,6861.253837342498,-1087.3738067964873,1,3
Cell_269,5350.215682605034,-1092.2439880228314,0,6
Cell_270,3621.745719435266,-1094.893311304696,3,5
Cell_271,4779.453811149033,-1120.6374288964732,0,6
Cell_272,12342.631908862968,-1114.8084596097242,0,2
Cell_274,5714.3488341457,-1140.0393228823607,0,6
Cell_275,12462.33503613934,-1126.377805554046,6,0
Cell_276,8655.813805871463,-1158.379925945517,4,4
Cell_277,3505.2885793366304,-1141.8498570715547,5,3
Cell_278,4218.858736372437,-1178.4572547038767,2,1
Cell_279,8232.027050359713,-1137.581525179856,4,4
Cell_280,3237.8386755461506,-1155.9821995394286,6,6
Cell_281,4097.700735014573,-1167.0656444050185,1,4
Cell_283,4985.3519181423635,-1138.5043874932685,0,6
Cell_284,8388.112646338142,-1179.3130955622107,4,4
Cell_285,9025.984789508351,-1174.2736091981556,1,4
Cell_286,7018.495564817785,-1165.7564924655342,5,3
Cell_288,11466.457379952086,-1179.7401826325474,0,2
Cell_289,1651.9758322198336,-1173.2016499157617,5,3
Cell_290,10526.49812990002,-1176.5273322304538,3,5
Cell_291,11021.974076176572,-1193.6643689346633,0,2
Cell_292,6833.349398519434,-1185.31238433066,6,0
Cell_293,13748.329299796058,-1176.3699524133242,2,1
Cell_295,5269.87147044106,-1207.2169561798555,4,4
Cell_296,1782.2939571602717,-1199.7851047773845,5,3
Cell_297,7913.049481461398,-1202.2432047719108,3,4
Cell_299,1410.5652382256299,-1200.8370755750275,1,1
Cell_300,9967.59226133354,-1219.4179494069326,0,2
Cell_301,9134.174335930837,-1216.9567715147036,4,4
Cell_302,2631.9889615699103,-1228.5536152318655,5,3
Cell_303,9536.791261403903,-1238.4927618185932,0,2
Cell_306,4676.9663387267265,-1257.9059273111634,0,2
Cell_307,12803.096144153225,-1233.0880166330646,0,2
Cell_308,8358.900085198668,-1266.2943226705909,1,4
Cell_309,7821.148222222222,-1243.6683703703704,4,4
Cell_310,10336.177042171406,-1238.51091533329,4,0
Cell_311,4518.31580575317,-1240.4608722548714,0,6
Cell_312,12926.94379032258,-1253.750806451613,4,4
Cell_313,8008.630755922279,-1264.6760713335111,3,4
Cell_315,3399.126559991715,-1262.722748692455,0,6
Cell_316,244.6287343732296,-1283.5447369414965,2,1
Cell_317,13013.608494085049,-1234.7541830970904,4,4
Cell_318,907.7424593101387,-1306.317455577124,3,4
Cell_319,12211.03347689898,-1270.9087705559907,2,1
Cell_320,1874.2156063389987,-1295.1897680293982,5,3
Cell_321,3682.6929732128,-1292.338860850757,0,6
Cell_323,13102.10534591195,-1321.4647151313354,4,4
Cell_324,1420.7231046750517,-1323.8061331863507,3,5
Cell_325,12084.743488519829,-1292.0264089300301,0,2
Cell_326,9336.888855204821,-1318.031641972034,6,2
Cell_328,4339.851014514781,-1319.2253970666466,0,6
Cell_329,5111.3915163528245,-1358.1383548067392,0,6
Cell_330,10808.13406170005,-1349.8987148022065,6,0
Cell_331,11487.258774970069,-1343.8830109017579,0,2
Cell_332,12785.843337541604,-1335.4775048777688,6,4
Cell_333,2678.3182706544267,-1336.9607936037905,5,3
Cell_334,7341.835791327317,-1349.8813559322036,5,3
Cell_336,4549.232661121418,-1361.5315660343485,0,6
Cell_338,5286.568024657209,-1359.0026079740785,0,6
Cell_339,7801.812566813161,-1377.1052381517995,0,6
Cell_340,520.6127119039836,-1356.9005744174099,3,5
Cell_341,11263.332696206198,-1382.350651607298,4,4
Cell_342,12231.851927946867,-1400.6383964833483,2,1
Cell_343,3418.4048114048114,-1402.9916097416094,4,4
Cell_345,1884.8684348586414,-1420.5523754007581,5,3
Cell_347,3651.897558775441,-1431.5226926763266,0,6
Cell_348,12515.65684088044,-1408.8456317269465,4,4
Cell_349,12814.775857621873,-1427.9007823918835,4,4
Cell_350,8606.801302594851,-1439.087770081671,6,0
Cell_351,11921.279118102537,-1448.923017360828,6,2
Cell_352,1381.7812342074235,-1457.6785333258465,5,3
Cell_353,6039.782731413176,-1478.4570530502274,4,4
Cell_354,9338.68210351012,-1460.4029592621064,6,0
Cell_356,4828.046897408929,-1483.0851419829812,0,6
Cell_357,9021.601371815428,-1493.9685551398538,0,2
Cell_358,10070.065643648764,-1512.1239556692242,4,0
Cell_359,8652.023365617433,-1512.2102300242132,6,0
Cell_361,3892.744397033846,-1507.4135631136335,0,6
Cell_362,5940.649929720445,-1522.7412931438391,1,4
Cell_363,3372.3893036801696,-1520.3337039978821,3,5
Cell_365,5579.130817542541,-1514.1553491867521,3,5
Cell_366,12309.481344291391,-1523.199405795424,0,2
Cell_367,6613.906113865104,-1529.3347979570374,0,6
Cell_368,13328.381576046217,-1542.7372668342373,2,1
Cell_369,7285.562084384315,-1527.72500573263,6,0
Cell_370,11480.571652224571,-1544.270006553557,0,2
Cell_371,2670.02129210266,-1551.7145608829196,1,4
Cell_372,5232.357457993055,-1552.6270064770486,3,5
Cell_373,7951.528514180024,-1548.5387638717632,6,1
Cell_374,9329.186835511613,-1559.2030879664114,6,0
Cell_375,10198.444671111554,-1568.58717285302,4,4
Cell_377,8815.330976040968,-1574.9546424434554,6,0
Cell_378,1263.9676511954992,-1584.2507383966245,2,6
Cell_379,4811.229307944493,-1601.9833834822832,1,6
Cell_380,7712.822645208726,-1590.6856465975004,4,0
Cell_381,6921.35606120047,-1594.4918399372302,2,1
Cell_382,6774.151265250791,-1587.3880855550533,0,6
Cell_383,10561.55147405105,-1604.5712065555242,6,0
Cell_384,1630.314853123707,-1605.2841184467165,3,5
Cell_385,4273.595708472069,-1617.9510173880874,6,6
Cell_386,1891.352522068096,-1631.1255359394704,1,5
Cell_387,8604.25672490294,-1641.9932057681644,6,0
Cell_388,12538.948207171316,-1650.7361802788846,0,2
Cell_389,7384.247604491212,-1664.4267238845453,6,0
Cell_390,9048.916102136529,-1656.910512103842,6,0
Cell_391,11095.62515921944,-1657.234778621287,6,0
Cell_392,12375.602452775835,-1663.4284949997946,0,2
Cell_393,8721.750589885849,-1658.3615840826476,6,2
Cell_395,10370.918618988902,-1666.2062938937436,4,4
Cell_396,11912.445192030033,-1668.4719896043896,0,2
Cell_397,6650.4467858095495,-1672.9958388903708,6,0
Cell_398,400.7796357439557,-1686.336031526254,2,6
Cell_399,5471.524020694753,-1693.791512687854,4,4
Cell_400,10638.058233159449,-1695.1551372193244,6,0
Cell_401,3419.9983596719344,-1726.070774154831,1,6
Cell_403,1471.2128239350461,-1712.6989767545324,5,3
Cell_404,7607.075434584839,-1729.914509109685,0,6
Cell_405,1831.4354441464616,-1723.4058343823544,5,3
Cell_406,5065.355604680413,-1720.8317261882073,0,6
Cell_407,2349.474271378243,-1720.2228034589514,5,3
Cell_408,12812.437598142964,-1741.9230900525704,6,0
Cell_409,9733.717967825363,-1736.826853110069,0,2
Cell_410,4820.262720426157,-1761.05239713446,0,6
Cell_411,3513.174202923327,-1762.3725104709806,0,6
Cell_412,733.2044486082988,-1771.3279639759437,0,6
Cell_413,8600.527366825241,-1774.0475194730514,6,0
Cell_414,4057.067257627265,-1769.6167649210379,0,2
Cell_415,6136.4003870967745,-1775.3680645161292,5,3
Cell_417,10084.821558089743,-1763.1215100275265,6,0
Cell_418,4429.864528895429,-1793.2527779187176,0,6
Cell_419,9595.376568136542,-1791.3767296613364,0,2
Cell_420,204.1443283279221,-1795.1033887987012,4,4
Cell_421,3672.704542409219,-1792.4679753450355,0,6
Cell_422,10459.302942019294,-1792.1985385423634,6,0
Cell_423,5896.952767476034,-1780.5055629417113,6,0
Cell_424,4560.327047146402,-1782.5743353420773,4,0
Cell_425,5415.581635128578,-1823.507459970888,6,0
Cell_426,6628.4957377424325,-1848.1031523542536,4,6
Cell_428,11077.685434516523,-1823.6418715923,6,0
Cell_429,10945.871798263017,-1827.3464709253626,0,2
Cell_430,12398.754018852429,-1850.6793131771426,0,2
Cell_431,2935.454494565471,-1864.351121892056,3,5
Cell_433,11521.912485035913,-1855.559806464485,0,2
Cell_434,3673.2362827270367,-1916.2506264581355,6,6
Cell_435,4553.741418145779,-1882.765294170646,4,4
Cell_436,7434.632677140906,-1879.2082220704215,4,4
Cell_437,6522.6623754996945,-1887.0981773832918,3,5
Cell_438,9102.99012175511,-1894.6172371544528,2,1
Cell_439,9521.011093890203,-1887.813524757321,4,4
Cell_440,1536.7712510590231,-1891.643547020616,5,3
Cell_441,13458.360749759693,-1876.3920858699132,3,5
Cell_442,3242.135306712745,-1879.9758461365088,0,6
Cell_443,7074.874133575177,-1912.112262745352,4,0
Cell_444,11999.200987188733,-1906.7081692640447,2,1
Cell_446,8733.114543422733,-1890.6914112388247,4,4
Cell_447,8474.954367841905,-1922.1116101504606,0,2
Cell_448,6337.715992209479,-1926.7234364856088,2,1
Cell_449,4077.5133860172573,-1944.415974518184,0,6
Cell_450,8905.059566672984,-1946.883203840566,6,0
Cell_451,2229.736591333462,-1914.5755585602988,5,3
Cell_452,4247.094197583291,-1951.053044048952,6,0
Cell_453,8262.113869907673,-1938.938500860675,4,5
Cell_454,10193.01467637222,-1947.499547511312,0,2
Cell_455,2129.236849648846,-1940.4930485882185,3,5
Cell_456,5990.443538355217,-1951.1027643400141,3,5
Cell_457,11876.677513711153,-1965.2455210237658,6,0
Cell_458,13693.87027148306,-1979.586538030065,3,4
Cell_459,13803.298437071566,-1978.0406909788867,3,5
Cell_460,8074.151013617058,-1971.4722623582468,0,2
Cell_461,1327.4412436755345,-1995.0072221315488,5,3
Cell_462,9605.875577206069,-2014.5757852539707,1,0
Cell_463,12071.3768993552,-2002.1645079899076,2,1
Cell_464,1674.5398886827459,-2012.0047928262213,5,3
Cell_465,11673.334576106336,-2048.1997622521208,0,2
Cell_466,2221.314025571484,-2048.078264238667,5,3
Cell_467,12249.327046035804,-2019.002628587667,2,1
Cell_468,2522.381536066929,-2026.619047619048,1,4
Cell_470,9914.660955638134,-2043.864086290243,0,2
Cell_471,2086.1667300139366,-2050.7697960217915,5,3
Cell_472,5163.644534376946,-2058.5639953749,2,1
Cell_473,12614.597120523991,-2083.2944974820034,0,2
Cell_474,3174.1782348346783,-2071.441655818797,6,6
Cell_476,4701.313734798963,-2088.9599751670744,0,6
Cell_477,6500.3934709842415,-2062.2763548835987,4,4
Cell_478,11264.252663549149,-2100.9192016583906,0,2
Cell_480,9130.210666946088,-2110.9741185099806,6,0
Cell_481,10750.387593222124,-2129.2167233246373,2,1
Cell_482,3428.0169431835966,-2106.3017295351387,0,6
Cell_483,337.5853822716644,-2104.651668674272,0,6
Cell_484,12088.098012078508,-2121.443256165073,6,1
Cell_485,3812.059185918592,-2124.0699669967003,6,6
Cell_486,5413.996319292114,-2132.8005725545604,0,6
Cell_487,8682.971725193762,-2126.9429719644054,2,1
Cell_488,10433.53763899367,-2137.1695804769247,0,2
Cell_489,12316.578089530554,-2127.0053119041127,0,2
Cell_493,11364.6960888216,-2163.473832954832,1,3
Cell_494,11064.726384708802,-2149.4633296372563,0,2
Cell_495,2620.13862968723,-2182.8433125972006,5,3
Cell_496,8496.021765913758,-2185.2718685831624,6,2
Cell_497,12201.394696738798,-2176.772833485726,6,0
Cell_498,6304.2727411090245,-2183.4504084014,1,4
Cell_500,5189.623860157356,-2246.767949435428,6,6
Cell_501,3177.2049806178784,-2189.509691060731,3,5
Cell_503,13042.421541944,-2206.336791613894,2,1
Cell_504,3705.1120896717375,-2216.756605284228,6,6
Cell_505,9477.672614832647,-2217.9689373554265,0,2
Cell_506,7248.250865392733,-2222.635944052008,0,6
Cell_507,7624.078644475637,-2212.610266693403,6,0
Cell_508,2081.3231816079806,-2257.276474862919,5,3
Cell_509,8784.93323505635,-2217.8636169099814,0,2
Cell_510,4035.588924802368,-2205.416488181004,0,6
Cell_511,11604.559972700903,-2249.071796621737,0,2
Cell_512,3560.021199402433,-2230.532759479263,0,6
Cell_514,6576.766605363329,-2262.367477866644,0,6
Cell_515,12233.935237588788,-2282.498119800965,0,2
Cell_516,10307.7912354021,-2276.357497168301,6,0
Cell_517,6417.2165647214415,-2279.929575136386,4,4
Cell_518,1581.4925633206797,-2294.6060115750824,1,5
Cell_519,10558.718125372121,-2298.1801054690827,6,0
Cell_520,6947.637525399662,-2306.617523930766,0,6
Cell_521,9010.966353174836,-2302.794322098253,6,0
Cell_522,3166.387577738797,-2301.763275394674,3,5
Cell_523,12545.926479971644,-2277.1313954862344,0,2
Cell_524,3356.3993684210527,-2300.6416842105264,0,6
Cell_525,3607.285243249969,-2318.8582182406367,0,6
Cell_527,9188.23651235642,-2302.8447035618983,4,4
Cell_528,1357.3006037496027,-2342.230695900858,3,5
Cell_529,8217.042637122833,-2311.1021444458434,0,2
Cell_530,9380.86202759448,-2317.1535692861426,6,2
Cell_531,9794.00145658846,-2320.6014149716484,0,2
Cell_532,11382.334001359912,-2373.467845256415,6,0
Cell_534,4021.1535896529076,-2358.057090890719,0,6
Cell_535,1433.9199215558099,-2363.556545187122,3,5
Cell_536,10183.901622498648,-2359.514169821525,0,2
Cell_537,12979.17099544702,-2367.4846854304637,3,5
Cell_538,2676.5566769792567,-2385.187655322818,5,3
Cell_539,6299.526419146978,-2384.8474071801165,0,6
Cell_540,10913.24751222318,-2382.218521714121,6,0
Cell_541,3861.974471728218,-2394.6819473090245,0,6
Cell_542,9879.706016987946,-2402.255124357866,0,2
Cell_544,11910.411625450703,-2418.077575845868,0,2
Cell_545,56.79647507858107,-2397.136955545577,0,6
Cell_547,12793.886234223655,-2400.143997651893,6,0
Cell_548,4897.680806481654,-2403.217498603092,0,6
Cell_549,9065.103145478377,-2435.4258191349936,6,0
Cell_550,1519.775072054585,-2442.446326686665,5,3
Cell_551,12339.975925462732,-2476.5818534267128,4,0
Cell_552,8971.452567608629,-2480.7585536311153,0,2
Cell_553,8762.017298556959,-2481.3356637088823,4,4
Cell_554,10775.797955850589,-2477.902323376008,0,2
Cell_555,5875.07868852459,-2468.329309488326,0,6
Cell_556,9214.418371141688,-2491.5673732490395,6,0
Cell_557,7949.356976611088,-2481.914800259453,6,0
Cell_558,8375.271878188525,-2507.4260262145826,6,2
Cell_559,4675.608398987057,-2501.907357906584,0,6
Cell_560,8619.853753656158,-2505.9441555627773,3,5
Cell_561,10357.302654356608,-2515.3481438738213,3,5
Cell_562,10908.300122216908,-2515.183750464956,4,4
Cell_563,9323.36140485804,-2518.036210985067,0,2
Cell_564,11593.626422463134,-2542.1200592552686,4,5
Cell_565,11701.318829445454,-2543.315616706244,4,0
Cell_566,6260.788397992902,-2527.96724187166,0,6
Cell_567,3188.882249182585,-2567.109017380829,0,6
Cell_568,1894.2250187611846,-2578.2832650233795,5,3
Cell_569,7833.776540652511,-2592.445321940273,0,2
Cell_570,5160.499735589635,-2568.470474175921,2,1
Cell_571,4750.559976914432,-2604.1309498496407,0,6
Cell_573,9406.123972292356,-2577.8192529293715,6,0
Cell_575,9640.303373893803,-2588.301898967552,0,2
Cell_576,10758.184289426345,-2600.2797821307213,2,1
Cell_577,12354.714457624204,-2600.379061371841,0,2
Cell_578,3543.3048075567463,-2602.215423657127,6,6
Cell_580,11423.227783415483,-2617.730719049,0,2
Cell_581,4380.546015770907,-2625.934426229508,3,5
Cell_582,8859.519299087855,-2609.6089294287085,0,2
Cell_584,11070.157117198025,-2634.4453075886845,0,2
Cell_585,12081.764841321616,-2619.7217851797845,0,2
Cell_588,8246.641001506025,-2650.385604919679,1,3
Cell_589,8470.13893025315,-2634.5527025395418,6,2
Cell_591,6267.937185804589,-2662.7124583146688,0,6
Cell_592,6510.625669045496,-2635.121041480821,4,0
Cell_593,7153.1762709467575,-2640.240330905749,3,5
Cell_594,12681.634820112464,-2654.794944586996,6,0
Cell_595,8105.333286739353,-2696.457459696207,4,4
Cell_596,7388.5661657189285,-2676.173517465475,0,6
Cell_597,3604.544609213565,-2686.614136380212,2,1
Cell_599,10480.248647384944,-2700.224667690869,6,2
Cell_600,12540.942860037483,-2688.598348614559,0,2
Cell_601,5183.156844922487,-2704.9157703378282,6,0
Cell_602,5835.864819391135,-2696.002208317998,2,6
Cell_603,9499.308780891895,-2715.613074692807,6,4
Cell_604,1302.519166019166,-2723.030044030044,5,3
Cell_605,9599.84628111604,-2713.125517033917,6,6
Cell_606,12245.15578396733,-2707.899738448125,6,0
Cell_607,13766.040384044343,-2718.9851034346234,1,5
Cell_609,13659.665962099123,-2725.6951166180756,3,5
Cell_610,7883.186997767856,-2720.1506138392856,6,4
Cell_611,9169.415213523132,-2727.0021352313165,0,2
Cell_612,12035.212904248574,-2730.176918199112,6,0
Cell_613,10107.571923343341,-2753.158816285693,6,2
Cell_614,7146.9185265936085,-2762.6715244707093,0,6
Cell_615,4501.69393366558,-2749.463000515553,0,6
Cell_616,13152.812285427559,-2755.9526752231554,1,4
Cell_617,8902.434525080043,-2774.296157950907,4,5
Cell_618,11024.439561519934,-2761.817234429533,4,5
Cell_619,4278.245867313202,-2773.760800088164,4,4
Cell_620,6125.4983915167395,-2756.5185273442157,5,3
Cell_621,3308.4597887615632,-2755.24485710341,0,6
Cell_622,7457.7196646774655,-2762.8004167850713,6,0
Cell_623,9888.003608516095,-2774.2351148710964,0,2
Cell_625,10876.802909497832,-2805.5304238355016,0,2
Cell_626,12590.237799290864,-2814.2448109637066,0,2
Cell_627,7895.625663589843,-2823.6213592233007,0,2
Cell_628,8243.272920669777,-2836.964486686797,4,4
Cell_629,5898.841770908376,-2819.3095815050106,1,3
Cell_630,6639.1051018568605,-2828.540111772129,5,3
Cell_631,2876.790802927865,-2823.883220651506,1,3
Cell_632,11668.687449478086,-2821.1651846905424,0,2
Cell_633,6494.381793245329,-2835.134236242071,1,4
Cell_634,2423.914653383147,-2856.5571606475714,5,3
Cell_635,3480.760387252925,-2841.6495562726905,4,4
Cell_637,6720.130916154096,-2835.816769180965,1,4
Cell_638,7023.0975683496745,-2851.6259663974433,0,2
Cell_639,10540.23349022964,-2860.314113535873,0,2
Cell_640,13118.952590959208,-2869.3089104941364,2,1
Cell_642,10007.907065706573,-2862.7769464446446,6,0
Cell_643,11886.481489820206,-2864.1912772184883,2,1
Cell_644,9342.740478397924,-2883.394956424995,6,2
Cell_646,11330.104060473665,-2889.416553972052,1,0
Cell_647,153.16978417266188,-2884.2093525179853,0,6
Cell_648,8815.986072423399,-2901.769071794411,0,2
Cell_649,9542.045269286757,-2895.484958757885,0,2
Cell_651,3882.5834255502273,-2913.0630148776595,6,0
Cell_652,2398.603375896449,-2948.421199930033,5,3
Cell_653,8501.546103025661,-2934.131654538491,6,2
Cell_654,12926.02696931718,-2967.2590168500205,4,4
Cell_655,3129.341524757663,-2963.4027246528685,5,3
Cell_656,788.2033155847589,-2940.752010875722,2,1
Cell_657,629.8147021999642,-2968.1242622071186,1,4
Cell_658,139.79772757299511,-2972.3933148368346,1,3
Cell_659,2617.700547730829,-2972.7917057902973,5,3
Cell_661,9938.92293977813,-2987.0834653988372,4,4
Cell_662,10407.896252204586,-2975.6286596119926,0,2
Cell_663,4379.092704808373,-2990.079326355552,6,0
Cell_664,10044.187956529486,-2981.734307262901,1,4
Cell_665,5883.443242166755,-2986.6988847583643,6,6
Cell_666,4932.75169036061,-2986.1155079750347,0,6
Cell_667,11722.59234777574,-2967.6009842709636,4,4
Cell_668,10839.360551282769,-3006.0455285465673,0,2
Cell_670,2835.458720524252,-3002.1064618359565,1,3
Cell_671,11273.085073201784,-2999.802418841502,2,1
Cell_672,12515.513342882912,-3001.3748739986213,6,0
Cell_673,1547.1496354458775,-3013.925911385306,5,3
Cell_674,1244.6431395397228,-3048.4453785009778,3,5
Cell_675,13673.545295770371,-3012.4351887007365,3,4
Cell_677,3691.825081511895,-3024.4784446322906,0,6
Cell_678,9453.903776715135,-3035.8316580462565,6,2
Cell_679,8243.873990661907,-3026.989014007141,0,2
Cell_680,2358.0693064577763,-3043.666459686664,5,3
Cell_681,3817.7915890338036,-3058.4465264838973,6,6
Cell_682,8978.076134122288,-3061.6869822485205,6,0
Cell_683,9279.678230932202,-3050.1325918079096,6,0
Cell_684,10130.150963426933,-3068.4330378470195,5,3
Cell_685,12377.327016306743,-3068.518192057196,0,2
Cell_686,8573.483808719773,-3067.2795031055903,4,0
Cell_687,2728.1598922338057,-3085.2604544922106,2,1
Cell_688,9121.914787296995,-3070.5323821421525,4,0
Cell_689,752.2757794676806,-3086.247946768061,2,1
Cell_690,2569.6102011293106,-3095.052125624154,1,3
Cell_691,5730.760681240093,-3076.250562170532,2,1
Cell_692,5889.51979805979,-3106.5624133834885,2,1
Cell_693,3605.7832772705433,-3104.6440584883644,0,6
Cell_694,8421.82225890769,-3087.3010042646856,6,0
Cell_695,1971.5562997986167,-3089.067375886525,1,3
Cell_696,5281.154065090954,-3111.867838138844,1,4
Cell_697,12520.830922330095,-3119.364126213592,0,2
Cell_698,5162.241007777056,-3109.7346079066747,1,4
Cell_699,12843.98581861413,-3102.6895380434785,3,5
Cell_700,3109.3718163044546,-3115.296882682663,2,6
Cell_701,6561.9608535794105,-3126.322110878812,0,6
Cell_702,7830.611671430883,-3152.971414702551,2,1
Cell_703,964.340937256162,-3156.994675724056,1,3
Cell_705,8632.113784949228,-3152.7077479482537,4,0
Cell_706,10847.155834136933,-3134.1131629701063,6,0
Cell_709,10537.95958780511,-3176.676559977205,4,4
Cell_710,4695.3617613200295,-3208.645961243284,4,4
Cell_711,7599.75807988909,-3194.7172255437126,5,3
Cell_712,13191.12100886918,-3199.390687361419,4,4
Cell_714,3493.991927671941,-3211.808976428802,0,6
Cell_715,1957.646922915354,-3218.7018133445354,5,3
Cell_716,2296.2310702272257,-3240.326354088007,5,3
Cell_717,9433.626521030948,-3237.342962537128,6,0
Cell_720,4851.737790343145,-3222.5469261045514,6,6
Cell_721,3163.1275102185887,-3261.2718144659675,0,6
Cell_723,9179.914874057731,-3251.3877918735056,0,2
Cell_724,5420.8777454780375,-3292.023158914729,0,6
Cell_726,3398.559895833333,-3276.1953125,0,6
Cell_727,4023.7366710306533,-3294.917972100582,4,4
Cell_729,3834.5000666933443,-3289.026277177538,0,6
Cell_731,2607.8250893921336,-3307.973513441929,5,3
Cell_733,8987.674425934263,-3300.910895992796,0,2
Cell_736,4817.730285572694,-3353.1290962026887,3,5
Cell_738,12381.584829928472,-3345.110070498637,6,0
Cell_739,2867.6110561353003,-3324.503643396905,1,3
Cell_740,8490.711434580016,-3372.4931343037397,6,0
Cell_741,13336.230149253734,-3368.38592750533,4,4
Cell_742,3517.274737394958,-3374.0822478991595,3,4
Cell_743,8228.23807147135,-3367.2023857057293,6,0
Cell_744,2287.453808353808,-3369.241400491401,5,3
Cell_745,3293.569457448381,-3367.3803281919872,0,6
Cell_746,7617.107940131913,-3355.62626839168,6,0
Cell_747,6150.335023493221,-3418.905993306967,6,6
Cell_748,6928.143421017059,-3400.29711535862,0,0
Cell_749,1369.396909098284,-3414.7760110331396,3,5
Cell_750,7824.126729013832,-3414.1990815926533,3,5
Cell_751,13568.302459877006,-3446.259149542523,5,3
Cell_752,2826.7049630060687,-3478.2824839970067,1,5
Cell_753,10959.170543849212,-3460.281254892139,0,2
Cell_754,6394.790090750239,-3460.9673637337237,4,0
Cell_755,7990.409354937328,-3482.447072760624,2,1
Cell_756,2258.627073815821,-3489.1977037749457,5,3
Cell_758,7090.425116237482,-3469.077297925608,1,0
Cell_759,3410.134151547492,-3543.6117395944507,3,5
Cell_762,9857.723982184305,-3496.256790665579,0,2
Cell_763,9392.922944871445,-3495.693496156997,0,2
Cell_764,1501.3238988068535,-3497.6942675159235,5,3
Cell_765,8820.197089332714,-3515.3965010063475,6,0
Cell_766,4729.792425771498,-3524.964147235353,2,6
Cell_768,8236.942511525276,-3519.266952992632,0,2
Cell_769,12119.74165046225,-3520.751100194453,0,2
Cell_770,5463.881487558107,-3538.7068635493574,4,5
Cell_771,6352.536599241466,-3533.610872313527,4,4
Cell_772,8686.976694141053,-3553.2972918104674,0,2
Cell_773,7471.354924142106,-3569.817449207371,4,4
Cell_775,8911.174744494785,-3555.4040670108525,0,2
Cell_776,4185.253319768687,-3567.887342043264,6,0
Cell_777,7130.722304011779,-3569.7008342534664,1,3
Cell_778,11851.669934346612,-3558.2161165572443,2,2
Cell_779,11246.724559725877,-3575.227109729859,6,0
Cell_780,12516.297523681887,-3568.8437452407784,4,4
Cell_781,5946.968055960361,-3618.711804138735,4,4
Cell_782,3807.418459370596,-3605.9641615782057,2,6
Cell_783,1103.228938049995,-3607.852504995968,3,5
Cell_785,7270.183200653195,-3609.4439001156697,0,2
Cell_786,1601.9652957247283,-3611.8314996677254,3,4
Cell_787,4482.7217903849705,-3657.3498250138146,0,6
Cell_788,4799.313381585592,-3636.806261572126,2,1
Cell_789,738.7914231950084,-3633.9874550196423,2,6
Cell_790,7679.134628780935,-3652.242566452796,0,2
Cell_791,11784.41925676884,-3671.1820522908547,2,4
Cell_792,12202.976982268316,-3657.1367346938778,3,5
Cell_793,6667.059836988934,-3653.126300443973,6,0
Cell_794,2969.7603951666233,-3621.2846321864417,1,3
Cell_796,7952.439248280926,-3664.4177515187926,0,2
Cell_798,12375.090340514244,-3671.052660026253,2,1
Cell_799,10333.018353271247,-3695.358570704906,0,2
Cell_800,6525.965982224946,-3709.46648570553,6,0
Cell_801,10033.637036250357,-3712.835209572359,0,2
Cell_802,1651.940743165821,-3723.521471053637,3,5
Cell_803,3609.479379251701,-3714.085778061225,0,6
Cell_804,5773.305833552805,-3762.9867658677904,0,6
Cell_805,8453.771813626678,-3728.040718769798,6,2
Cell_806,3776.402959899886,-3744.232493606834,0,6
Cell_807,8712.713638080846,-3742.9891386475256,0,2
Cell_808,9047.867991290146,-3744.6459240609693,6,2
Cell_809,8203.847209245143,-3735.3488566510937,4,0
Cell_810,8582.778913420987,-3762.574696105185,6,2
Cell_811,5417.186598249321,-3775.6600664050707,2,1
Cell_812,9408.94731475187,-3763.201903467029,2,1
Cell_813,6032.546969509936,-3774.3969880261693,0,6
Cell_814,9550.15698034176,-3795.349040887239,6,0
Cell_815,672.3368716827972,-3810.069466125508,0,6
Cell_816,3902.030204126791,-3796.885821762461,0,6
Cell_817,4230.941938231095,-3809.1690504220624,2,1
Cell_818,5895.4847195357825,-3791.68051948052,3,5
Cell_819,9276.418332742824,-3811.685832869363,0,2
Cell_820,3048.624989642887,-3808.400903140277,5,3
Cell_821,6704.930691592503,-3811.354298215085,4,4
Cell_822,12560.932523775837,-3808.8283423720814,6,0
Cell_823,10333.050259760705,-3816.2792034005042,0,2
Cell_824,1844.427432359792,-3810.702024726752,5,3
Cell_825,2236.4384177030906,-3841.228692650056,5,3
Cell_826,108.01540766103146,-3832.485020329553,4,4
Cell_827,1438.3206240057473,-3826.68994714425,3,5
Cell_828,8879.554695895122,-3829.4031807436068,6,0
Cell_829,3578.1234880227685,-3838.7704956913594,6,6
Cell_830,7448.770508826585,-3819.146733486839,3,4
Cell_831,10576.75194736842,-3822.1405789473683,0,2
Cell_833,6302.396338883975,-3841.6976118140215,0,6
Cell_834,12992.620841804732,-3845.9296621533936,1,4
Cell_836,2725.083333333333,-3874.883493418712,1,4
Cell_837,3774.1186925434117,-3865.1095675859724,0,6
Cell_838,4009.7132095420598,-3865.1050023128255,6,0
Cell_839,10959.01313668846,-3894.057625057017,0,2
Cell_841,9777.324634356179,-3914.9215989058257,0,2
Cell_842,12823.947593435389,-3842.2632280604976,3,5
Cell_843,1749.1158090305146,-3885.929343542394,5,3
Cell_844,3282.649566803465,-3904.619699042408,6,0
Cell_845,5861.074998143609,-3897.4433801143537,3,5
Cell_846,7759.2774593410695,-3892.388741320658,6,0
Cell_847,1063.2117562466294,-3894.467433638924,3,5
Cell_848,11682.884092443188,-3914.266658095207,0,2
Cell_849,6156.49393147399,-3933.7135798933086,3,5
Cell_851,7133.851342953809,-3923.460747082787,4,0
Cell_852,13123.788228652082,-3866.35525758645,1,4
Cell_853,5178.46541359105,-3925.994064378662,2,1
Cell_854,7322.985408943923,-3939.7301837684363,2,1
Cell_855,8919.350394226914,-3961.0973317296985,2,1
Cell_856,3863.6654873220455,-3937.3167382697334,6,0
Cell_857,8513.791838161062,-3981.2533587015614,6,2
Cell_858,12887.398082629536,-3975.5589134900706,3,4
Cell_859,782.4121625974361,-3939.2093023255816,1,3
Cell_860,12078.410949241746,-3982.0589511950297,6,0
Cell_861,7935.386518546414,-3958.638109583881,0,2
Cell_862,9099.131545899787,-3967.934321235715,6,0
Cell_864,3750.048136768298,-3970.447490742929,1,6
Cell_865,1034.2263843648211,-3998.237649294245,3,5
Cell_866,4769.427440025344,-3992.342337931631,0,6
Cell_867,9235.25814054998,-3998.9921431689213,0,2
Cell_868,3456.815540171251,-3988.7353798506106,0,6
Cell_869,12491.708645336963,-4008.2386355041217,6,0
Cell_870,10157.439786500612,-4012.1302494532783,0,2
Cell_871,10538.738789176137,-4038.88435150118,2,1
Cell_872,748.4462719298245,-4043.666860165119,5,3
Cell_873,5588.019769409111,-4023.030609687324,2,1
Cell_874,11490.64479064076,-4026.507804339392,0,2
Cell_875,1772.644380733945,-4035.4541857798167,1,5
Cell_876,8191.038769906646,-4025.356562328391,6,0
Cell_877,11777.84633503673,-4081.345456723092,0,2
Cell_878,271.6287620029645,-4060.6369143520005,1,4
Cell_879,3342.2850573665996,-4059.9462757239116,2,6
Cell_880,5852.138549633603,-4056.0281504024347,0,2
Cell_881,7719.53205760505,-4061.326034063261,2,1
Cell_882,6884.285560923242,-4043.078739832363,0,6
Cell_883,9016.514427307677,-4071.174285581955,0,0
Cell_884,10429.488068181818,-4068.428282828283,2,1
Cell_885,1366.691427179737,-4064.546273745738,1,3
Cell_887,10954.612974456912,-4066.9485557412268,0,2
Cell_888,8054.2256135285625,-4090.966642606723,6,2
Cell_889,520.0736071235385,-4119.050014563309,0,6
Cell_890,8786.693620537368,-4055.975524973645,6,0
Cell_891,7196.321908464633,-4122.946661210013,6,0
Cell_892,8234.372737719046,-4125.4087187589785,0,0
Cell_893,11660.28853403363,-4105.897793214452,0,2
Cell_894,2319.6146824438542,-4116.4630765515585,5,3
Cell_895,8336.307028581701,-4104.684522739529,4,4
Cell_896,9305.39175919389,-4114.55939926834,4,4
Cell_898,3783.482253404871,-4135.830633512175,5,3
Cell_899,5578.880079911676,-4178.390568319226,2,1
Cell_900,12762.8910543131,-4156.292058420811,4,4
Cell_901,1439.4168957496302,-4167.933231127088,5,3
Cell_902,1985.5217171376544,-4168.474000134889,3,5
Cell_903,2951.0946610556202,-4220.8890635298885,0,6
Cell_904,7337.274406838131,-4179.941776227529,1,0
Cell_905,4685.492397660819,-4187.108966861599,6,6
Cell_906,3669.9610910962433,-4214.5406587750895,0,6
Cell_907,4449.7279960663345,-4209.0154217513755,0,6
Cell_908,6790.297630799604,-4214.663499506417,6,1
Cell_909,11957.344885078002,-4245.7943908538755,6,2
Cell_910,10013.7860017002,-4243.505355624823,3,5
Cell_911,7844.891001335113,-4251.7488918558065,6,0
Cell_912,8104.4749346120325,-4266.155013077594,6,0
Cell_913,10382.00836254593,-4228.647506018499,0,2
Cell_914,1356.266998548019,-4256.0287907073225,5,3
Cell_915,5847.9580994958615,-4281.233139922001,1,3
Cell_916,5332.54306606581,-4260.01607006207,5,3
Cell_917,12070.102826193192,-4271.171404137483,2,2
Cell_918,9367.796592453224,-4242.7804606111295,6,0
Cell_919,10767.546983929566,-4272.920073315223,6,0
Cell_922,11290.035090993933,-4284.933691087261,0,2
Cell_923,5750.941156208738,-4303.824214937712,2,1
Cell_924,10252.275977301388,-4289.6375157629245,6,0
Cell_925,7737.191930811179,-4299.386971710975,6,0
Cell_926,8943.66074735293,-4304.8348606428945,6,0
Cell_927,12646.787178180964,-4309.792703475841,1,4
Cell_928,6303.05060330425,-4309.25598663449,2,1
Cell_929,9083.162116381029,-4314.891490633719,6,2
Cell_931,6712.636660309388,-4330.937317228227,0,6
Cell_932,1948.3699293048305,-4352.741415586602,1,5
Cell_933,10098.50818359103,-4373.87512188327,3,5
Cell_934,8753.996938150643,-4325.895948152685,6,0
Cell_935,2537.5755180892165,-4336.26565975881,5,3
Cell_936,10545.861418614186,-4326.389862648626,6,0
Cell_937,505.15639252611453,-4349.022068559659,0,6
Cell_938,11370.783754397185,-4339.963223536936,2,2
Cell_939,9717.470657651336,-4324.272182177712,2,1
Cell_940,9939.485369805567,-4341.076057948913,6,2
Cell_941,3660.9940001874943,-4358.552076497609,5,3
Cell_942,6479.992010619115,-4357.088459226608,0,6
Cell_943,7993.258298254089,-4362.059554206059,2,1
Cell_944,5090.3202307969705,-4366.631365949433,0,2
Cell_945,5594.584488984248,-4379.427704223141,0,6
Cell_946,9282.318675237326,-4384.267123579243,0,2
Cell_947,13005.224215784216,-4365.377462537463,4,0
Cell_948,11466.868311385231,-4387.958868144691,0,2
Cell_949,4026.926391171637,-4400.282842216483,0,6
Cell_950,12262.636831431426,-4374.9196960983145,6,0
Cell_951,11857.508624594904,-4379.1624560058535,2,1
Cell_952,3128.7096380984412,-4388.197637762179,0,6
Cell_953,10907.856566954897,-4409.327734283711,0,2
Cell_954,4428.767043748123,-4436.620332365602,3,5
Cell_955,5348.317915347638,-4438.997713682729,5,3
Cell_956,5698.067746199605,-4435.666115884556,3,5
Cell_957,8476.76499357771,-4457.631162928565,6,0
Cell_958,1048.8454996456414,-4449.125868178597,5,3
Cell_959,8161.660191323321,-4444.022698665772,6,2
Cell_960,8604.725312361259,-4446.922115811505,6,0
Cell_961,7998.739683173589,-4458.298256123536,4,0
Cell_962,9095.53261856138,-4441.630530973453,6,0
Cell_963,4914.179944331603,-4457.843413826826,0,2
Cell_964,9745.209134002751,-4459.4402874764255,6,0
Cell_966,10372.131967080846,-4461.246796837179,0,2
Cell_968,2850.9632810909834,-4462.5099124771,5,3
Cell_969,7353.469872953053,-4484.15194011873,2,1
Cell_970,3300.397051460361,-4502.871599443672,6,0
Cell_971,5954.833000912748,-4494.795172576993,0,6
Cell_972,12773.075481842998,-4496.903962279758,3,5
Cell_973,7217.1020493226815,-4512.548662730114,0,2
Cell_974,11523.030463836478,-4523.458529874214,4,0
Cell_975,1761.8012567324954,-4522.6203321364455,3,4
Cell_976,6377.52802425318,-4532.3883096716945,2,1
Cell_977,2160.076777382548,-4533.9181410819065,5,3
Cell_978,4667.585570599613,-4535.211528046421,0,6
Cell_979,1527.9428313912315,-4568.551406682547,3,5
Cell_980,3020.7697645079893,-4585.121250350435,6,0
Cell_981,2673.1640915119365,-4595.941677718833,0,6
Cell_982,8958.317872790452,-4606.870876768898,3,5
Cell_983,12504.30720104802,-4606.074753346706,0,2
Cell_984,875.4499160928187,-4599.630461200161,3,5
Cell_985,8133.257246243031,-4604.292249750766,6,0
Cell_986,1030.0868077827668,-4611.247095716628,3,5
Cell_987,7737.279278482692,-4601.05004642115,6,0
Cell_988,12274.832792875086,-4608.4011418132,4,4
Cell_989,3712.8639221253297,-4610.232474819171,6,6
Cell_990,6594.734809054995,-4615.532012290713,2,1
Cell_991,789.2481446101845,-4603.1506356087875,3,5
Cell_992,5386.76629618504,-4617.030554005923,4,4
Cell_993,9737.27729442432,-4635.883442228917,0,2
Cell_994,4308.290650632816,-4639.493374902572,0,6
Cell_995,9161.504534749713,-4620.636368191612,4,4
Cell_996,6711.153800973318,-4613.8250964927,2,1
Cell_997,10022.468123297846,-4595.155886358009,6,0
Cell_999,3258.6226586263947,-4655.707881957415,6,6
Cell_1000,4690.949620920778,-4651.410669157235,6,0
Cell_1001,1400.2865769560517,-4631.991016513214,5,3
Cell_1002,10503.717276784217,-4660.155789685602,6,0
Cell_1003,11439.904257595208,-4660.364142062474,2,2
Cell_1004,4090.799374894408,-4671.37610519795,0,6
Cell_1005,7869.895979634832,-4685.837283473783,4,0
Cell_1006,3735.9517048295174,-4693.144085591441,6,6
Cell_1007,9277.507731958764,-4693.204447374729,4,0
Cell_1008,463.19616111676595,-4696.772429838592,2,4
Cell_1009,10673.248412040874,-4714.933305716653,6,0
Cell_1010,8658.989515786921,-4699.540573298588,6,0
Cell_1011,8795.684210526315,-4709.1822348664455,0,2
Cell_1012,2944.235428695936,-4720.446925954171,0,6
Cell_1013,8071.622312012053,-4716.891453225586,6,0
Cell_1014,11142.130824877866,-4749.690811724916,6,0
Cell_1015,13656.699641189858,-4746.997492187199,2,1
Cell_1016,11393.03633260937,-4761.438814768849,3,5
Cell_1018,6947.481365435357,-4727.707330145119,3,5
Cell_1019,12685.374858937246,-4757.397723369805,2,1
Cell_1020,6671.79757130754,-4759.836091499577,6,4
Cell_1021,12162.60076320546,-4753.718497690299,0,2
Cell_1022,1455.5865101095196,-4786.724831508003,5,3
Cell_1023,10793.018026250207,-4802.8184914437625,2,1
Cell_1024,3258.451582477468,-4807.018060504436,0,6
Cell_1025,9756.84820941647,-4809.13953826577,6,2
Cell_1026,9081.348613173845,-4802.743025729539,6,0
Cell_1027,5880.686284758521,-4829.817896717541,1,3
Cell_1028,10929.024936770644,-4845.151262368549,2,1
Cell_1029,6842.852587306513,-4838.293791153859,0,6
Cell_1030,5687.235388847883,-4832.351070254311,5,3
Cell_1031,7069.765557719206,-4845.148514851485,0,2
Cell_1032,6167.756343674549,-4819.371919274749,0,6
Cell_1033,8765.659681859895,-4834.11767105129,6,0
Cell_1034,9276.601283442646,-4849.864908224414,6,0
Cell_1035,10248.47481249631,-4837.002185082383,5,3
Cell_1036,4249.1385263840475,-4834.268379670909,6,6
Cell_1037,11957.459394356503,-4864.7475911906395,0,2
Cell_1038,10609.80859300325,-4861.932469891034,6,0
Cell_1039,12114.7479389747,-4864.0336397233,1,4
Cell_1040,1023.3101404458188,-4854.666838465833,3,5
Cell_1041,3046.811096600244,-4844.692547499684,5,3
Cell_1042,7865.059959118783,-4867.803467332879,4,0
Cell_1043,8394.983724680036,-4872.101128690921,5,3
Cell_1044,10119.842908146706,-4870.221032132425,4,4
Cell_1045,842.5700968460303,-4893.062302553213,2,1
Cell_1046,9393.687805994052,-4903.03065660032,6,0
Cell_1047,4584.756619432055,-4904.72060068876,6,0
Cell_1048,8583.070188310101,-4887.5211950762205,6,0
Cell_1049,9172.861159564749,-4935.0063543483675,0,2
Cell_1050,9650.695278823128,-4921.405576462538,0,2
Cell_1051,4041.8763256518623,-4901.124511601945,3,5
Cell_1052,5699.339796122325,-4934.1163302018795,2,6
Cell_1053,8195.403888865609,-4927.949964380003,6,2
Cell_1054,3535.824519680411,-4894.466825214439,0,6
Cell_1055,13126.982982736705,-4913.066551851396,1,4
Cell_1056,4356.1266334930015,-4942.568804352881,0,6
Cell_1057,677.3316227521669,-4945.222691793523,3,5
Cell_1058,11435.860551867903,-4935.042816391464,2,1
Cell_1059,6305.0910715693735,-4947.554445817016,0,2
Cell_1060,5356.608802938138,-4949.992482497418,4,4
Cell_1062,213.60435139252374,-4960.11417522753,2,1
Cell_1063,2768.6514756120705,-4948.617266084646,2,6
Cell_1064,12374.414638694641,-4997.381724941725,3,5
Cell_1065,10335.23159303882,-4980.541900937082,6,0
Cell_1066,10894.339275918815,-4983.923325409886,0,0
Cell_1067,1207.1470715600306,-4989.7007145177,1,4
Cell_1068,5059.993476959904,-4995.468282465589,0,6
Cell_1069,1619.6447133087852,-5004.534876380852,5,3
Cell_1070,5871.027391357874,-4999.140834666995,4,4
Cell_1071,11721.765315996372,-5009.525703054128,0,2
Cell_1072,2333.3296442980345,-5022.1111522374795,5,3
Cell_1073,4758.513978686405,-5013.326882775225,6,6
Cell_1074,8392.493326862412,-5039.310846881825,2,1
Cell_1075,4546.445976761864,-5051.36838961885,0,6
Cell_1076,7628.100344208322,-5065.346789883269,4,0
Cell_1077,3732.9930058939094,-5057.862750491159,0,6
Cell_1079,6323.003485509544,-5099.724595997757,0,6
Cell_1080,8125.53948953255,-5116.642902208202,4,4
Cell_1081,11455.950606443115,-5065.297458975907,4,4
Cell_1084,5099.358392434988,-5128.50190943808,0,6
Cell_1085,8956.435847409766,-5116.178312881861,4,5
Cell_1087,9585.862365525107,-5115.956166579329,0,2
Cell_1088,1640.1827097163546,-5144.72948098974,5,3
Cell_1090,3971.618438234526,-5120.008520501437,0,6
Cell_1091,12029.276634951675,-5111.778308450227,0,2
Cell_1092,5963.200512552798,-5139.954629585686,2,1
Cell_1093,7139.688810649671,-5151.383275082237,0,2
Cell_1094,4724.305120873408,-5164.537197816479,6,6
Cell_1095,8335.73856025479,-5158.914430237461,1,3
Cell_1096,4308.793917652728,-5153.413449697489,0,6
Cell_1097,2199.362810707457,-5191.5720431576065,5,3
Cell_1098,4145.0833217350955,-5178.3867780097435,0,6
Cell_1099,7461.3438782824,-5179.9703850915475,0,6
Cell_1100,8010.72662406155,-5189.958615126885,6,0
Cell_1101,11876.145163968453,-5195.253217102531,0,2
Cell_1102,10177.063570255688,-5221.912620220502,0,2
Cell_1103,3092.626317686278,-5230.781286602397,0,6
Cell_1104,3217.1521813224267,-5214.259372869802,6,6
Cell_1105,11720.69036724625,-5214.526041459436,0,2
Cell_1106,6841.927597374925,-5218.465396744226,1,4
Cell_1107,12031.643153974852,-5240.458956230774,0,1
Cell_1108,4275.467182076365,-5251.468076154412,0,6
Cell_1109,5682.662514906586,-5220.318316328784,6,0
Cell_1110,11304.753616748138,-5245.656001580013,3,5
Cell_1111,5943.833992094862,-5245.8474773308535,2,1
Cell_1113,2704.0897671272587,-5263.918397912842,4,4
Cell_1114,10530.676176162744,-5228.978127264431,0,6
Cell_1115,8413.20220013402,-5256.58616260889,6,0
Cell_1116,4893.315022815023,-5254.8907218907225,1,0
Cell_1117,9597.729129723091,-5262.33314009003,0,2
Cell_1118,9870.757600346209,-5254.658768798009,0,2
Cell_1119,3425.7313875345894,-5267.68922124127,6,6
Cell_1120,7917.066073125595,-5279.242484869706,0,2
Cell_1121,2121.3055189301185,-5265.150813084699,5,3
Cell_1122,4055.877449751892,-5293.611448047717,0,6
Cell_1123,8082.411744466109,-5290.478839316435,3,5
Cell_1124,804.0709484690068,-5294.890851381628,2,1
Cell_1125,13793.778969011602,-5269.990541929798,3,5
Cell_1126,1120.0892318679576,-5312.119980955404,5,3
Cell_1128,10297.424485524938,-5293.9878238259835,0,2
Cell_1129,8154.213289439487,-5333.981373992896,3,5
Cell_1130,9093.854259660755,-5332.888311439868,0,2
Cell_1132,444.98084314196495,-5297.057500600528,2,1
Cell_1133,5550.5369000942965,-5340.317832150479,2,1
Cell_1134,4877.651652331371,-5345.228610230874,6,6
Cell_1135,5060.381639782185,-5358.771653138806,6,0
Cell_1136,1614.133688591544,-5340.904041386285,5,3
Cell_1137,8600.627329473493,-5351.967523068573,0,2
Cell_1138,3728.360371432473,-5373.589717328963,6,0
Cell_1140,11593.859959486834,-5375.847467927077,0,2
Cell_1142,7877.095031383821,-5391.0072740071555,6,0
Cell_1143,11238.421070234112,-5392.2254180602,6,0
Cell_1145,8315.636265041574,-5375.57790631617,6,0
Cell_1146,9511.050434324825,-5386.732087391419,6,2
Cell_1147,3148.1538151891937,-5390.8480633330355,6,6
Cell_1148,6459.446216116768,-5421.06762336972,0,6
Cell_1149,10049.189301223843,-5438.163343861034,3,5
Cell_1150,9283.805458744491,-5408.2338862061715,2,2
Cell_1152,3564.296697291574,-5417.760306021381,0,6
Cell_1153,8145.936413756892,-5431.765135206091,0,2
Cell_1154,6831.566086910269,-5442.322323280677,3,5
Cell_1155,747.5497277586293,-5438.39177781108,2,1
Cell_1156,11000.716587112172,-5455.11136459357,0,2
Cell_1157,11814.213646109221,-5446.952894438138,0,2
Cell_1158,1299.0535375380678,-5447.8389460210965,3,5
Cell_1159,3324.231055041908,-5469.6034303983415,0,6
Cell_1160,7145.499202950646,-5473.07451630044,0,2
Cell_1162,905.7540484475377,-5478.052194860814,2,1
Cell_1163,7682.922458709349,-5474.165911799762,0,2
Cell_1164,9543.265104405316,-5484.2241277737785,6,0
Cell_1165,6031.044145717418,-5481.628111927872,6,6
Cell_1166,8603.584568886861,-5489.351220346715,0,2
Cell_1168,9179.735102861196,-5478.307696855049,3,5
Cell_1169,1933.5843869681546,-5499.658727244111,5,3
Cell_1170,8738.365442601766,-5494.4111027353,6,2
Cell_1172,10718.030602863271,-5500.080294207784,6,0
Cell_1174,2701.344576479965,-5519.12223751902,2,6
Cell_1175,7291.18613497457,-5519.5713553019605,2,1
Cell_1177,9411.371399777225,-5513.372513658303,4,5
Cell_1178,2592.866808688001,-5536.65127587644,3,5
Cell_1179,1587.4918566775243,-5539.823522568637,5,3
Cell_1181,3459.556996685401,-5574.667002930298,6,0
Cell_1182,8510.198335644938,-5579.54745393303,6,0
Cell_1183,9683.665042752038,-5574.620202823623,3,5
Cell_1184,4777.129033764536,-5589.928127772849,6,6
Cell_1185,298.6749825459623,-5625.01303234815,5,3
Cell_1186,6192.011547344111,-5576.930846659985,0,6
Cell_1187,9559.260784661814,-5614.15634061187,2,1
Cell_1188,11300.845337657163,-5614.324486544917,0,2
Cell_1189,3688.9044627034004,-5604.143160947318,0,6
Cell_1190,8697.967531380753,-5607.877322175733,6,0
Cell_1191,12057.90221468578,-5590.103643183804,4,0
Cell_1192,3955.135167384819,-5622.570699370235,6,0
Cell_1193,10629.779330674528,-5632.873070920756,0,2
Cell_1194,13802.695726953063,-5619.669010854609,1,4
Cell_1195,1960.8386028882599,-5634.0722064961865,5,3
Cell_1196,10352.196037125235,-5638.210142272699,0,2
Cell_1198,3234.826116586287,-5639.844202138814,1,3
Cell_1200,9963.44199369808,-5643.9757949011755,0,2
Cell_1201,5017.5945530990175,-5604.583475056689,0,6
Cell_1202,11637.499146757678,-5657.500752860871,6,0
Cell_1203,10205.459869744278,-5665.055167129585,2,0
Cell_1204,2165.139392808842,-5702.730308259105,5,3
Cell_1205,10093.028006905812,-5700.6590255131405,0,2
Cell_1206,9259.977206616592,-5699.3842313202795,6,0
Cell_1207,9005.417952867801,-5708.065132435953,0,2
Cell_1208,4352.665683337174,-5707.539940078359,6,0
Cell_1210,7465.7139542355335,-5717.676757219862,0,2
Cell_1212,656.0813779331004,-5735.392638315255,2,1
Cell_1213,9855.723322494829,-5735.016891178581,0,2
Cell_1214,8515.455210772834,-5723.233265027322,6,2
Cell_1215,8260.456108248663,-5736.30861462898,6,0
Cell_1216,12246.169925282986,-5748.320791016062,0,2
Cell_1217,10863.327508532424,-5764.087986348122,2,1
Cell_1218,831.4332618600911,-5788.600375234521,1,4
Cell_1219,1346.553744584279,-5776.78667216835,1,4
Cell_1220,9139.473331509847,-5760.661378555798,0,2
Cell_1221,4914.397938401429,-5773.656220125525,0,6
Cell_1222,11656.616071126737,-5789.804401473918,2,2
Cell_1223,12113.173948305652,-5783.9962269473535,0,2
Cell_1224,8639.328248393584,-5780.988374944818,0,2
Cell_1225,1779.7834044570886,-5791.636794689426,5,3
Cell_1227,6243.206118018551,-5790.509255970002,0,6
Cell_1228,1965.5069132009216,-5782.0078459343795,5,3
Cell_1229,4747.846313107183,-5796.732441471572,6,0
Cell_1230,7799.224487053131,-5792.33626019174,1,0
Cell_1231,5929.976056593507,-5830.415472519499,4,0
Cell_1232,11223.38649215325,-5809.536438147276,0,2
Cell_1233,11341.05743272664,-5799.41278411565,2,2
Cell_1234,2459.188761668276,-5795.196440888399,5,3
Cell_1235,6584.125699648989,-5804.807655820131,2,1
Cell_1236,242.42662148169063,-5865.237064231698,2,4
Cell_1237,3686.6097111553786,-5813.298356573705,6,0
Cell_1238,8047.409523349592,-5787.342009948326,4,4
Cell_1239,1207.8867013653164,-5801.058912272762,5,3
Cell_1240,3540.793528880239,-5818.417216931953,2,1
Cell_1241,4461.304862902455,-5813.480462405655,6,6
Cell_1242,13711.940806173216,-5804.2790130977755,4,4
Cell_1243,5278.4559113218265,-5862.599712864345,0,6
Cell_1244,5634.785060026678,-5855.748110271232,6,0
Cell_1245,12376.262214234963,-5848.988548501693,4,4
Cell_1246,9818.203315455876,-5853.133187063221,0,2
Cell_1247,3352.370096745822,-5875.663236587511,0,6
Cell_1248,3820.3291761602113,-5872.275272814486,6,0
Cell_1251,9341.546272493571,-5889.062467866324,4,0
Cell_1252,13697.795579682048,-5906.862659945717,1,4
Cell_1253,8589.662454424926,-5910.105485581704,4,0
Cell_1254,2174.812101910828,-5900.265752082312,5,3
Cell_1255,6607.5504654859205,-5918.408094913714,1,1
Cell_1256,11741.895863495349,-5903.161220268873,3,5
Cell_1257,1948.1768525402729,-5946.402676579925,5,3
Cell_1258,13509.942565832906,-5927.290104892541,3,4
Cell_1259,3958.8804727019015,-5923.481336124193,6,6
Cell_1260,4262.054931059306,-5935.26989312808,0,6
Cell_1261,5491.268404225181,-5948.412319397789,6,6
Cell_1262,10318.9029732809,-5931.605902458745,0,2
Cell_1263,728.0904092013012,-5942.469458827843,3,5
Cell_1264,7866.524504223833,-5960.9370319333775,6,0
Cell_1265,9968.631235431236,-5946.014085914086,0,2
Cell_1266,1587.0369261477047,-5943.947723600419,5,3
Cell_1267,10509.73285111513,-5955.744062688365,0,2
Cell_1268,13026.756858710562,-5966.52737768633,4,4
Cell_1269,11344.634652324241,-5970.762133435779,0,2
Cell_1270,3756.84887168506,-5980.941195849118,4,0
Cell_1271,2757.143534052199,-5939.0247419511825,0,6
Cell_1272,11623.464986297417,-5977.463688158085,3,5
Cell_1273,10784.391184387618,-6007.74932705249,3,5
Cell_1274,8401.201051508084,-5991.895363086532,0,2
Cell_1275,9088.742380478088,-6026.205677290836,0,2
Cell_1276,11074.601122010845,-6013.705017707713,0,2
Cell_1277,12101.786743623159,-6002.505306274436,0,2
Cell_1278,1700.5145345168482,-6002.721214925749,1,3
Cell_1279,3038.9622746961018,-5991.748567835685,0,6
Cell_1280,8872.47436321535,-6012.211710221634,6,2
Cell_1281,13714.640208717004,-6003.008839779006,1,4
Cell_1282,510.3522469570047,-6014.825195538483,3,5
Cell_1283,4090.088669663184,-5992.087035199345,6,6
Cell_1284,7603.242514855281,-6005.138278704236,6,0
Cell_1285,12332.667487978379,-6011.356078369035,4,4
Cell_1286,13489.007089480745,-6025.105064827234,3,5
Cell_1287,13601.930336567617,-6029.965509399636,3,5
Cell_1288,4808.104825675364,-6039.165088894019,6,0
Cell_1289,4197.609385136596,-6029.340661717004,0,6
Cell_1290,2928.3533297384743,-6017.853329738474,0,6
Cell_1291,8600.730709845995,-6060.772002058672,2,1
Cell_1292,2611.798280279672,-6074.539931384897,1,4
Cell_1293,9331.849741167924,-6078.611252383979,0,2
Cell_1294,3797.379074295045,-6078.584060792564,6,6
Cell_1295,9747.094809637121,-6058.6157792980375,6,0
Cell_1297,3456.322411115977,-6105.014213480909,0,6
Cell_1299,4038.808167621616,-6116.88383327716,0,6
Cell_1300,9219.449417689644,-6119.052187598363,6,0
Cell_1301,12775.4841592499,-6113.203127861408,3,4
Cell_1302,13723.241451941303,-6113.4188724285605,1,4
Cell_1303,2415.870105986546,-6132.389827227411,5,3
Cell_1304,6421.831022163014,-6084.851913527917,3,5
Cell_1305,7309.338464594301,-6144.7823021154045,6,0
Cell_1306,12071.521531100478,-6142.376184887605,0,2
Cell_1307,1650.6172652422085,-6145.610092438248,5,3
Cell_1308,5566.1154264972765,-6146.1120790481955,0,6
Cell_1309,3142.2653541357113,-6162.606550272412,0,6
Cell_1310,6147.652068478772,-6169.181150240688,0,6
Cell_1311,12473.65973163163,-6179.267974998907,3,5
Cell_1312,3917.3426840098214,-6173.243796688083,0,6
Cell_1314,5806.1593382673045,-6190.726848684621,3,5
Cell_1316,13746.189608569426,-6188.828911802983,1,4
Cell_1317,2967.646446639364,-6199.95205974464,6,6
Cell_1318,3630.0739637703414,-6201.601350936446,2,1
Cell_1319,1812.1411301185346,-6159.401198814655,5,3
Cell_1320,2132.390265189661,-6168.302551191675,5,3
Cell_1321,9995.779348869686,-6184.006502574845,6,0
Cell_1322,655.3741228070176,-6193.480007309941,1,3
Cell_1323,1537.4125779692624,-6210.292264163078,5,3
Cell_1324,7880.187838130275,-6218.506600302965,6,0
Cell_1325,5908.531053059565,-6193.965795893474,3,5
Cell_1326,8226.1880489335,-6225.021748222502,6,2
Cell_1327,10414.008381521668,-6227.125690338509,0,2
Cell_1329,4658.963596736667,-6195.40885930551,2,1
Cell_1330,4243.3290677283285,-6237.123039006588,0,6
Cell_1331,6662.451994450224,-6257.734131113423,2,1
Cell_1332,11194.219088937094,-6273.643806663329,0,2
Cell_1333,1282.916712937257,-6257.342726263188,5,3
Cell_1334,8347.204757933547,-6261.082693236185,0,2
Cell_1335,12016.099027177945,-6287.276752606553,2,2
Cell_1336,7007.245987075256,-6252.835800152873,6,0
Cell_1337,12196.351247828146,-6260.0291423155895,0,2
Cell_1338,10858.919222289036,-6282.746843054721,0,2
Cell_1340,13749.63606286187,-6300.75121771896,1,4
Cell_1342,7434.681045296167,-6279.29156794425,0,2
Cell_1346,6079.556228652446,-6325.804536959464,2,1
Cell_1347,1509.5075415753513,-6315.4229083408545,5,3
Cell_1348,9860.083656055136,-6320.769510994422,0,2
Cell_1349,10155.231620179064,-6333.6755337465565,6,0
Cell_1350,11290.694093628335,-6321.137403855284,0,2
Cell_1351,11700.303223997757,-6336.213484721055,0,2
Cell_1352,885.3753868440114,-6328.645749654311,5,3
Cell_1353,7046.3818080213205,-6344.315565490264,0,2
Cell_1354,9382.737257928196,-6308.367985889096,0,2
Cell_1355,5910.400401313389,-6341.235680408609,0,6
Cell_1356,3881.968621477533,-6329.439603960395,6,0
Cell_1357,7745.022766342982,-6335.1546717465035,6,0
Cell_1358,10564.993858079904,-6321.672450805008,4,1
Cell_1359,11435.301751549448,-6350.473834545945,6,0
Cell_1360,1210.5513046890328,-6352.122228762017,1,3
Cell_1361,3362.832090622312,-6353.474906796673,0,6
Cell_1362,9674.209096036508,-6362.788904271138,4,1
Cell_1363,668.8180716296528,-6377.663121676573,1,5
Cell_1364,4429.318072430592,-6379.089804543053,4,0
Cell_1365,6735.648859282479,-6365.706287008012,0,6
Cell_1366,12836.44514337064,-6347.7004329711635,2,4
Cell_1368,7618.382697947214,-6382.390322580644,2,2
Cell_1369,13539.365362827086,-6375.001996223361,1,4
Cell_1370,2614.5622121981023,-6387.177520909689,0,6
Cell_1371,3147.233611926813,-6382.532098486558,6,6
Cell_1373,1559.172307011723,-6403.563813315638,5,3
Cell_1375,9018.155515908416,-6377.419664981662,4,5
Cell_1377,2412.40823432284,-6365.152338562045,1,4
Cell_1378,7298.9990204573705,-6379.265719775459,6,0
Cell_1379,8542.13165625167,-6402.613790525023,5,3
Cell_1380,4608.706895740174,-6380.48745587197,6,0
Cell_1381,12169.635764481674,-6401.176321118037,0,2
Cell_1382,3586.1322572988374,-6400.348920009495,0,6
Cell_1383,4005.0142024584948,-6404.411871296342,6,6
Cell_1385,9495.290017339608,-6404.294178845677,6,0
Cell_1387,13653.53175226802,-6418.719694263876,1,4
Cell_1390,10739.602698015031,-6435.0963191366345,0,2
