,X_coord,Y_coord,ground_truth_cluster,initial_pred_seed_141,refined_pred_seed_141,initial_pred_seed_549,refined_pred_seed_549,initial_pred_seed_75,refined_pred_seed_75,initial_pred_seed_492,refined_pred_seed_492,initial_pred_seed_676,refined_pred_seed_676,initial_pred_seed_179,refined_pred_seed_179,initial_pred_seed_587,refined_pred_seed_587,initial_pred_seed_592,refined_pred_seed_592,initial_pred_seed_601,refined_pred_seed_601,initial_pred_seed_916,refined_pred_seed_916,initial_pred_seed_518,refined_pred_seed_518,initial_pred_seed_339,refined_pred_seed_339,initial_pred_seed_921,refined_pred_seed_921,initial_pred_seed_423,refined_pred_seed_423,initial_pred_seed_330,refined_pred_seed_330,initial_pred_seed_388,refined_pred_seed_388,initial_pred_seed_273,refined_pred_seed_273,initial_pred_seed_286,refined_pred_seed_286,initial_pred_seed_61,refined_pred_seed_61,initial_pred_seed_807,refined_pred_seed_807,initial_pred_seed_283,refined_pred_seed_283,initial_pred_seed_127,refined_pred_seed_127,initial_pred_seed_165,refined_pred_seed_165,initial_pred_seed_952,refined_pred_seed_952,initial_pred_seed_311,refined_pred_seed_311,initial_pred_seed_597,refined_pred_seed_597,initial_pred_seed_473,refined_pred_seed_473,initial_pred_seed_594,refined_pred_seed_594,initial_pred_seed_605,refined_pred_seed_605,initial_pred_seed_101,refined_pred_seed_101
0,-0.1,-0.85,1,0,0,3,3,1,5,0,0,3,3,0,0,2,4,0,0,7,7,4,4,2,2,3,3,0,0,3,3,2,2,1,1,7,7,2,2,3,3,2,2,3,3,5,5,1,1,0,0,2,2,3,3,3,3,0,0,2,2,0,0
1,0.05,-0.85,2,3,0,1,3,5,5,2,0,0,0,1,0,4,4,0,0,4,4,3,3,2,2,4,4,0,0,0,0,1,1,2,1,5,5,1,2,1,1,2,2,4,4,4,4,3,3,3,0,0,0,3,3,3,3,0,0,3,3,3,0
2,0.2,-0.85,2,0,0,3,3,5,5,0,0,3,3,0,0,2,2,0,0,3,3,4,4,2,2,3,3,0,0,3,3,4,4,1,1,5,5,2,2,3,3,2,2,3,3,4,4,1,1,0,0,0,0,3,3,3,3,0,0,2,2,0,0
3,0.35,-0.85,2,1,1,4,4,0,0,4,4,1,1,1,1,1,1,1,0,2,2,0,0,1,1,2,2,3,3,2,2,1,1,2,2,5,5,1,1,2,2,4,4,1,1,3,3,0,0,3,3,0,0,0,0,1,1,3,3,0,0,3,3
4,0.5,-0.85,2,3,3,4,4,0,0,2,2,0,0,1,1,0,0,0,0,2,2,0,0,2,1,4,4,1,3,6,6,1,1,2,2,5,5,1,1,1,1,2,4,2,2,4,3,3,3,3,3,0,0,3,3,5,5,0,0,3,3,3,3
5,0.65,-0.85,2,0,0,4,4,0,0,5,2,0,0,0,0,0,0,2,2,4,2,3,0,5,1,5,5,3,3,4,4,2,2,2,2,3,3,2,2,5,5,5,5,4,2,5,5,0,0,3,3,2,2,3,3,5,5,0,0,3,3,2,2
6,0.8,-0.85,2,0,0,3,3,1,1,0,0,3,3,0,0,2,2,4,4,3,4,4,3,1,1,3,3,0,0,3,3,2,2,1,1,1,1,2,2,3,3,1,4,3,4,1,5,1,1,0,0,2,2,0,0,3,3,3,3,2,3,2,2
7,0.95,-0.85,2,1,1,1,3,5,1,0,0,0,0,1,1,4,2,4,4,4,4,3,3,2,2,4,4,0,0,0,0,4,4,2,2,5,5,1,1,1,3,4,4,4,4,5,5,3,1,3,3,0,0,0,0,3,3,0,0,3,3,0,0
8,1.1,-0.85,2,0,0,3,3,1,1,0,0,3,3,0,0,2,2,0,4,3,3,4,4,2,2,3,3,0,0,3,3,4,4,1,1,1,1,2,2,3,3,4,4,3,3,2,2,1,1,0,0,2,2,3,3,3,3,0,0,2,2,0,0
9,1.25,-0.85,2,0,0,3,3,1,1,5,5,3,3,0,0,2,2,4,4,3,3,4,4,5,5,3,3,0,0,3,3,2,2,1,1,3,3,2,2,3,3,4,4,3,3,5,5,1,1,0,0,2,2,3,3,3,3,0,0,2,2,0,0
10,1.4,-0.85,3,0,0,1,1,3,3,5,5,0,0,1,1,0,0,2,2,2,2,3,0,1,1,5,5,2,2,5,5,2,2,2,2,7,7,1,1,5,2,5,5,2,2,0,0,0,0,0,0,2,2,1,1,1,1,3,3,3,3,2,2
11,1.55,-0.85,3,1,1,4,1,2,2,4,4,1,0,1,1,1,1,2,2,0,2,0,0,1,1,2,4,2,2,4,4,4,4,2,2,7,7,1,1,2,2,5,5,1,2,1,1,0,0,3,3,2,2,1,1,1,1,3,3,0,3,2,2
12,1.7,-0.85,3,1,1,1,1,0,0,4,4,0,0,1,1,4,4,4,4,4,4,3,3,1,1,4,4,3,3,0,0,4,4,2,2,1,1,1,1,1,1,4,4,2,2,2,2,3,3,3,3,0,0,0,0,1,1,3,3,3,3,3,3
13,1.85,-0.85,4,5,5,1,1,3,3,2,2,1,4,3,3,0,1,0,0,0,0,1,1,3,3,1,1,3,3,0,0,0,0,3,3,0,0,4,4,4,4,3,3,1,1,0,0,0,0,1,1,1,1,2,2,4,4,2,2,4,4,1,1
14,2.0,-0.85,4,5,5,2,2,4,4,4,4,4,4,4,4,1,1,2,2,6,6,1,1,0,0,2,2,2,2,4,4,1,1,3,3,2,2,3,3,4,4,3,3,1,1,0,0,0,0,3,3,1,1,1,1,1,1,2,2,4,4,1,1
15,2.15,-0.85,4,1,5,1,2,4,4,4,4,1,1,1,1,1,1,2,2,0,0,1,1,1,0,2,2,2,2,4,4,4,4,2,2,1,2,1,1,2,2,5,3,1,1,0,0,0,0,3,3,2,1,1,1,1,1,2,2,0,4,2,1
16,2.3,-0.85,4,5,5,2,2,3,3,3,3,1,1,3,3,0,1,0,0,6,6,1,1,0,0,1,1,3,2,0,0,0,0,3,3,2,2,4,4,4,4,1,1,1,1,1,1,0,0,1,1,1,1,1,1,4,4,2,2,4,4,1,1
17,2.45,-0.85,2,0,5,3,3,1,1,0,3,3,3,0,0,2,2,4,4,3,3,4,4,2,0,3,3,0,2,3,3,2,0,1,1,7,7,2,2,3,4,4,1,3,3,2,1,1,1,0,0,2,2,3,1,3,3,0,2,2,4,0,1
18,2.6,-0.85,2,1,1,1,1,3,3,4,4,1,1,1,1,0,0,2,2,2,2,0,0,1,1,2,2,2,2,4,4,4,4,2,2,7,7,1,1,2,2,5,5,2,2,1,1,0,0,3,3,2,2,1,1,1,1,3,3,3,3,2,2
19,2.75,-0.85,2,0,0,1,1,5,5,0,0,0,0,1,1,4,4,4,4,4,4,3,3,2,2,4,4,0,0,0,0,4,4,2,2,5,5,2,2,5,5,4,4,4,4,5,5,3,3,0,0,0,2,3,3,3,3,0,0,3,3,0,0
20,2.9,-0.85,2,0,0,4,4,2,0,5,5,0,0,0,0,1,1,2,2,4,4,3,3,5,5,5,5,2,2,2,4,2,2,2,2,3,3,1,1,5,5,5,5,4,4,4,4,0,0,3,3,2,2,0,0,5,5,0,0,3,3,2,2
21,3.05,-0.85,2,0,0,4,4,0,0,5,5,3,3,0,0,0,0,2,2,3,3,3,3,5,5,5,5,3,3,4,4,2,2,1,1,3,3,2,2,5,5,2,2,4,4,4,4,0,0,0,0,2,2,3,3,5,5,0,0,2,2,0,0
22,-0.4,-0.7,1,0,0,3,3,0,5,5,5,3,3,0,0,0,4,2,4,3,3,3,4,5,5,5,3,2,0,5,5,2,2,1,1,3,3,2,2,5,3,5,2,4,3,5,5,0,1,0,0,2,2,3,3,5,5,0,0,2,2,2,0
23,-0.25,-0.7,1,0,0,3,3,5,5,5,5,3,3,0,0,4,4,4,4,7,7,4,4,5,5,3,3,0,0,3,0,2,2,1,1,3,3,2,2,3,3,2,2,3,3,4,4,1,1,0,0,2,2,3,3,5,5,0,0,2,2,0,0
24,-0.1,-0.7,2,0,0,3,3,5,5,0,0,3,3,0,0,4,4,4,4,3,3,4,4,5,5,3,3,0,0,0,0,2,2,1,1,3,3,2,2,3,3,2,2,3,3,4,4,1,1,0,0,2,2,3,3,5,5,0,0,2,2,0,0
25,0.05,-0.7,2,0,0,3,3,5,5,0,0,3,3,0,0,4,4,4,4,4,4,3,3,2,2,4,4,0,0,0,0,4,4,1,1,5,5,2,2,5,5,2,2,4,4,5,5,3,3,0,0,2,2,3,3,3,3,0,0,3,3,0,0
26,0.2,-0.7,2,0,0,3,3,1,1,5,5,0,0,0,0,2,2,2,2,4,4,3,3,1,1,5,5,3,0,5,5,2,2,1,1,7,7,2,2,5,5,5,5,4,4,1,1,1,1,0,0,2,2,0,0,1,1,3,3,3,3,2,2
27,0.35,-0.7,3,5,5,1,1,3,0,2,2,1,1,3,1,4,4,0,0,0,0,0,0,0,1,1,1,0,0,0,0,0,1,3,2,2,2,4,1,1,1,0,0,2,2,1,1,3,3,1,3,1,0,0,0,4,1,2,3,0,0,1,3
28,0.5,-0.7,3,3,3,1,1,0,0,2,2,0,0,1,1,0,0,0,0,2,2,0,0,1,1,4,4,0,0,0,0,1,1,2,2,6,6,1,1,1,1,4,4,2,2,3,3,3,3,3,3,0,0,0,0,1,1,3,3,0,0,3,3
29,0.65,-0.7,3,3,3,4,4,0,0,2,2,1,1,1,1,0,0,1,1,2,2,0,0,1,1,2,2,3,3,2,2,1,1,2,2,1,1,1,1,2,2,4,4,2,2,3,3,0,0,3,3,0,0,0,0,1,1,3,3,0,0,3,3
30,0.8,-0.7,2,0,0,3,3,1,1,0,0,3,3,0,0,2,2,0,0,4,2,3,0,2,1,4,4,0,0,3,3,4,1,1,1,1,1,2,2,3,3,4,4,4,2,5,5,1,1,0,0,0,0,3,0,3,3,0,3,3,0,0,3
31,0.95,-0.7,2,1,1,4,4,0,0,4,4,0,0,1,1,0,0,1,1,2,2,0,0,1,1,2,2,3,3,0,0,1,4,2,2,5,5,1,1,2,2,4,4,2,2,5,5,0,0,3,3,0,0,0,0,1,1,3,3,0,0,3,3
32,1.1,-0.7,3,1,1,3,3,1,1,0,0,0,0,1,1,2,2,4,4,4,4,3,3,1,1,4,4,3,3,5,5,4,4,1,1,1,1,2,2,5,5,1,1,4,4,1,1,1,1,0,0,2,2,0,0,1,1,3,3,3,3,2,2
33,1.25,-0.7,3,0,0,3,3,1,1,5,5,3,3,0,0,2,2,2,4,3,3,4,4,5,5,5,5,3,3,5,5,2,2,1,1,7,7,2,2,5,5,5,5,3,3,1,1,1,1,0,0,2,2,0,0,3,3,0,0,2,2,2,2
34,1.4,-0.7,3,1,1,3,3,1,1,4,4,0,0,3,3,2,2,4,4,2,2,0,0,0,1,4,4,3,3,5,5,4,4,2,2,2,2,4,1,2,2,3,3,2,2,0,0,3,3,1,1,2,2,1,1,4,1,2,3,3,3,3,3
35,1.55,-0.7,3,1,1,1,1,0,0,4,4,0,0,1,1,0,2,4,4,2,2,0,0,1,1,4,4,3,3,0,0,1,4,2,2,1,1,1,1,2,2,1,1,2,2,2,2,3,3,3,3,0,2,0,0,1,1,3,3,3,3,3,3
36,1.7,-0.7,4,0,1,3,3,1,0,0,0,0,0,0,1,2,2,4,4,4,4,3,3,1,1,4,4,0,0,3,3,4,4,1,2,1,1,2,1,5,5,4,4,4,4,2,2,1,1,0,3,2,2,0,0,3,1,0,3,3,3,0,0
37,1.85,-0.7,4,4,4,0,0,0,0,6,6,4,4,2,2,1,1,3,3,5,5,5,1,4,4,6,6,1,1,6,6,3,3,0,3,0,0,0,0,6,4,0,0,0,0,6,6,4,4,2,2,3,3,1,1,0,0,1,2,1,4,5,1
38,2.0,-0.7,5,5,5,0,0,4,4,3,3,4,4,4,4,1,1,2,2,6,6,1,1,0,0,0,0,2,2,2,2,0,0,3,3,2,2,3,3,4,4,3,3,0,0,0,0,2,2,4,4,1,1,2,2,2,2,2,2,4,4,1,1
39,2.15,-0.7,5,5,5,0,0,2,4,3,3,2,2,4,4,1,1,1,1,5,5,2,2,0,0,0,0,2,2,2,2,0,0,0,0,2,2,0,0,0,0,3,3,0,0,1,0,2,2,4,4,1,1,2,2,2,2,1,1,4,4,1,1
40,2.3,-0.7,5,2,2,2,2,4,4,1,3,2,2,2,2,1,1,1,1,1,1,2,2,3,3,0,0,2,2,2,2,3,0,0,0,0,0,0,0,0,0,3,3,0,0,7,7,2,2,2,2,1,1,2,2,2,2,1,1,1,1,4,4
41,2.45,-0.7,5,5,5,0,0,2,2,3,3,4,4,4,4,1,1,1,1,5,5,5,5,0,0,0,0,2,2,1,1,0,0,0,0,2,2,3,3,4,4,1,1,0,0,6,6,2,2,4,4,1,1,1,1,0,2,2,2,4,4,1,1
42,2.6,-0.7,5,5,5,0,0,2,2,3,3,4,4,4,4,1,1,1,1,6,6,1,1,0,0,1,1,2,2,2,2,0,0,3,3,2,2,3,3,4,4,1,1,1,1,1,1,2,2,4,4,1,1,1,1,2,2,2,2,4,4,1,1
43,2.75,-0.7,2,0,0,3,3,1,1,0,0,3,3,0,0,2,2,4,4,3,3,4,4,2,2,3,3,0,0,3,3,4,4,1,1,7,7,2,2,3,3,4,4,3,3,5,5,1,1,0,0,2,2,3,3,3,3,0,0,2,2,0,0
44,2.9,-0.7,2,0,0,4,4,0,0,5,5,3,3,0,0,0,0,2,2,3,3,3,3,5,5,5,5,3,3,4,4,2,2,1,1,3,3,2,2,5,5,2,2,4,4,4,4,0,0,0,0,2,2,3,3,5,5,0,0,2,2,0,0
45,3.05,-0.7,2,0,0,4,4,0,0,5,5,0,0,0,0,1,0,2,2,4,4,3,3,5,5,5,5,2,3,4,4,2,2,2,1,3,3,1,2,5,5,5,5,4,4,5,5,0,0,3,0,2,2,0,0,5,5,0,0,3,3,2,2
46,3.2,-0.7,2,0,0,3,3,5,5,0,0,3,3,0,0,2,2,0,0,3,3,4,4,2,2,3,3,0,0,3,3,4,4,1,1,5,5,2,2,3,3,2,2,3,3,5,5,1,1,0,0,2,2,3,3,3,3,0,0,2,2,0,0
47,-0.55,-0.55,1,0,0,3,3,5,5,0,0,3,3,0,0,2,2,4,4,3,3,4,4,5,5,3,3,0,0,3,3,2,2,1,1,3,3,2,2,3,3,2,2,3,3,5,5,1,1,0,0,2,2,3,3,3,3,0,0,2,2,0,0
48,-0.4,-0.55,1,0,0,3,3,5,5,5,5,3,3,0,0,4,4,4,4,7,3,4,4,5,5,3,3,0,0,0,0,2,2,1,1,3,3,2,2,3,3,2,2,3,3,4,4,1,1,0,0,2,2,3,3,5,5,0,0,2,2,0,0
49,-0.25,-0.55,2,0,0,4,4,5,5,0,0,3,3,0,0,4,4,0,0,3,3,4,4,5,5,3,3,0,0,0,0,4,4,1,1,3,3,2,2,3,3,2,2,3,3,4,4,1,1,0,0,0,0,3,3,5,5,0,0,2,2,0,0
50,-0.1,-0.55,2,0,0,3,3,5,5,0,0,3,3,0,0,2,2,0,0,3,3,4,4,2,2,3,3,0,0,3,3,4,4,1,1,5,5,2,2,3,3,2,2,3,3,4,4,1,1,0,0,0,0,3,3,3,3,0,0,2,2,0,0
51,0.05,-0.55,3,1,0,1,1,1,1,2,2,0,0,3,0,2,2,0,0,2,2,0,0,0,0,4,4,0,0,3,3,1,1,2,1,2,2,4,2,1,1,0,0,2,2,1,1,3,3,1,1,0,0,0,0,4,4,3,3,0,0,3,3
52,0.2,-0.55,3,0,0,1,1,3,3,5,5,0,0,0,0,0,0,2,2,4,4,3,3,1,1,5,5,2,3,5,5,2,2,1,1,7,7,2,2,5,5,5,5,4,4,1,1,0,0,0,0,2,2,0,0,1,1,3,3,3,3,2,2
53,0.35,-0.55,3,1,1,1,1,0,3,2,2,1,1,1,1,0,0,1,1,0,0,0,0,1,1,2,2,3,3,0,0,1,1,2,2,6,6,1,1,2,2,1,1,2,2,2,2,0,0,3,3,0,0,0,0,1,1,3,3,0,0,3,3
54,0.5,-0.55,3,1,1,4,4,2,0,4,4,1,1,1,1,1,1,2,1,0,0,0,0,1,1,2,2,2,3,4,0,4,1,2,2,7,7,1,1,2,2,5,4,1,1,2,2,0,0,3,3,0,0,1,0,1,1,3,3,0,0,2,3
55,0.65,-0.55,3,1,1,4,4,0,0,4,4,1,1,1,1,1,1,1,1,0,0,0,0,1,1,2,2,3,3,2,2,1,1,2,2,1,1,1,1,2,2,4,4,1,1,3,3,0,0,3,3,0,0,0,0,1,1,3,3,0,0,3,3
56,0.8,-0.55,3,3,1,1,1,0,0,2,4,0,1,1,1,0,0,0,0,2,2,0,0,1,1,4,4,0,0,0,0,1,1,2,2,1,1,1,1,1,2,4,4,2,2,3,3,3,0,3,3,0,0,0,0,1,1,3,3,0,0,3,3
57,0.95,-0.55,3,1,1,1,1,3,3,4,4,1,1,1,1,0,0,2,2,2,2,0,0,1,1,2,2,2,2,4,0,4,1,2,2,1,1,1,1,2,2,5,5,2,2,1,1,0,0,3,3,2,2,1,1,1,1,3,3,0,0,2,2
58,1.1,-0.55,3,1,1,1,1,3,3,4,4,1,1,3,1,0,0,4,4,2,2,0,0,1,1,2,2,3,3,0,0,1,1,2,2,6,1,1,1,2,2,1,1,2,2,1,1,0,0,3,3,0,0,1,1,1,1,3,3,0,0,3,3
59,1.25,-0.55,3,1,1,4,1,0,3,4,4,1,1,1,3,1,1,1,1,0,0,0,0,1,1,2,2,3,3,2,2,1,1,3,3,1,1,1,1,2,2,1,1,1,2,3,3,0,0,3,3,0,0,0,0,1,1,3,3,0,0,3,3
60,1.4,-0.55,3,1,1,1,1,3,3,2,2,0,0,3,3,4,2,0,0,2,2,0,0,1,1,4,4,0,0,0,0,1,1,2,2,6,6,1,1,1,1,1,1,2,2,2,2,3,3,3,3,0,0,0,0,1,1,3,3,0,0,3,3
61,1.55,-0.55,4,5,1,1,1,3,3,2,2,1,1,3,3,2,2,0,0,0,0,0,0,0,1,1,1,3,3,3,3,0,1,2,2,0,0,4,1,1,1,0,0,2,2,0,2,3,3,1,3,1,0,1,1,4,1,2,3,0,0,1,3
62,1.7,-0.55,4,1,1,4,4,2,2,5,5,1,1,1,1,1,1,2,2,0,0,0,0,1,1,2,2,2,2,4,4,4,4,2,2,7,7,1,1,2,2,5,5,1,1,1,1,0,0,3,3,2,2,1,1,1,1,3,3,0,0,2,2
63,1.85,-0.55,4,1,1,0,0,2,2,4,4,4,4,1,1,3,3,2,2,6,6,1,1,1,1,2,2,2,2,2,2,1,1,3,3,1,1,3,3,4,4,5,5,0,0,6,6,2,2,4,4,0,0,1,1,1,1,2,2,4,4,1,1
64,2.0,-0.55,4,5,5,2,2,3,3,3,3,4,4,4,4,1,1,1,2,6,6,1,1,0,0,1,1,2,2,4,2,0,0,3,3,2,2,3,3,4,4,3,3,1,1,0,0,0,0,1,1,1,1,2,2,2,2,1,1,4,4,1,1
65,2.15,-0.55,4,2,2,2,2,3,3,3,3,4,4,3,3,0,0,0,0,6,6,1,1,3,3,1,1,3,2,0,0,0,0,3,3,0,0,4,0,4,4,3,3,1,1,0,0,0,0,1,1,1,1,2,2,4,4,1,1,4,4,1,1
66,2.3,-0.55,5,2,2,2,2,4,4,3,3,2,2,2,2,0,0,2,2,1,1,2,2,3,3,0,0,2,2,5,5,0,0,3,3,0,0,0,0,0,0,3,3,0,0,7,7,2,2,1,1,1,1,2,2,4,4,1,1,1,1,4,4
67,2.45,-0.55,5,4,2,0,0,4,4,6,3,2,2,2,2,1,1,3,1,1,1,2,2,3,3,0,0,2,2,1,1,3,0,0,0,0,0,0,0,0,0,3,3,0,0,0,0,2,2,2,2,3,1,2,2,2,2,1,1,1,1,4,4
68,2.6,-0.55,5,2,2,2,0,4,4,3,3,4,4,2,2,1,1,1,1,5,5,2,2,3,3,0,0,2,2,2,2,0,0,0,0,0,0,0,0,0,0,3,3,0,0,7,7,2,2,1,1,1,1,2,2,2,2,1,1,1,1,4,4
69,2.75,-0.55,5,4,4,0,0,0,0,6,6,4,4,4,4,0,0,3,3,6,6,1,1,4,4,1,1,1,1,6,6,3,4,3,3,4,4,3,3,6,6,0,0,1,1,3,3,4,4,4,4,3,3,0,0,0,0,2,2,4,4,6,6
70,2.9,-0.55,2,3,0,4,4,2,0,4,5,0,0,1,0,3,0,2,2,2,2,0,3,5,5,2,5,1,1,1,1,4,2,2,1,3,3,1,2,2,5,2,2,1,1,4,4,0,0,3,0,0,2,3,3,5,5,0,0,3,3,0,0
71,3.05,-0.55,2,0,0,1,1,3,3,5,5,0,0,0,0,0,0,2,2,4,4,3,3,1,5,5,5,3,3,5,5,2,2,1,1,7,7,2,2,5,5,5,5,4,4,2,5,0,0,0,0,2,2,0,0,1,1,3,0,3,3,2,2
72,3.2,-0.55,2,3,3,3,3,1,5,2,2,3,3,0,0,2,2,0,0,3,3,4,4,2,2,3,3,0,0,3,3,4,4,1,1,1,5,2,2,3,3,2,2,3,3,5,5,1,1,0,0,0,0,3,3,3,3,0,0,2,2,0,0
73,3.35,-0.55,2,3,3,4,4,5,5,2,2,0,0,1,1,4,4,0,0,4,4,3,3,2,2,4,4,0,0,0,0,4,4,2,2,5,5,2,2,1,1,2,2,4,4,4,4,3,3,3,3,0,0,3,3,3,3,0,0,3,3,0,0
74,-0.7,-0.4,1,0,0,3,3,1,1,0,0,3,3,0,0,2,2,4,4,3,3,4,4,5,5,3,3,0,0,3,3,2,2,1,1,7,3,2,2,3,3,4,2,3,3,2,4,1,1,0,0,2,2,3,3,3,3,0,0,2,2,0,0
75,-0.55,-0.4,1,0,0,3,3,5,5,5,5,3,3,0,0,4,4,2,2,7,3,4,4,5,5,3,3,0,0,5,3,2,2,1,1,3,3,2,2,3,3,2,2,3,3,4,4,1,1,0,0,2,2,3,3,5,5,0,0,2,2,0,0
76,-0.4,-0.4,2,0,0,3,3,5,5,5,5,3,3,0,0,4,4,2,2,3,3,4,4,5,5,5,5,0,0,0,0,2,2,1,1,3,3,2,2,5,5,2,2,4,4,4,4,1,1,0,0,2,2,3,3,5,5,0,0,2,2,0,0
77,-0.25,-0.4,2,3,3,4,4,0,0,2,2,0,0,1,1,0,0,0,0,4,4,3,3,2,2,4,4,1,1,6,6,1,1,2,2,5,5,1,1,1,1,2,2,4,4,4,4,3,3,3,3,0,0,3,3,5,5,0,0,3,3,0,0
78,-0.1,-0.4,4,5,5,0,0,2,2,3,3,4,4,4,4,1,0,1,0,6,6,1,1,0,0,1,1,2,2,2,2,0,0,3,3,2,2,3,3,4,4,1,1,1,1,1,1,0,0,4,4,1,1,1,1,2,2,2,2,4,4,1,1
79,0.05,-0.4,4,2,2,2,2,3,3,6,6,4,4,2,2,0,0,0,0,6,6,5,5,3,0,6,1,3,3,0,0,0,0,3,3,0,2,0,0,4,4,3,1,1,1,0,1,4,4,1,1,1,1,2,1,4,4,1,2,4,4,4,1
80,0.2,-0.4,4,1,1,1,1,3,3,2,2,1,1,3,3,0,0,4,4,0,0,0,0,0,0,1,1,3,3,0,0,1,1,2,2,2,2,4,4,2,2,1,1,2,2,1,1,3,3,1,1,0,0,1,1,4,4,2,2,0,0,1,1
81,0.35,-0.4,4,5,1,1,1,3,3,2,2,1,1,3,3,2,0,0,1,0,0,0,0,0,0,1,1,0,3,3,0,0,0,2,2,0,0,4,4,1,2,0,0,2,2,0,0,3,3,1,1,1,0,1,1,4,4,2,2,0,0,1,1
82,0.5,-0.4,4,1,1,4,4,0,3,4,4,0,0,1,1,0,0,1,1,2,2,0,0,2,2,2,2,3,3,0,0,1,1,2,2,5,5,1,1,2,2,4,4,2,2,5,5,0,0,3,3,0,0,0,0,1,1,3,3,3,0,3,3
83,0.65,-0.4,4,5,1,1,1,3,3,2,2,1,1,3,3,0,0,0,0,0,0,1,0,0,0,1,1,3,3,0,0,0,0,3,3,2,2,4,4,4,2,1,4,1,1,1,1,0,0,1,1,1,0,1,1,4,4,2,2,4,0,1,1
84,0.8,-0.4,4,1,1,1,1,3,3,4,2,1,1,3,3,0,0,4,0,0,0,0,0,0,0,2,2,3,3,5,5,1,1,2,2,2,2,4,4,2,2,3,3,2,2,0,0,0,0,1,1,0,0,1,1,4,4,2,2,0,0,1,1
85,0.95,-0.4,3,1,1,3,1,3,3,5,5,0,0,1,1,0,0,2,2,2,2,3,0,1,1,5,5,2,2,5,5,2,2,1,2,1,1,1,1,5,2,5,5,2,2,0,0,0,0,0,0,2,2,1,1,1,1,3,3,3,3,2,2
86,1.1,-0.4,3,1,1,1,1,3,3,5,5,0,0,1,1,0,0,2,2,2,2,0,0,1,1,5,5,2,2,5,5,2,2,2,2,7,7,1,1,2,2,5,5,2,2,0,0,0,0,0,0,2,2,1,1,1,1,3,3,3,3,2,2
87,1.25,-0.4,3,5,1,1,1,3,3,2,2,1,1,3,3,2,2,0,0,0,0,0,0,3,3,1,1,0,0,3,3,0,0,3,3,0,0,4,4,1,1,0,0,2,2,0,0,3,3,1,1,1,1,1,1,4,4,2,3,0,0,1,1
88,1.4,-0.4,4,1,1,1,1,1,1,2,2,0,0,3,3,2,2,0,0,2,2,0,0,0,0,4,4,0,0,3,3,1,1,2,2,2,2,1,1,1,1,1,1,2,2,1,1,3,3,1,1,0,0,0,0,4,4,3,3,0,0,3,3
89,1.55,-0.4,4,1,1,0,0,2,2,4,4,4,1,1,1,1,1,2,2,0,0,1,0,1,1,2,2,2,2,2,2,1,1,3,3,1,1,3,3,4,4,5,5,1,1,2,2,0,0,4,4,0,0,1,1,1,1,3,3,0,0,3,3
90,1.7,-0.4,4,3,1,0,0,2,2,4,4,1,1,1,1,3,3,2,2,0,0,0,0,5,1,2,2,2,2,1,1,1,1,3,3,3,3,3,3,2,2,2,5,1,1,4,4,0,0,4,4,0,0,0,0,5,1,0,3,0,0,3,3
91,1.85,-0.4,4,5,5,0,0,2,2,3,3,2,2,4,4,3,3,2,2,5,5,1,1,1,1,0,0,2,2,1,1,0,0,0,0,5,5,3,3,0,0,5,5,0,0,3,3,2,2,4,4,1,1,1,1,0,0,2,2,4,4,1,1
92,2.0,-0.4,5,2,2,0,0,4,4,3,3,2,2,4,4,3,3,2,2,1,1,2,2,3,3,0,0,2,2,2,2,0,0,0,0,0,0,0,0,0,0,3,3,0,0,7,7,2,2,2,2,1,1,2,2,2,2,1,1,1,1,4,4
93,2.15,-0.4,5,2,2,2,2,4,4,3,3,2,2,2,2,1,1,2,2,1,1,2,2,3,3,0,0,2,2,4,4,0,0,0,0,0,0,0,0,0,0,3,3,0,0,7,7,2,2,1,1,1,1,2,2,2,2,1,1,1,1,4,4
94,2.3,-0.4,5,2,2,2,2,4,4,1,1,2,2,2,2,1,1,1,1,1,1,2,2,3,3,0,0,2,2,4,4,0,0,0,0,0,0,0,0,0,0,3,3,0,0,7,7,2,2,1,1,1,1,2,2,2,2,1,1,1,1,4,4
95,2.45,-0.4,5,2,2,0,0,2,2,1,1,2,2,4,4,3,3,1,1,1,1,2,2,3,3,0,0,2,2,1,1,0,0,0,0,4,4,0,0,0,0,3,3,0,0,0,0,2,2,2,2,1,1,2,2,2,2,1,1,1,1,4,4
96,2.6,-0.4,2,0,0,3,3,3,3,5,5,0,0,0,0,0,0,2,2,4,4,3,3,1,1,5,5,2,2,5,5,2,2,1,1,7,7,2,2,5,5,5,5,4,4,0,0,0,0,0,0,2,2,0,0,1,1,3,3,2,2,2,2
97,2.75,-0.4,2,1,0,1,1,0,0,4,5,0,0,1,0,0,0,2,2,2,2,0,0,1,1,2,5,3,3,0,0,4,2,2,1,1,1,1,2,2,5,5,5,2,4,2,2,0,0,3,0,2,2,0,0,1,1,3,3,3,2,3,3
98,2.9,-0.4,2,0,0,4,4,0,0,5,5,0,0,0,0,0,0,2,2,4,4,3,3,5,5,5,5,3,3,0,0,2,2,1,1,3,3,2,2,5,5,2,2,4,4,5,5,3,0,0,0,2,2,3,3,5,5,0,0,2,2,0,0
99,3.05,-0.4,2,0,0,3,3,5,5,0,0,3,3,0,0,4,4,4,4,3,3,3,3,5,5,3,3,0,0,3,3,4,4,1,1,7,7,2,2,5,5,4,4,4,4,5,5,1,1,0,0,2,2,3,3,3,3,0,0,2,2,0,0
100,3.2,-0.4,2,3,3,4,4,5,5,2,2,0,0,1,1,4,4,0,0,4,4,3,3,2,2,4,4,1,0,6,3,1,4,2,2,5,5,1,2,1,1,2,2,4,4,4,4,3,3,3,3,0,0,3,3,5,3,0,0,3,3,0,0
101,-0.7,-0.25,1,0,0,3,3,1,1,0,0,3,3,0,0,2,2,0,4,7,7,4,4,5,5,3,3,0,0,3,3,2,2,1,1,3,3,2,2,3,3,2,2,3,3,4,4,1,1,0,0,2,2,3,3,3,3,0,0,2,2,0,0
102,-0.55,-0.25,1,0,0,3,3,5,5,0,0,3,3,0,0,4,4,4,2,3,3,4,4,5,5,3,3,0,0,3,3,2,2,1,1,3,3,2,2,3,3,2,2,3,3,4,4,1,1,0,0,2,2,3,3,5,5,0,0,2,2,0,0
103,-0.4,-0.25,4,1,1,4,4,2,2,4,4,1,1,1,1,1,1,2,2,0,0,0,0,1,1,2,2,2,2,4,4,4,4,2,2,7,7,1,1,2,2,5,2,1,1,1,4,0,0,3,3,2,2,1,1,1,1,2,2,0,0,2,2
104,-0.25,-0.25,4,3,3,0,0,0,0,3,3,1,1,1,1,1,1,0,0,0,0,0,0,2,2,1,1,1,1,1,6,0,0,3,3,5,5,3,3,4,4,2,2,1,1,4,4,4,4,4,4,3,3,0,0,0,0,3,2,0,0,6,6
105,-0.1,-0.25,4,4,4,0,0,0,0,6,6,4,4,4,4,0,1,3,3,6,6,1,1,0,0,1,1,1,1,6,6,0,0,3,3,4,4,3,3,6,6,0,0,1,1,3,3,4,4,4,4,3,3,0,0,0,0,2,2,4,4,6,6
106,0.05,-0.25,4,5,5,0,0,2,2,1,1,4,4,4,4,3,0,1,1,5,5,5,5,0,0,1,1,1,1,1,1,0,0,0,3,6,6,3,3,4,4,1,1,0,1,3,3,2,2,4,4,3,3,1,1,0,0,2,2,4,4,1,1
107,0.2,-0.25,4,1,1,0,0,2,2,4,4,1,1,1,1,1,1,2,2,0,0,1,1,1,1,2,1,2,2,2,2,1,1,3,3,1,1,3,3,4,4,1,1,1,1,2,2,0,0,3,3,0,0,1,1,1,1,2,2,0,0,1,1
108,0.35,-0.25,4,3,1,0,0,2,2,3,3,4,4,1,1,3,3,1,1,0,0,1,1,2,2,1,1,1,1,1,1,0,0,3,3,5,5,3,3,4,4,4,4,1,1,4,4,0,0,4,3,0,0,0,0,0,1,3,3,0,0,6,6
109,0.5,-0.25,4,1,1,1,1,3,3,2,2,0,0,1,1,0,0,4,4,2,2,0,0,1,1,4,1,3,3,0,0,1,1,2,2,6,6,1,1,1,1,1,1,2,2,2,2,3,0,3,3,0,0,0,0,1,1,3,3,0,0,3,3
110,0.65,-0.25,4,3,3,4,4,0,0,2,2,1,1,4,4,0,0,3,3,0,0,0,0,0,0,1,1,1,3,6,0,0,0,3,3,6,6,3,3,1,1,4,4,1,1,5,5,4,0,4,4,3,3,0,0,0,0,3,3,0,0,6,6
111,0.8,-0.25,4,5,1,1,1,3,3,2,2,1,1,3,3,0,0,0,0,0,0,0,0,0,0,1,1,3,3,0,5,1,1,3,3,2,2,4,4,2,2,1,1,2,2,1,0,0,0,1,1,1,1,1,1,4,4,2,2,0,0,1,1
112,0.95,-0.25,3,1,1,1,1,3,3,4,4,1,1,3,3,0,0,2,2,0,0,0,0,0,0,2,2,2,2,5,5,1,1,2,2,2,2,4,4,2,2,3,3,2,2,0,0,0,0,1,1,0,0,1,1,4,4,2,2,0,0,1,1
113,1.1,-0.25,3,1,1,1,1,3,3,4,4,0,0,1,1,0,0,4,4,2,2,0,0,1,1,4,4,3,3,0,0,1,1,2,2,1,1,1,1,2,2,1,1,2,2,2,0,3,3,3,1,0,0,0,0,1,1,3,3,3,3,3,3
114,1.25,-0.25,4,3,3,1,1,1,1,6,2,0,0,3,3,2,2,3,0,2,2,0,0,4,4,4,4,0,0,6,6,0,0,3,3,4,4,4,4,1,1,0,0,2,2,3,3,3,3,1,1,3,0,0,0,4,4,3,3,0,0,6,3
115,1.4,-0.25,4,3,3,1,1,0,0,2,2,0,0,1,1,0,0,0,0,2,2,0,0,2,2,4,4,0,0,0,0,1,1,2,2,1,1,1,1,1,1,4,4,2,2,3,3,3,3,3,3,0,0,0,0,1,1,3,3,0,0,3,3
116,1.55,-0.25,4,1,1,1,1,3,3,4,4,1,1,1,1,0,0,2,2,2,2,0,0,1,1,2,2,3,3,4,4,4,1,2,2,1,1,1,1,2,2,1,1,2,2,1,1,0,0,3,3,0,0,1,1,1,1,3,3,0,0,2,3
117,1.7,-0.25,4,1,1,1,1,0,2,2,2,1,1,1,1,0,0,1,2,0,0,0,0,0,0,2,2,3,3,0,1,1,1,2,2,6,6,1,1,2,2,1,1,2,2,2,2,0,0,3,3,0,0,0,0,1,1,3,3,0,0,3,3
118,1.85,-0.25,5,4,4,0,0,2,2,6,6,2,2,2,2,3,3,3,3,1,1,2,2,4,4,6,6,1,1,1,1,3,3,0,0,4,4,0,0,0,0,0,0,0,0,3,3,2,2,2,2,3,3,1,1,0,0,1,1,1,1,5,5
119,2.0,-0.25,5,4,4,0,0,2,2,1,1,2,2,4,4,3,3,1,1,1,1,2,2,0,0,0,0,1,1,1,1,3,3,0,0,4,4,0,0,0,0,1,1,0,0,3,3,2,2,2,2,3,3,1,1,0,0,1,1,1,1,5,5
120,2.15,-0.25,5,4,4,2,2,3,3,6,6,4,2,2,2,0,0,3,1,6,1,5,2,4,4,6,0,1,1,6,6,3,3,3,3,0,0,0,0,6,0,0,0,1,1,1,1,4,2,2,2,3,3,1,1,2,2,2,2,4,1,5,5
121,2.3,-0.25,5,5,5,1,1,3,3,3,3,1,1,4,2,0,0,1,1,0,0,1,1,0,0,1,1,3,3,2,2,1,1,3,3,6,6,3,0,4,4,1,1,1,1,6,6,0,0,3,3,1,1,1,1,1,1,2,2,0,0,1,1
122,2.45,-0.25,2,1,1,1,1,3,3,2,2,0,0,3,3,4,4,0,0,2,2,0,0,0,0,4,4,0,0,0,0,1,1,2,2,6,6,1,1,1,1,1,1,2,2,2,2,3,3,3,3,0,0,0,0,1,1,3,3,0,0,3,3
123,2.6,-0.25,2,0,0,3,3,5,5,0,0,3,3,0,0,2,2,4,4,3,3,4,4,5,5,3,3,0,0,3,3,2,2,1,1,3,3,2,2,3,3,2,2,3,3,5,5,1,1,0,0,2,2,3,3,3,3,0,0,2,2,0,0
124,2.75,-0.25,2,0,0,4,4,5,5,5,5,3,3,0,0,4,4,2,2,3,3,4,4,5,5,5,5,0,0,0,0,2,2,1,1,3,3,2,2,5,5,2,2,4,4,4,4,1,1,0,0,2,2,3,3,5,5,0,0,2,2,0,0
125,2.9,-0.25,2,0,0,4,4,0,0,5,5,0,0,0,0,1,1,2,2,4,4,3,3,5,5,5,5,2,0,4,4,2,2,1,1,3,3,2,2,5,5,5,5,4,4,5,5,0,1,0,0,2,2,3,3,5,5,0,0,2,2,2,0
126,3.05,-0.25,2,0,0,3,3,1,1,0,0,3,3,0,0,2,2,4,4,3,3,4,4,2,5,3,3,0,0,3,3,4,4,1,1,7,7,2,2,3,3,4,4,3,3,2,5,1,1,0,0,2,2,3,3,3,3,0,0,2,2,0,0
127,3.2,-0.25,2,0,0,3,3,1,1,0,0,3,3,0,0,2,2,4,4,3,3,4,4,5,5,3,3,0,0,3,3,2,2,1,1,3,3,2,2,3,3,2,2,3,3,5,5,1,1,0,0,2,2,3,3,3,3,0,0,2,2,0,0
128,-0.85,-0.1,1,0,0,3,3,1,1,5,5,3,3,0,0,2,2,2,2,3,7,4,4,5,5,5,5,3,3,5,5,2,2,1,1,7,7,2,2,5,5,5,5,3,3,1,4,1,1,0,0,2,2,0,0,3,3,0,0,2,2,2,2
129,-0.7,-0.1,1,0,0,3,3,1,1,5,5,3,3,0,0,2,2,4,4,7,7,4,4,5,5,3,3,0,0,3,3,2,2,1,1,3,3,2,2,3,3,2,2,3,3,4,4,1,1,0,0,2,2,3,3,3,3,0,0,2,2,0,0
130,-0.55,-0.1,1,0,0,3,3,5,5,5,5,3,3,0,0,2,2,2,2,3,3,4,4,5,5,5,5,3,3,5,5,2,2,1,1,3,3,2,2,5,5,5,5,3,3,5,5,1,1,0,0,2,2,3,3,3,3,0,0,2,2,2,2
131,-0.4,-0.1,4,1,1,1,1,0,0,4,4,0,0,1,1,0,0,4,2,2,2,0,0,1,1,2,2,3,3,0,0,4,4,2,2,1,1,1,1,2,2,1,1,2,1,2,2,0,0,3,3,0,0,0,1,1,1,3,2,3,3,3,3
132,-0.25,-0.1,4,5,5,0,0,2,0,1,1,4,4,4,4,1,1,0,0,6,6,1,1,0,0,1,1,1,1,6,6,0,0,3,3,4,4,3,3,4,4,1,1,1,1,6,6,4,4,4,4,3,3,1,1,0,0,2,2,4,4,1,1
133,-0.1,-0.1,4,4,4,0,0,0,0,6,6,4,4,4,4,1,1,3,3,6,6,1,1,4,0,1,1,1,1,6,6,3,0,3,3,4,4,3,3,6,6,0,0,1,1,3,3,4,4,4,4,3,3,0,0,0,0,2,2,4,4,6,6
134,-0.85,0.05,1,0,0,3,3,1,1,5,5,0,3,0,0,4,2,2,2,4,4,3,4,5,5,5,5,3,3,5,5,2,2,1,1,7,7,2,2,5,5,5,5,4,3,2,2,1,1,0,0,2,2,0,0,3,3,0,0,2,2,2,2
135,-0.7,0.05,1,0,0,3,3,5,5,0,5,3,3,0,0,2,2,4,4,7,7,4,4,5,5,3,3,0,0,3,3,2,2,1,1,3,3,2,2,3,3,2,2,3,3,4,4,1,1,0,0,2,2,3,3,5,3,0,0,2,2,0,0
136,-0.55,0.05,4,1,1,1,1,0,0,4,4,0,3,1,1,0,0,2,2,2,2,0,0,1,1,2,2,3,3,4,4,4,2,2,2,7,7,1,1,2,2,5,5,2,3,2,2,0,0,3,3,2,2,0,3,1,1,3,0,3,2,2,2
137,-0.4,0.05,4,1,1,1,1,3,3,4,4,1,1,1,1,0,0,2,2,0,0,0,0,1,1,2,2,2,2,4,4,1,1,2,2,6,6,1,1,2,2,1,1,1,1,1,1,0,0,3,3,0,0,1,1,1,1,2,2,0,0,3,3
138,-0.25,0.05,4,5,5,2,1,3,3,3,3,1,1,4,4,0,0,1,1,0,0,1,1,0,0,1,1,3,3,2,2,0,0,3,3,2,2,3,3,4,4,1,1,1,1,1,1,0,0,1,1,1,1,1,1,2,2,2,2,4,4,1,1
139,-0.7,0.2,1,0,0,3,3,5,5,5,5,3,3,0,0,2,2,4,4,3,3,4,4,5,5,3,3,0,0,3,3,2,2,1,1,3,3,2,2,3,3,2,2,3,3,5,5,1,1,0,0,2,2,3,3,3,3,0,0,2,2,0,0
140,-0.55,0.2,1,0,0,3,3,1,1,0,0,3,3,0,0,2,2,4,4,3,3,4,4,2,2,3,3,0,0,3,3,2,2,1,1,7,7,2,2,3,3,4,4,3,3,5,5,1,1,0,0,2,2,3,3,3,3,0,0,2,2,0,0
141,-0.4,0.2,4,5,5,1,1,3,3,3,3,1,1,4,4,0,0,1,1,0,0,1,1,0,0,1,1,2,2,4,4,1,1,3,3,2,2,4,4,4,4,1,1,1,1,1,1,0,0,3,3,1,1,1,1,1,1,2,2,0,0,1,1
142,-0.25,0.2,4,5,5,1,1,3,3,2,2,1,1,3,3,2,0,0,0,0,0,0,1,4,4,1,1,0,0,0,0,0,0,3,3,0,0,4,4,1,1,0,0,2,2,0,0,3,0,1,1,1,1,1,1,4,4,2,2,0,0,1,1
143,-0.1,0.2,4,5,5,1,1,3,3,2,2,1,1,3,3,0,0,4,4,0,0,1,1,0,0,1,1,3,3,0,0,1,0,3,3,2,2,4,4,2,4,3,3,2,2,0,0,0,0,1,1,1,1,1,1,4,4,2,2,0,0,1,1
144,0.05,0.2,4,2,5,1,1,3,3,3,3,1,1,3,3,0,0,0,0,6,6,1,1,3,3,1,1,3,3,0,0,0,0,3,3,0,0,4,4,4,4,3,3,1,1,7,0,0,0,1,1,1,1,2,2,4,4,1,1,4,4,1,1
145,0.2,0.2,4,4,5,2,2,3,3,6,3,4,4,2,2,0,0,3,3,5,6,5,1,3,3,6,1,3,3,6,2,3,0,0,3,0,0,0,0,6,4,0,0,0,1,0,0,4,4,2,2,3,1,2,2,2,2,1,1,1,4,5,1
146,0.35,0.2,4,5,5,2,2,3,3,1,3,4,4,2,2,0,0,0,1,6,6,1,1,3,3,1,1,3,3,2,2,0,0,3,3,0,0,0,0,4,4,0,0,1,1,0,0,4,4,1,4,1,1,2,2,2,2,1,1,4,4,1,1
147,0.5,0.2,4,5,5,0,0,2,2,3,3,4,4,4,4,1,1,1,1,0,6,1,1,0,0,1,1,1,1,2,2,0,0,3,3,6,6,3,3,4,4,1,1,1,1,3,3,0,0,4,4,1,1,0,1,0,0,3,2,4,4,1,1
148,0.65,0.2,4,5,5,0,0,2,2,3,3,4,4,4,4,1,1,2,1,6,6,1,1,0,0,2,2,2,1,2,2,1,0,3,3,6,6,3,3,4,4,1,1,1,1,1,1,0,0,4,4,1,1,1,1,1,0,2,2,4,4,1,1
149,0.8,0.2,4,3,3,0,0,0,2,3,3,1,4,1,1,3,1,1,1,0,0,0,0,2,2,4,4,1,1,1,1,0,0,3,3,5,5,3,3,1,1,2,2,1,1,4,4,4,4,4,4,0,0,3,1,5,5,0,2,0,4,6,6
150,0.95,0.2,3,1,1,1,0,1,1,2,2,0,0,1,1,4,4,0,0,4,4,3,3,1,1,4,4,0,0,0,0,1,1,2,2,1,1,1,1,1,1,4,4,4,4,2,2,3,3,3,3,0,0,0,0,1,1,3,3,3,3,3,3
151,1.1,0.2,3,0,0,3,3,1,1,0,2,3,0,0,0,2,2,0,0,7,4,4,3,2,2,3,4,0,0,3,3,2,1,1,2,7,7,2,1,3,1,2,2,3,4,5,5,1,3,0,3,2,0,3,3,3,3,0,0,2,3,0,3
152,1.25,0.2,3,3,3,1,1,5,1,2,2,0,0,1,3,4,4,0,0,4,4,3,3,2,2,4,4,0,0,0,0,1,1,2,2,1,1,1,1,1,1,4,4,4,4,5,5,3,3,3,3,0,0,3,3,3,3,0,0,3,3,3,3
153,1.4,0.2,3,1,1,1,1,1,1,2,2,0,0,3,3,2,2,0,0,2,2,0,0,0,0,4,4,0,0,3,3,1,1,2,2,2,2,4,4,1,1,1,1,2,2,1,1,3,3,1,1,0,0,0,0,4,4,3,3,0,0,3,3
154,1.55,0.2,5,2,2,1,1,3,3,2,2,1,1,3,3,2,2,0,0,6,6,1,1,3,3,1,1,3,3,5,5,0,0,3,3,0,0,4,4,4,4,3,1,2,2,7,7,3,3,1,1,1,1,2,2,4,4,1,1,4,4,4,4
155,1.7,0.2,5,5,5,0,0,2,2,3,3,4,4,4,4,1,1,1,1,6,6,1,1,0,0,1,1,3,3,2,2,0,0,3,3,2,0,3,3,4,4,1,1,1,0,6,7,4,2,4,4,1,1,1,1,0,0,2,2,4,4,1,1
156,1.85,0.2,5,5,5,0,0,2,2,3,3,4,4,4,4,3,3,1,1,5,5,1,1,0,0,1,1,2,2,1,1,0,0,0,0,6,6,3,3,4,4,1,1,0,0,3,3,2,2,4,4,1,1,1,1,0,0,2,2,4,4,1,1
157,2.0,0.2,3,1,1,1,1,3,3,4,4,1,1,1,1,0,0,4,4,2,2,0,0,1,1,2,2,3,3,5,5,4,4,2,2,1,1,1,1,2,2,1,1,2,2,1,1,0,0,3,3,0,0,1,1,1,1,3,3,0,0,3,3
158,2.15,0.2,3,1,1,1,1,3,3,2,2,0,0,3,3,4,4,0,0,2,2,0,0,0,0,4,4,0,0,0,0,1,1,2,2,2,2,1,1,1,1,1,1,2,2,1,1,3,3,1,1,0,0,0,0,4,4,3,3,0,0,3,3
159,2.3,0.2,3,1,1,1,1,1,1,2,2,0,0,3,3,2,2,0,0,2,2,0,0,0,0,4,4,0,0,3,0,1,1,2,2,2,2,4,1,1,1,0,0,2,2,1,1,3,3,1,1,0,0,0,0,4,4,3,3,0,0,3,3
160,2.45,0.2,3,3,3,1,1,0,0,2,2,0,0,3,3,0,0,0,0,2,2,0,0,0,0,4,4,0,0,0,0,0,0,2,2,6,6,1,1,1,1,4,4,2,2,3,3,3,3,3,3,0,0,0,0,1,1,3,3,0,0,6,6
161,2.6,0.2,6,4,4,0,0,4,4,6,6,2,2,2,2,1,1,3,3,1,1,2,2,4,4,6,6,1,1,1,1,3,3,0,0,0,0,0,0,6,6,0,0,0,0,0,0,4,4,2,2,3,3,2,2,0,0,1,1,1,1,5,5
162,2.75,0.2,6,4,4,2,2,3,3,6,6,4,4,2,2,0,0,3,3,5,5,5,5,4,4,6,6,1,1,6,6,3,3,0,0,0,0,0,0,6,6,0,0,0,0,6,6,4,4,2,2,3,3,2,2,0,0,1,1,1,1,5,5
163,2.9,0.2,6,4,4,2,2,3,3,6,6,4,4,2,2,0,0,3,3,5,5,5,5,4,4,6,6,1,1,6,6,3,3,0,0,0,0,0,0,6,6,0,0,0,0,0,0,4,4,2,2,3,3,2,2,2,2,1,1,1,1,5,5
164,3.05,0.2,6,2,4,0,0,4,4,1,1,2,2,2,2,1,1,1,1,1,1,2,2,3,3,0,0,2,2,2,2,0,0,0,0,0,0,0,0,0,0,3,3,0,0,0,0,2,2,2,2,1,3,2,2,2,2,1,1,1,1,4,4
165,-0.7,0.35,1,0,0,3,3,1,1,5,5,3,3,0,0,2,2,4,4,7,7,4,4,5,5,3,3,0,0,3,3,2,2,1,1,3,3,2,2,3,3,2,2,3,3,4,5,1,1,0,0,2,2,3,3,3,3,0,0,2,2,0,0
166,-0.55,0.35,1,0,0,3,3,1,1,0,0,3,3,0,0,2,2,4,4,7,7,4,4,5,5,3,3,0,0,3,3,2,2,1,1,7,7,2,2,3,3,4,4,3,3,5,5,1,1,0,0,2,2,3,3,3,3,0,0,2,2,0,0
167,-0.4,0.35,6,4,4,0,0,2,2,6,6,2,2,2,2,1,1,3,3,1,1,2,2,4,4,6,6,1,1,1,1,3,3,0,0,0,0,0,0,6,6,0,0,0,0,6,6,4,4,2,2,3,3,2,2,0,0,1,1,1,1,5,5
168,-0.25,0.35,6,4,4,0,0,2,2,6,6,2,2,2,2,3,3,3,3,1,1,2,2,4,4,0,0,1,1,1,1,3,3,0,0,0,0,0,0,0,0,0,0,0,0,1,1,2,2,2,2,3,3,2,2,0,0,1,1,1,1,5,5
169,-0.1,0.35,4,5,5,2,0,3,3,3,3,4,4,3,3,0,0,1,1,6,6,1,1,3,3,1,1,2,2,0,0,0,0,3,3,0,0,4,4,4,4,3,3,1,0,0,0,0,0,1,1,1,1,2,2,4,4,1,1,4,4,1,1
170,0.05,0.35,4,5,5,0,0,4,4,3,3,4,4,4,4,1,1,2,2,6,6,1,1,0,0,0,1,2,2,2,2,0,0,3,3,2,2,3,3,4,4,3,3,0,0,0,0,2,2,4,4,1,1,2,2,2,2,1,1,4,4,1,1
171,0.2,0.35,4,5,5,0,0,2,2,3,3,4,4,4,4,1,1,1,1,0,0,1,1,0,0,1,1,2,2,2,2,0,0,3,3,6,6,3,3,4,4,1,1,1,1,6,6,0,0,4,4,1,1,1,1,1,2,2,2,4,4,1,1
172,0.35,0.35,4,5,5,0,0,2,2,3,3,4,4,4,4,1,1,1,1,6,6,1,1,0,0,1,1,2,2,2,2,0,0,3,3,2,2,3,3,4,4,1,1,1,1,6,6,0,0,4,4,1,1,1,1,0,0,2,2,4,4,1,1
173,0.5,0.35,4,5,5,0,0,2,2,3,3,4,4,4,4,1,1,1,1,6,6,1,1,0,0,1,1,1,1,1,1,0,0,3,3,6,6,3,3,4,4,1,1,1,1,3,3,4,4,4,4,1,1,1,1,0,0,2,2,4,4,1,1
174,0.65,0.35,4,4,4,0,0,2,2,1,3,4,4,2,2,1,1,3,3,5,6,5,1,4,4,6,6,1,1,1,1,3,3,0,0,4,4,0,0,6,6,0,0,0,0,6,6,4,4,2,2,3,3,1,1,0,0,2,2,1,1,5,5
175,0.8,0.35,5,5,4,0,0,2,2,3,3,4,4,4,4,1,1,1,1,6,5,1,5,0,4,1,6,2,1,2,1,0,0,3,3,2,2,3,3,4,6,1,0,1,1,1,1,2,4,4,4,1,3,1,1,2,0,2,2,4,4,1,5
176,0.95,0.35,5,4,4,0,0,2,2,1,1,4,4,4,4,1,1,3,3,5,5,5,5,4,4,6,6,1,1,1,1,3,3,0,0,4,4,0,0,6,6,0,0,0,0,3,3,4,4,2,2,3,3,1,1,0,0,2,2,4,4,5,5
177,1.1,0.35,3,3,3,1,1,0,0,2,2,0,0,3,3,4,4,0,0,2,2,0,0,0,0,4,4,0,0,0,0,1,1,2,2,6,6,1,1,1,1,1,0,2,2,2,2,3,3,3,3,0,0,0,0,1,1,3,3,0,0,3,3
178,1.25,0.35,3,1,1,3,1,1,1,2,2,0,0,3,3,2,2,0,0,4,4,3,3,0,0,4,4,0,0,3,0,1,1,2,2,2,2,1,1,1,1,0,0,4,4,1,1,3,3,1,1,0,0,0,0,4,4,3,3,3,3,3,3
179,1.4,0.35,3,1,1,1,1,0,0,4,2,0,0,1,3,0,0,4,0,2,2,0,0,1,0,2,4,3,0,0,0,1,1,2,2,1,2,1,1,2,1,1,1,2,2,2,1,0,3,3,1,0,0,0,0,1,4,3,3,0,0,3,3
180,1.55,0.35,5,4,4,2,2,3,3,6,6,4,4,2,2,1,1,3,3,5,5,5,5,4,4,6,6,1,1,6,6,3,3,0,0,0,0,0,0,6,6,0,0,0,0,0,0,4,4,2,2,3,3,2,2,2,2,1,1,1,1,5,5
181,1.7,0.35,5,2,2,2,2,4,4,3,3,2,2,4,4,1,1,2,2,5,5,2,2,3,3,0,0,2,2,4,4,0,0,3,3,0,0,0,0,0,0,3,3,0,0,7,7,2,2,1,1,1,1,2,2,2,2,1,1,1,1,4,4
182,1.85,0.35,5,2,2,2,2,4,4,3,3,2,2,4,4,1,1,2,2,5,5,2,2,3,3,0,0,2,2,4,4,0,0,0,0,0,0,0,0,0,0,3,3,0,0,7,7,2,2,1,1,1,1,2,2,2,2,1,1,4,4,4,4
183,2.0,0.35,3,1,1,1,1,3,3,4,4,0,0,1,1,0,0,4,4,2,2,3,3,1,1,2,2,3,3,5,5,4,4,2,2,1,1,1,1,2,2,1,1,2,2,1,1,3,3,0,0,2,0,0,0,1,1,3,3,3,3,2,2
184,2.15,0.35,3,3,3,4,1,5,5,2,2,0,0,1,1,0,0,0,0,4,4,3,3,2,2,4,4,1,0,6,6,1,1,2,2,3,3,1,1,1,1,2,2,4,4,4,4,3,3,3,3,0,0,3,3,5,5,0,0,3,3,0,0
185,2.3,0.35,3,3,3,1,1,5,5,2,2,0,0,1,1,4,2,0,0,4,4,3,3,2,2,4,4,0,0,0,3,1,1,2,2,5,3,1,1,1,1,4,2,4,4,5,5,3,3,3,3,0,0,3,3,3,3,0,0,3,3,3,3
186,2.45,0.35,1,0,0,3,3,1,1,0,0,3,3,0,0,2,2,4,4,7,7,4,4,5,5,3,3,0,0,3,3,2,2,1,1,3,3,2,2,3,3,2,2,3,3,5,5,1,1,0,0,2,2,3,3,3,3,0,0,2,2,0,0
187,2.6,0.35,1,0,0,3,3,5,1,5,5,3,3,0,0,4,2,2,4,7,7,4,4,5,5,5,3,0,0,5,3,2,2,1,1,3,3,2,2,3,3,2,2,3,3,4,4,1,1,0,0,2,2,3,3,5,3,0,0,2,2,0,0
188,2.75,0.35,1,0,0,3,3,1,1,5,5,3,3,0,0,2,2,4,4,7,7,4,4,5,5,3,3,0,0,3,3,2,2,1,1,3,3,2,2,3,3,2,2,3,3,5,5,1,1,0,0,2,2,3,3,3,3,0,0,2,2,0,0
189,2.9,0.35,6,4,4,0,0,2,2,1,1,4,4,4,4,1,1,1,1,5,5,5,5,0,0,1,1,1,1,1,1,0,0,0,0,4,4,0,0,6,6,1,1,0,0,6,6,2,2,4,4,3,3,1,1,0,0,2,2,4,4,5,5
190,3.05,0.35,6,4,4,0,0,2,2,6,1,2,2,2,2,3,1,3,1,1,1,2,2,4,3,6,0,1,1,1,1,3,3,0,0,4,4,0,0,0,0,0,3,0,0,6,6,2,2,2,2,3,3,2,2,0,0,1,1,1,1,5,5
191,3.2,0.35,6,4,4,0,0,4,4,1,1,2,2,2,2,1,1,1,1,1,1,2,2,3,3,0,0,2,2,2,2,3,3,0,0,0,0,0,0,0,0,3,3,0,0,0,0,2,2,2,2,3,3,2,2,2,2,1,1,1,1,4,4
192,-0.7,0.5,1,0,0,3,3,5,1,5,5,3,3,0,0,4,2,2,2,3,3,3,4,5,5,5,5,3,3,5,5,2,2,1,1,3,3,2,2,5,5,5,5,4,3,5,5,1,1,0,0,2,2,3,3,5,3,0,0,2,2,2,2
193,-0.55,0.5,1,0,0,3,3,1,1,0,0,3,3,0,0,2,2,4,4,3,3,4,4,5,5,3,3,0,0,3,3,2,2,1,1,7,7,2,2,3,3,4,4,3,3,2,2,1,1,0,0,2,2,3,3,3,3,0,0,2,2,0,0
194,-0.4,0.5,6,4,4,0,0,2,2,6,6,2,2,2,2,3,3,3,3,1,1,2,2,4,4,6,6,1,1,1,1,3,3,0,0,0,0,0,0,0,0,0,0,0,0,6,6,2,2,2,2,3,3,2,2,0,0,1,1,1,1,5,5
195,-0.25,0.5,6,4,4,0,0,2,2,6,6,2,2,2,2,3,3,3,3,1,1,2,2,4,4,6,6,1,1,1,1,3,3,0,0,4,0,0,0,0,0,0,0,0,0,3,3,2,2,2,2,3,3,2,2,0,0,1,1,1,1,5,5
196,-0.1,0.5,6,4,4,0,0,4,2,1,1,2,2,2,2,3,3,1,1,1,1,2,2,3,3,0,0,2,2,1,1,3,3,0,0,0,0,0,0,0,0,3,3,0,0,0,0,2,2,2,2,3,3,2,2,2,0,1,1,1,1,4,4
197,0.05,0.5,6,4,4,0,0,2,2,6,1,2,2,2,2,3,3,3,3,1,1,2,2,4,3,6,0,1,2,1,1,3,3,0,0,4,0,0,0,0,0,0,3,0,0,3,0,2,2,2,2,3,3,1,2,0,0,1,1,1,1,5,5
198,0.2,0.5,6,4,4,0,0,4,4,1,1,2,2,2,2,1,1,0,1,1,1,2,2,3,3,0,0,2,2,2,2,3,3,0,0,0,0,0,0,0,0,3,3,0,0,0,0,2,2,2,2,3,3,2,2,2,2,1,1,1,1,4,4
199,0.35,0.5,6,4,4,0,0,2,2,1,1,2,2,2,2,3,3,1,1,1,1,2,2,4,4,0,0,2,2,1,1,3,3,0,0,4,0,0,0,0,0,1,1,0,0,3,3,2,2,2,2,3,3,2,2,0,0,1,1,1,1,5,5
200,0.5,0.5,6,2,2,0,0,4,4,1,1,2,2,2,2,1,1,1,1,1,1,2,2,3,3,0,0,2,2,2,2,3,3,0,0,0,0,0,0,0,0,3,3,0,0,7,7,2,2,2,2,1,1,2,2,2,2,1,1,1,1,4,4
201,0.65,0.5,5,4,4,2,2,3,3,6,6,2,2,2,2,1,1,3,3,1,1,2,2,4,4,6,6,1,1,6,6,3,3,0,0,0,0,0,0,6,6,0,0,0,0,0,0,4,4,2,2,3,3,2,2,2,2,1,1,1,1,5,5
202,0.8,0.5,5,4,4,0,0,2,2,6,6,4,4,2,2,1,1,3,3,5,5,5,5,4,4,6,6,1,1,1,1,3,3,0,0,0,0,0,0,6,6,0,0,0,0,6,6,4,4,2,2,3,3,1,1,0,0,1,1,1,1,5,5
203,0.95,0.5,5,4,4,2,2,3,3,6,6,4,4,2,2,0,0,3,3,5,5,5,5,4,4,6,6,1,1,6,6,3,3,0,0,0,0,0,0,6,6,0,0,0,0,1,1,4,4,2,2,3,3,2,2,2,0,1,1,1,1,5,5
204,1.1,0.5,5,4,4,2,2,3,3,6,6,4,4,2,2,0,0,3,3,6,6,5,5,4,4,6,6,1,1,6,6,3,3,0,0,0,0,0,0,6,6,0,0,1,1,0,1,4,4,2,2,3,3,2,2,4,4,1,1,1,1,5,5
205,1.25,0.5,3,5,5,1,1,3,3,2,2,1,1,3,3,0,0,0,0,0,0,0,0,0,0,1,1,3,3,0,0,0,0,3,3,2,2,4,4,1,1,0,0,2,2,1,1,3,3,1,1,1,1,1,1,4,4,2,2,0,0,1,1
206,1.4,0.5,3,1,1,1,1,3,3,2,2,0,0,3,3,4,4,0,0,2,2,0,0,0,0,4,4,0,0,0,0,1,1,2,2,2,2,1,1,1,1,1,1,2,2,1,1,3,3,1,1,0,0,0,0,4,4,3,3,0,0,3,3
207,1.55,0.5,5,4,4,0,0,2,2,6,6,2,2,2,2,1,1,3,3,1,1,2,2,4,4,6,6,1,1,1,1,3,3,0,0,0,0,0,0,0,0,0,0,0,0,6,6,4,4,2,2,3,3,2,2,0,0,1,1,1,1,5,5
208,1.7,0.5,5,2,2,2,2,4,4,3,3,2,2,2,2,1,1,2,2,1,1,2,2,3,3,0,0,2,2,4,4,0,0,0,0,0,0,0,0,0,0,3,3,0,0,7,7,2,2,2,2,1,1,2,2,2,2,1,1,1,1,4,4
209,1.85,0.5,5,4,4,0,0,4,4,1,3,2,2,2,2,1,1,1,1,1,1,2,2,3,3,0,0,2,2,2,2,3,0,0,0,0,0,0,0,0,0,3,3,0,0,0,0,2,2,2,2,3,3,2,2,2,2,1,1,1,1,4,4
210,2.0,0.5,3,1,1,1,1,3,3,2,2,0,0,3,1,2,2,4,4,2,2,0,0,0,0,4,4,3,3,5,5,1,1,2,2,2,2,4,4,2,2,3,3,2,2,0,0,3,3,1,1,0,0,1,1,4,4,2,2,0,3,1,1
211,2.15,0.5,3,1,1,3,3,1,5,2,2,3,3,1,1,2,2,0,0,4,4,3,3,2,2,4,4,0,0,3,3,4,4,1,1,1,3,2,2,1,1,4,2,4,4,5,5,3,3,0,0,0,0,3,3,3,3,0,0,3,3,0,0
212,2.3,0.5,1,0,0,3,3,5,5,0,0,3,3,0,0,2,2,0,0,3,3,4,4,5,5,3,3,0,0,3,3,4,4,1,1,3,3,2,2,3,3,2,2,3,3,4,5,1,1,0,0,2,2,3,3,3,3,0,0,2,2,0,0
213,2.45,0.5,1,0,0,3,3,1,1,0,0,3,3,0,0,2,2,4,4,7,7,4,4,5,5,3,3,0,0,3,3,2,2,1,1,3,3,2,2,3,3,2,2,3,3,5,5,1,1,0,0,2,2,3,3,3,3,0,0,2,2,0,0
214,2.6,0.5,1,0,0,3,3,1,1,0,0,3,3,0,0,2,2,4,4,7,7,4,4,5,5,3,3,0,0,3,3,2,2,1,1,3,3,2,2,3,3,2,2,3,3,2,2,1,1,0,0,2,2,3,3,3,3,0,0,2,2,0,0
215,2.75,0.5,1,0,0,3,3,1,1,5,5,3,3,0,0,2,2,4,4,7,7,4,4,5,5,3,3,0,0,3,3,2,2,1,1,3,3,2,2,3,3,2,2,3,3,4,4,1,1,0,0,2,2,3,3,5,5,0,0,2,2,0,0
216,2.9,0.5,1,0,0,3,3,1,1,0,0,3,3,0,0,2,2,0,0,7,7,4,4,2,2,3,3,0,0,3,3,4,4,1,1,1,1,2,2,3,3,2,2,3,3,5,5,1,1,0,0,0,0,3,3,3,3,0,0,2,2,0,0
217,3.05,0.5,6,2,4,2,2,4,4,1,1,2,2,2,2,1,1,0,0,1,1,2,2,3,3,0,0,2,2,2,2,3,3,0,0,0,0,0,0,0,0,3,3,0,0,7,7,2,2,2,2,3,3,2,2,2,2,1,1,1,1,4,4
218,3.2,0.5,6,4,4,2,2,4,4,6,1,2,2,2,2,1,1,3,1,1,1,2,2,3,3,0,0,2,2,2,2,3,3,0,0,0,0,0,0,0,0,3,3,0,0,7,7,2,2,2,2,3,3,2,2,2,2,1,1,1,1,4,4
219,3.35,0.5,6,4,4,0,0,2,4,1,1,2,2,4,2,3,1,1,1,1,1,2,2,0,3,0,0,2,2,1,1,3,3,0,0,4,0,0,0,0,0,1,3,0,0,6,7,2,2,2,2,3,3,2,2,0,2,1,1,1,1,4,4
220,-0.55,0.65,1,0,0,3,3,1,1,5,5,3,3,0,0,2,2,2,2,3,3,4,4,5,5,5,5,3,3,5,5,2,2,1,1,7,7,2,2,5,5,5,5,3,3,2,2,1,1,0,0,2,2,3,3,3,3,0,0,2,2,2,2
221,-0.4,0.65,1,0,0,3,3,5,5,5,5,3,3,0,0,4,4,2,2,3,3,3,3,5,5,5,5,3,3,5,5,2,2,1,1,3,3,2,2,5,5,4,4,4,4,5,5,1,1,0,0,2,2,3,3,5,5,0,0,2,2,0,0
222,-0.25,0.65,6,5,5,0,0,2,2,3,3,2,2,4,4,3,3,2,2,5,5,2,2,1,1,0,0,2,2,1,1,0,0,0,0,5,5,3,3,0,0,5,5,0,0,3,3,2,2,4,4,1,1,1,1,0,0,2,2,4,4,1,1
223,-0.1,0.65,6,4,4,0,0,2,2,1,1,2,2,2,2,3,3,1,1,1,1,2,2,3,3,0,0,2,2,1,1,3,3,0,0,4,4,0,0,0,0,3,3,0,0,6,6,2,2,2,2,3,3,2,2,0,0,1,1,1,1,4,4
224,0.05,0.65,6,4,4,0,0,2,2,1,1,2,2,2,2,3,3,1,1,1,1,2,2,3,3,0,0,2,2,1,1,3,3,0,0,0,0,0,0,0,0,3,3,0,0,1,1,2,2,2,2,3,3,2,2,0,0,1,1,1,1,5,5
225,0.2,0.65,6,4,4,0,0,4,4,1,1,2,2,2,2,3,3,1,1,1,1,2,2,3,3,0,0,2,2,1,1,3,3,0,0,0,0,0,0,0,0,3,3,0,0,0,0,2,2,2,2,3,3,2,2,2,2,1,1,1,1,4,4
226,0.35,0.65,6,4,4,0,0,2,2,6,1,2,2,2,2,3,3,3,1,1,1,2,2,4,4,0,0,1,2,1,1,3,3,0,0,0,0,0,0,0,0,0,3,0,0,6,6,2,2,2,2,3,3,2,2,0,0,1,1,1,1,5,5
227,0.5,0.65,6,2,2,2,2,4,4,1,1,2,2,2,2,1,1,1,1,1,1,2,2,3,3,0,0,2,2,2,2,3,3,0,0,0,0,0,0,0,0,3,3,0,0,7,7,2,2,2,2,1,1,2,2,2,2,1,1,1,1,4,4
228,0.65,0.65,5,4,4,2,2,3,3,6,6,4,4,2,2,0,1,3,3,5,5,5,5,4,4,6,6,1,1,6,6,3,3,0,0,0,0,0,0,6,6,0,0,0,0,1,1,4,4,2,2,3,3,2,2,2,2,1,1,1,1,5,5
229,0.8,0.65,5,4,4,0,0,2,2,6,6,4,4,2,2,1,1,3,3,5,5,5,5,4,4,6,6,1,1,1,1,3,3,0,0,4,4,0,0,6,6,0,0,0,0,6,6,4,4,2,2,3,3,1,1,0,0,1,1,1,1,5,5
230,0.95,0.65,5,4,4,0,0,2,2,6,6,2,4,2,2,3,3,3,3,1,5,2,5,4,4,0,0,1,1,1,1,3,3,0,0,4,4,0,0,0,6,0,0,0,0,3,3,2,2,2,2,3,3,1,1,0,0,1,1,1,1,5,5
231,1.1,0.65,5,4,4,2,2,3,3,6,6,4,4,2,2,0,0,3,3,5,5,5,5,4,4,6,6,1,1,6,6,3,3,0,0,0,0,0,0,6,6,0,0,0,0,1,1,4,4,2,2,3,3,2,2,0,0,1,1,1,1,5,5
232,1.25,0.65,5,4,4,0,0,0,0,6,6,4,4,2,2,0,0,3,3,5,5,5,5,4,4,6,6,1,1,6,6,3,3,0,0,0,0,0,0,6,6,0,0,0,0,6,6,4,4,2,2,3,3,1,1,0,0,1,1,1,1,5,5
233,1.4,0.65,3,0,0,4,4,5,0,0,0,0,0,1,1,4,4,4,4,4,4,3,3,2,2,4,4,0,0,0,0,4,4,2,2,5,5,2,2,1,1,4,4,4,4,5,5,3,3,3,3,0,0,3,3,3,3,0,0,3,3,0,0
234,1.55,0.65,3,3,3,4,4,0,0,2,2,0,0,1,1,0,0,0,0,2,2,0,0,2,2,4,4,1,1,6,6,1,1,2,2,5,5,1,1,1,1,4,4,2,2,4,4,3,3,3,3,0,0,3,3,1,1,0,0,0,0,6,6
235,1.7,0.65,3,1,3,4,4,0,0,4,4,1,1,1,1,1,1,1,1,0,0,0,0,1,2,2,2,3,3,2,2,1,1,3,3,5,5,1,1,2,2,4,4,1,1,3,4,0,0,3,3,0,0,0,0,1,1,3,3,0,0,3,3
236,1.85,0.65,3,3,3,0,0,0,0,3,3,1,1,4,4,1,1,3,3,0,0,1,0,2,2,1,1,1,1,1,1,0,0,3,3,5,5,3,1,4,4,2,2,1,1,4,4,4,4,4,4,3,3,0,0,0,0,3,3,0,0,6,6
237,2.0,0.65,3,1,1,4,4,0,0,4,4,0,0,1,1,0,0,1,1,2,2,0,0,1,1,2,2,3,3,0,0,1,1,2,2,5,5,1,1,2,2,4,4,2,2,3,3,0,0,3,3,0,0,0,0,1,1,3,3,3,3,3,3
238,2.15,0.65,1,0,0,3,3,5,5,0,0,3,3,0,0,4,4,4,4,3,3,3,3,5,5,3,3,0,0,0,0,4,4,1,1,3,3,2,2,5,5,2,2,4,4,5,5,1,1,0,0,2,2,3,3,3,3,0,0,2,2,0,0
239,2.3,0.65,1,0,0,3,3,5,5,5,5,3,3,0,0,4,4,2,2,3,3,4,4,5,5,5,3,3,0,5,5,2,2,1,1,3,3,2,2,5,5,5,2,3,3,5,5,1,1,0,0,2,2,3,3,5,5,0,0,2,2,2,0
240,2.45,0.65,1,0,0,3,3,5,5,5,5,3,3,0,0,4,4,4,4,7,7,4,4,5,5,3,3,0,0,3,3,2,2,1,1,3,3,2,2,3,3,2,2,3,3,4,4,1,1,0,0,2,2,3,3,5,5,0,0,2,2,0,0
241,2.6,0.65,1,0,0,3,3,1,1,5,5,3,3,0,0,2,2,2,4,3,3,4,4,5,5,5,3,3,0,5,5,2,2,1,1,3,3,2,2,5,3,5,2,3,3,2,2,1,1,0,0,2,2,3,3,3,3,0,0,2,2,2,0
242,2.75,0.65,1,0,0,3,3,5,5,0,0,3,3,0,0,4,4,4,4,3,3,4,4,5,5,3,3,0,0,0,0,2,2,1,1,3,3,2,2,3,3,2,2,3,3,4,4,1,1,0,0,2,2,3,3,5,5,0,0,2,2,0,0
243,2.9,0.65,6,5,5,1,1,3,3,2,2,1,1,3,3,0,0,0,0,0,0,1,1,0,0,1,1,3,3,0,0,0,0,3,3,2,2,4,4,4,4,1,1,1,1,1,1,0,0,1,1,1,1,1,1,1,1,2,2,0,0,1,1
244,3.05,0.65,6,4,4,0,0,4,4,1,1,2,2,2,2,1,1,3,3,1,1,2,2,3,3,6,6,2,2,1,1,3,3,0,0,0,0,0,0,0,0,3,3,0,0,0,0,2,2,2,2,3,3,2,2,2,2,1,1,1,1,5,5
245,3.2,0.65,6,4,4,0,0,4,4,1,1,2,2,2,2,1,1,1,1,1,1,2,2,3,3,0,0,2,2,1,1,3,3,0,0,0,0,0,0,0,0,3,3,0,0,7,7,2,2,2,2,3,3,2,2,2,2,1,1,1,1,4,4
246,-0.25,0.8,1,0,0,3,3,1,1,5,5,3,3,0,0,4,4,2,2,3,3,4,4,5,5,5,5,3,3,5,5,2,2,1,1,3,3,2,2,5,5,5,5,4,4,2,2,1,1,0,0,2,2,3,3,3,3,0,0,2,2,2,2
247,-0.1,0.8,1,0,0,3,3,1,1,0,0,3,3,0,0,2,2,0,0,3,3,4,4,2,2,3,0,0,2,3,3,4,4,1,1,7,7,2,2,3,0,4,4,3,0,5,5,1,1,0,0,2,2,3,3,3,3,0,0,2,2,0,0
248,0.05,0.8,6,2,4,0,0,4,4,1,1,2,2,2,2,1,3,1,1,1,1,2,2,3,3,0,0,2,2,2,1,3,3,0,0,0,0,0,0,0,0,3,3,0,0,0,0,2,2,2,2,1,3,2,2,2,2,1,1,1,1,4,4
249,0.2,0.8,6,4,4,0,0,4,4,1,1,2,2,2,2,3,3,1,1,1,1,2,2,3,3,0,0,2,2,1,1,3,3,0,0,0,0,0,0,0,0,3,3,0,0,0,0,2,2,2,2,3,3,2,2,2,2,1,1,1,1,4,4
250,0.35,0.8,6,4,4,0,0,4,4,1,1,2,2,2,2,3,3,1,1,1,1,2,2,3,3,0,0,2,2,1,1,3,3,0,0,0,0,0,0,0,0,3,3,0,0,7,0,2,2,2,2,3,3,2,2,2,2,1,1,1,1,4,4
251,0.5,0.8,6,4,4,0,0,4,4,1,1,2,2,2,2,3,3,1,1,1,1,2,2,3,3,0,0,2,2,1,1,3,3,0,0,0,0,0,0,0,0,3,3,0,0,0,0,2,2,2,2,3,3,2,2,2,2,1,1,1,1,4,4
252,0.65,0.8,5,4,4,0,0,2,2,6,6,2,2,2,2,3,3,3,3,5,5,5,5,4,4,6,6,1,1,1,1,3,3,0,0,4,0,0,0,6,6,0,0,0,0,3,3,4,4,2,2,3,3,1,1,0,2,2,2,1,1,5,5
253,0.8,0.8,5,5,5,1,0,3,2,3,3,1,1,3,2,0,3,0,3,0,5,1,1,0,0,1,1,3,1,0,1,0,0,3,0,2,4,4,0,4,4,0,0,1,0,1,1,0,0,1,2,1,1,1,1,4,0,2,2,4,4,1,1
254,0.95,0.8,5,5,5,0,0,2,2,3,3,4,4,4,4,3,3,1,3,5,5,1,1,0,0,0,0,2,1,1,1,0,0,0,0,6,6,3,3,4,4,1,0,0,0,6,6,2,2,4,4,1,1,1,1,0,0,2,2,4,4,1,1
255,1.1,0.8,5,3,4,1,0,0,0,6,6,1,4,3,2,0,0,3,3,0,5,0,5,0,0,1,6,1,1,6,6,0,0,3,0,2,0,3,3,1,6,0,0,2,0,3,6,4,4,4,4,3,3,0,0,0,0,3,1,0,1,6,5
256,1.25,0.8,5,4,4,0,0,2,0,6,6,4,4,2,2,1,1,3,3,5,5,5,5,4,4,6,6,1,1,1,6,3,3,0,0,0,0,0,0,6,6,0,0,0,0,6,6,4,4,2,2,3,3,2,2,0,0,1,1,1,1,5,5
257,1.4,0.8,5,3,3,0,0,0,0,3,3,4,4,4,1,1,1,3,3,0,0,1,1,0,0,1,1,1,1,6,6,0,0,3,2,6,6,3,3,4,4,4,4,1,1,3,3,4,4,4,3,3,3,0,0,0,0,3,3,4,4,6,6
258,1.55,0.8,3,1,3,1,4,0,0,4,4,1,0,1,1,0,0,4,4,2,2,0,0,1,2,2,4,3,3,0,0,1,1,2,2,1,5,1,1,2,1,1,4,2,2,2,2,0,3,3,3,0,0,0,0,1,1,3,3,0,0,3,3
259,1.7,0.8,3,3,3,4,4,5,5,2,2,0,0,1,1,4,4,0,0,4,4,3,0,2,2,4,4,0,0,0,0,1,1,2,2,5,5,1,1,1,1,2,2,4,4,4,4,3,3,3,3,0,0,3,0,3,3,0,3,3,0,0,0
260,1.85,0.8,3,3,3,1,1,5,5,6,6,0,0,3,3,4,4,3,3,2,2,0,0,4,4,4,4,1,1,6,6,0,0,3,3,4,4,1,1,1,1,0,0,2,2,5,5,3,3,1,1,3,3,0,0,0,0,3,3,0,0,6,6
261,2.0,0.8,6,4,4,0,0,2,2,6,6,4,4,2,2,1,1,3,3,5,5,5,5,4,4,6,6,1,1,1,1,3,0,0,0,4,4,0,0,6,6,0,0,0,0,3,3,4,4,2,2,3,3,1,0,0,0,2,3,1,1,5,5
262,2.15,0.8,6,2,2,0,0,4,4,1,1,2,2,4,4,3,3,1,1,1,1,2,2,3,3,0,0,2,2,2,2,0,0,0,0,0,0,0,0,0,0,3,3,0,0,0,0,2,2,2,2,1,1,2,2,2,2,1,1,1,1,4,4
263,2.3,0.8,6,2,2,0,0,4,4,3,3,2,2,4,4,1,1,2,2,5,5,2,2,0,0,0,0,2,2,2,2,0,0,0,0,2,2,0,0,0,0,3,3,0,0,0,0,2,2,4,4,1,1,2,2,2,2,1,1,4,4,4,4
264,2.45,0.8,6,5,5,0,0,2,2,3,3,4,4,4,4,1,1,1,1,6,6,1,1,0,0,1,1,2,2,2,2,0,0,3,3,2,2,3,3,4,4,1,1,1,1,1,1,0,0,4,4,1,1,1,1,1,1,2,2,4,4,1,1
265,2.6,0.8,6,2,2,2,2,4,4,3,3,2,2,2,2,1,1,1,1,1,1,2,2,3,3,0,0,2,2,2,2,0,0,0,0,0,0,0,0,0,0,3,3,0,0,7,7,2,2,2,2,1,1,2,2,2,2,1,1,1,1,4,4
266,2.75,0.8,6,4,4,2,2,4,4,1,1,2,2,2,2,1,1,0,0,1,1,2,2,3,3,0,0,2,2,2,2,3,3,0,0,0,0,0,0,0,0,3,3,0,0,0,0,2,2,2,2,3,3,2,2,2,2,1,1,1,1,4,4
267,2.9,0.8,6,4,4,0,0,0,0,6,6,4,2,2,2,1,1,3,3,5,1,5,2,4,4,6,6,1,1,1,1,3,3,0,0,4,0,0,0,6,6,0,0,0,0,3,3,4,4,2,2,3,3,1,1,0,0,2,2,1,1,5,5
268,3.05,0.8,6,4,4,0,0,2,2,6,6,2,2,2,2,1,1,3,3,1,1,2,2,4,4,6,6,1,1,1,1,3,3,0,0,0,0,0,0,6,6,0,0,0,0,6,6,4,4,2,2,3,3,2,2,0,0,1,1,1,1,5,5
269,3.2,0.8,6,2,4,0,0,4,4,1,1,2,2,2,2,3,1,1,1,1,1,2,2,3,3,0,0,2,2,2,1,0,3,0,0,0,0,0,0,0,0,3,3,0,0,0,0,2,2,2,2,1,3,2,2,2,2,1,1,1,1,4,4
