"x","y","type"
8703,9235,"1"
9743,3483,"5"
4364,8714,"3"
7811,2805,"4"
8295,3079,"4"
11442,5131,"6"
10095,2165,"7"
10025,8879,"3"
8108,10139,"1"
9197,10754,"2"
7701,4121,"3"
8913,5081,"3"
10500,7906,"3"
7094,3503,"3"
3385,6646,"3"
9615,2446,"6"
6885,7657,"1"
11124,10878,"3"
10504,8460,"3"
10728,6244,"5"
4377,10375,"3"
10613,7006,"4"
5458,10021,"3"
8083,6818,"2"
10342,2994,"7"
8058,3496,"3"
10336,2302,"7"
11234,9423,"3"
3858,5535,"2"
6129,3233,"2"
5824,10641,"3"
10588,3684,"6"
10123,5902,"4"
9281,5978,"3"
5551,6491,"1"
5532,3999,"1"
3889,9549,"3"
8784,4044,"4"
3860,5811,"3"
7092,3226,"3"
10281,10815,"3"
7977,8687,"1"
7737,8827,"1"
4361,8299,"3"
6422,10152,"2"
8325,6954,"3"
7020,9525,"1"
9052,7641,"3"
10502,8183,"3"
9495,2516,"6"
7957,6057,"3"
9064,9163,"2"
11812,6305,"6"
5216,9885,"3"
4568,3868,"1"
4230,6985,"3"
8538,3354,"4"
6629,5721,"1"
5760,2198,"3"
2898,5957,"3"
6753,6205,"1"
6484,2469,"3"
4360,8161,"3"
5809,8703,"2"
6904,10149,"1"
9268,4317,"4"
4498,10444,"3"
3399,8445,"3"
8306,4463,"3"
6023,5103,"1"
9994,4727,"5"
6134,3926,"2"
8819,8611,"2"
3747,6712,"3"
8059,3634,"3"
3369,4569,"3"
9750,4313,"5"
4470,6845,"2"
6137,4341,"1"
8589,9997,"1"
11704,7897,"4"
5932,9049,"2"
4735,10027,"3"
10709,3752,"6"
10363,5762,"4"
6976,3850,"3"
3400,8583,"3"
10462,2924,"7"
4330,4285,"1"
4456,4907,"1"
9379,3140,"5"
10719,5136,"5"
9552,9990,"2"
11691,6236,"6"
7496,8829,"1"
3629,7059,"3"
5556,7044,"1"
8216,8547,"1"
4107,6640,"3"
10138,7840,"3"
7026,10355,"1"
9167,6878,"3"
4604,8574,"3"
9617,2722,"6"
11241,10392,"3"
9049,7225,"3"
4463,5876,"2"
5559,7460,"1"
5092,9401,"3"
3604,3737,"2"
10725,5828,"5"
5433,6699,"1"
9181,8678,"3"
8698,8543,"2"
8309,4878,"3"
8431,5085,"3"
2771,5058,NA
5540,4968,"1"
11931,6096,"6"
11477,9698,"3"
3756,7958,"3"
7003,7310,"1"
5283,2894,"1"
11727,10942,"3"
8348,9999,"1"
3136,5540,"3"
9284,6393,"3"
7228,5232,"2"
9902,8534,"3"
4122,8578,"3"
3968,4080,"1"
6892,8626,"1"
9032,5011,"3"
8837,10964,"1"
4590,6775,"2"
5072,6771,"1"
3037,8378,"3"
3497,5607,"3"
4806,3451,"1"
6135,4064,"2"
4325,3593,"1"
6365,2678,"3"
3257,5608,"3"
5343,10783,"3"
5103,10924,"3"
4207,3940,"1"
10877,10049,"3"
10098,2580,"7"
9882,5904,"4"
2799,8796,"3"
7000,6895,"1"
5894,4066,"1"
6884,7519,"1"
7340,4193,"3"
7006,7725,"1"
9791,9711,"3"
9754,4867,"4"
5807,8427,"2"
9772,7220,"3"
9047,6949,"3"
11555,4230,"7"
8586,9582,"1"
10468,3754,"6"
4982,10855,"3"
10040,10817,"3"
10735,7213,"4"
4140,10931,"3"
3764,8927,"3"
9511,4592,"4"
8685,6882,"3"
6882,7242,"1"
9535,7775,"3"
3020,6164,"3"
6026,5518,"1"
7382,9730,"1"
5926,8218,"1"
7748,10350,"1"
5539,4830,"1"
6265,5378,"1"
10226,3618,"6"
5808,8565,"2"
9867,3966,"5"
11724,10527,"3"
9734,2237,"7"
5682,7805,"1"
7976,8549,"1"
2650,4990,NA
4941,5457,"1"
6619,4337,"2"
8101,9170,"1"
5223,10853,"3"
7327,2394,"4"
7579,3915,"3"
10120,5487,"4"
6006,2888,"2"
7982,9379,"1"
8543,4046,"3"
10957,4719,"6"
8933,7711,"3"
9537,8052,"3"
4851,9403,"3"
8186,4533,"3"
10632,9497,"3"
3263,6439,"3"
10854,7004,"4"
6980,4265,"3"
8910,4804,"3"
11721,10112,"3"
3268,7131,"3"
8955,10617,"1"
5408,3516,"1"
10716,4721,"5"
11592,9075,"3"
8915,5358,"3"
8454,8130,"2"
4975,9886,"3"
11918,4435,"7"
9523,6114,"3"
5643,2684,"2"
3614,5121,"2"
8169,2318,"5"
8587,9720,"1"
5933,9187,"2"
6975,3712,"3"
10955,4443,"6"
9183,8955,"2"
4219,5463,"2"
3606,4014,"2"
11810,6028,"6"
11823,7689,"5"
7367,7653,"1"
7746,10073,"1"
3624,6367,"3"
11236,9700,"3"
10740,7905,"3"
8899,3282,"5"
5817,9811,"3"
7210,2879,"3"
6531,8560,"1"
8778,3213,"5"
3160,8724,"3"
8425,4254,"3"
7968,7580,"2"
5423,5454,"1"
4446,3662,"1"
5447,8637,"2"
5692,9189,"2"
5670,6282,"1"
4968,8917,"3"
6250,3302,"2"
4935,4627,"1"
10461,2785,"7"
9266,4040,"4"
10593,4376,"6"
11703,7759,"4"
10874,9634,"3"
7472,5646,"2"
9648,6736,"3"
9736,2514,"6"
3837,2766,"1"
8803,6535,"3"
11707,8313,"4"
5446,8499,"2"
10220,2787,"7"
10607,6175,"4"
10616,7421,"4"
8562,6537,"3"
8091,7925,"2"
10389,9222,"3"
10701,2783,"7"
10518,10398,"3"
4242,8508,"3"
3989,6849,"3"
10344,3271,"6"
2670,7620,NA
11801,4921,"7"
8170,2457,"5"
10266,8877,"3"
8693,7851,"2"
7971,7995,"2"
3526,9344,"3"
6520,7175,"1"
5294,4278,"1"
6255,3994,"2"
7085,2257,"3"
8569,7367,"3"
6140,4756,"1"
10020,8187,"3"
7967,7441,"2"
11912,3605,"7"
7697,3568,"3"
6981,4404,"3"
2902,6511,"3"
9509,4315,"4"
8821,8888,"2"
6366,2816,"3"
6044,7871,"1"
7871,10695,"1"
5548,6075,"1"
4380,10791,"3"
7974,8410,"1"
4348,6638,"2"
9862,3274,"6"
11454,6792,"5"
6423,10291,"2"
5545,5660,"1"
4937,4904,"1"
4438,2554,"1"
10465,3339,"6"
5662,5175,"1"
7624,9866,"1"
3509,7129,"3"
5917,7111,"1"
9671,9781,"3"
4685,3383,"1"
8916,5496,"3"
9794,10127,"3"
8903,3835,"4"
3502,6160,"3"
3863,6227,"3"
9785,9019,"3"
3875,7749,"3"
10988,8733,"3"
9057,8194,"3"
8791,4874,"3"
7205,2187,"4"
8175,3149,"4"
4979,10440,"3"
9738,2791,"6"
5191,6563,"1"
11831,8796,"4"
6488,3023,"3"
9282,6116,"3"
7740,9242,"1"
7719,6474,"2"
11915,4020,"7"
7585,4745,"3"
8090,7786,"2"
3752,7404,"3"
3149,7339,"3"
11669,3330,"7"
7500,9383,"1"
3599,3184,"1"
8802,6397,"3"
11433,4024,"7"
11471,9006,"3"
4736,10165,"3"
3025,6856,"3"
5095,9816,"3"
10507,8875,"3"
9037,5564,"3"
4702,5597,"1"
11114,9494,"3"
9413,7569,"3"
3514,7821,"3"
6270,5932,"1"
11702,7620,"5"
7622,9589,"1"
5462,10575,"3"
8449,7438,"2"
3836,2628,"1"
7207,2464,"3"
3148,7201,"3"
3019,6026,"3"
3767,9342,"3"
8458,8683,"1"
7234,6063,"2"
7933,3012,"4"
7708,5090,"3"
4197,2556,"1"
6287,8146,"1"
5652,3929,"1"
7104,4749,"3"
9906,9088,"3"
9989,4173,"5"
10956,4581,"6"
9527,6668,"3"
9798,10680,"3"
7257,9108,"1"
7712,5505,"3"
11424,2778,"7"
10879,10326,"3"
9641,5906,"3"
4084,3595,"1"
9393,4939,"4"
10990,9010,"3"
8453,7991,"2"
5218,10161,"3"
4228,6708,"3"
4622,10927,"3"
3393,7753,"3"
3740,5882,"3"
9498,2931,"5"
10009,6803,"3"
6035,6764,"1"
11220,7624,"4"
9916,10333,"3"
9194,10477,"1"
7012,8556,"1"
8812,7642,"3"
7983,9517,"1"
11556,4369,"7"
8220,8962,"1"
9741,3206,"6"
10218,2510,"7"
9995,4865,"5"
3265,6716,"3"
8665,4252,"3"
6498,4269,"2"
7625,10005,"1"
10848,6174,"5"
11953,9003,"3"
9308,9577,"2"
6782,9942,"1"
10464,3201,"7"
8177,3426,"4"
6495,3854,"2"
9799,10819,"3"
11227,8593,"3"
10353,4516,"5"
3610,4568,"2"
3755,7819,"3"
8659,3422,"4"
9499,3069,"5"
6055,9394,"2"
5320,7738,"2"
6603,2261,"3"
5672,6559,"1"
7017,9248,"1"
7107,5164,"2"
3870,7057,"3"
10240,5417,"4"
5697,9742,"3"
9426,9230,"3"
6635,6413,"1"
11697,7067,"5"
4714,7258,"2"
11352,9215,"3"
3027,7133,"3"
7844,7096,"2"
8560,6260,"3"
7582,4330,"3"
6756,6482,"1"
6123,2541,"3"
11603,10459,"3"
6053,9117,"2"
7332,3086,"3"
3033,7825,"3"
11472,9145,"3"
4449,4077,"1"
11548,3261,"7"
10014,7356,"3"
4853,9680,"3"
9534,7637,"3"
8922,6327,"3"
9040,5980,"3"
8570,7506,"3"
3247,4363,"3"
9980,2927,"6"
8301,3909,"3"
5581,10366,"3"
4440,2831,"1"
11229,8870,"3"
11185,3057,"7"
3868,6780,"3"
11075,4372,"6"
6638,6828,"1"
11096,7141,"4"
7617,8897,"1"
2661,6513,NA
7930,2597,"4"
8893,2451,"5"
4709,6566,"2"
2911,7618,"3"
7602,6960,"2"
7346,4885,"3"
4924,3104,"1"
11560,4784,"7"
3621,5952,"3"
6662,10012,"2"
9877,5212,"4"
10506,8737,"3"
11676,4299,"7"
4350,6915,"3"
11604,10597,"3"
3644,8997,"3"
11204,5548,"6"
10224,3341,"6"
5661,5036,"1"
11554,4092,"7"
9883,6043,"4"
8704,9374,"1"
4249,9477,"3"
7261,9661,"1"
4195,2279,"1"
9070,9994,"2"
10347,3686,"6"
4354,7330,"3"
9755,5005,"4"
3489,4499,"2"
9899,8119,"3"
5675,6974,"1"
3735,5190,"2"
10706,3337,"7"
10230,4171,"5"
8297,3355,"4"
6537,9390,"1"
5222,10715,"3"
9529,6945,"3"
8446,7022,"3"
11105,8386,"3"
4802,2898,"1"
10755,9842,"3"
7753,10903,"1"
8541,3769,"4"
7005,7587,"1"
5881,2266,"3"
7727,7582,"2"
3636,8028,"3"
10989,8872,"3"
7030,10909,"2"
7001,7033,"1"
9541,8606,"3"
8332,7923,"2"
3153,7755,"3"
10833,4236,"6"
4592,7052,"2"
7147,10423,"1"
9016,2796,"5"
11447,5823,"6"
6282,7592,"1"
5901,4896,"1"
3852,4704,"2"
6631,5998,"1"
6275,6624,"1"
4210,4355,"1"
3021,6302,"3"
4003,8786,"3"
9654,7567,"3"
4331,4424,"1"
7011,8417,"1"
7232,5786,"2"
8215,8408,"1"
8813,7781,"3"
9494,2377,"6"
10019,8049,"3"
5919,7388,"1"
6429,10983,"2"
7724,7166,"2"
3140,6094,"3"
6147,5586,"1"
11940,7342,"5"
7932,2874,"4"
8947,9649,"1"
11690,6098,"6"
6538,9528,"1"
6033,6487,"1"
7331,2948,"3"
9981,3066,"6"
9435,10475,"2"
9071,10132,"1"
11667,3053,"7"
7992,10763,"1"
9979,2789,"7"
5918,7249,"1"
11590,8798,"3"
7251,8277,"1"
8898,3143,"5"
7709,5229,"3"
10376,7561,"3"
8423,4116,"3"
7090,2949,"3"
11712,9005,"3"
4131,9685,"3"
6534,8975,"1"
4688,3798,"1"
5284,3032,"1"
9317,10822,"2"
3496,5468,"3"
8775,2798,"5"
5293,4140,"1"
8563,6675,"3"
5789,6074,"1"
8828,9857,"1"
7575,3361,"3"
8580,8890,"1"
9028,4457,"4"
9917,10472,"3"
2791,7688,"3"
3646,9274,"3"
6025,5380,"1"
10239,5279,"5"
10835,4513,"6"
5806,8288,"2"
9631,4522,"4"
7455,3431,"3"
6131,3510,"2"
9672,9920,"3"
4984,10994,"3"
4589,6636,"2"
5533,4138,"1"
3841,3320,"1"
8823,9165,"1"
3017,5749,"3"
8465,9514,"1"
6065,10639,"3"
11845,10595,"3"
3403,8999,"3"
4019,10863,"3"
6505,5238,"1"
11908,3051,"7"
10393,9776,"3"
4618,10374,"3"
7465,4815,"3"
4453,4630,"1"
8211,7855,"2"
10373,7146,"3"
5209,8916,"3"
6160,7386,"1"
11666,2915,"7"
5186,6009,"1"
4366,8991,"3"
6779,9527,"1"
9626,3830,"5"
8412,2593,"5"
3957,2696,"1"
6992,5926,"2"
9018,3073,"5"
9892,7150,"3"
7615,8621,"1"
9383,3555,"5"
10831,3959,"6"
5914,6696,"1"
6733,3575,"3"
9053,7779,"3"
6380,4616,"2"
10371,6869,"4"
9403,6185,"3"
11584,7967,"4"
8820,8750,"2"
9021,3488,"5"
5305,5800,"1"
10752,9427,"3"
10366,6177,"4"
10262,8324,"3"
5441,7807,"2"
11213,6655,"5"
7700,3983,"3"
10846,5897,"5"
11478,9837,"3"
10349,3963,"6"
10000,5557,"4"
4469,6707,"2"
10712,4168,"6"
7630,10558,"1"
4730,9335,"3"
9554,10267,"2"
7086,2396,"3"
8661,3699,"4"
8657,3145,"5"
5165,3241,"1"
8789,4736,"3"
4707,6290,"2"
5668,6005,"1"
11925,5266,"6"
10829,3682,"7"
10392,9638,"3"
9521,5976,"3"
5567,8567,"2"
7510,10628,"1"
3643,8858,"3"
10127,6456,"4"
8656,3007,"5"
4214,4771,"1"
10611,6729,"4"
4857,10233,"3"
3605,3876,"2"
3370,4708,"3"
8085,7094,"2"
2918,8587,"3"
9992,4450,"5"
11799,4644,"7"
10381,8115,"3"
11958,9695,"3"
5210,9054,"3"
4594,7329,"3"
9550,9713,"3"
8936,8126,"3"
4621,10789,"3"
7245,7447,"1"
4843,8296,"3"
7381,9591,"1"
7590,5299,"3"
5081,8017,"2"
9146,4110,"4"
3256,5470,"3"
10870,9080,"3"
11304,2848,"7"
7578,3776,"3"
10399,10468,"3"
10008,6664,"3"
7851,8065,"1"
4575,4837,"1"
10881,10603,"3"
7830,5297,"3"
4848,8988,"3"
4196,2418,"1"
5583,10643,"3"
5826,10918,"3"
11961,10110,"3"
8942,8956,"2"
9045,6672,"3"
8218,8824,"1"
11228,8731,"3"
8417,3285,"4"
6304,10499,"2"
2770,4920,NA
9553,10128,"2"
5805,8150,"1"
9759,5559,"4"
8581,9028,"1"
8234,10900,"1"
6020,4826,"1"
3720,3252,"1"
4464,6015,"2"
8061,3911,"3"
11326,5755,"5"
10141,8255,"3"
9677,10612,"2"
9742,3344,"5"
4614,9958,"3"
5775,4274,"1"
11937,6927,"5"
8672,5083,"3"
5528,3446,"1"
4241,8369,"3"
3135,5402,"3"
7022,9802,"1"
9280,5839,"3"
6180,10016,"2"
3631,7336,"3"
10400,10606,"3"
7938,3566,"3"
4700,5321,"1"
6878,6688,"1"
10838,4928,"5"
4494,10028,"3"
7135,8901,"1"
11000,10394,"3"
10473,4446,"5"
6771,8558,"1"
6127,2957,"3"
10961,5273,"5"
6288,8285,"1"
6636,6552,"1"
4216,5047,"2"
4114,7471,"3"
10233,4586,"5"
6860,4335,"2"
6901,9733,"1"
7270,10769,"1"
8178,3564,"3"
10038,10540,"3"
5814,9395,"2"
11113,9355,"3"
10365,6039,"4"
7093,3365,"3"
10521,10675,"3"
7867,10141,"1"
10580,2715,"7"
5317,7323,"1"
7601,6821,"2"
3279,8515,"3"
11235,9562,"3"
11956,9418,"3"
11586,8244,"4"
4587,6360,"2"
10942,2782,"7"
11219,7486,"4"
6178,9739,"2"
3890,9687,"3"
6849,2951,"3"
5681,7666,"1"
3398,8307,"3"
9418,8261,"3"
11091,6449,"5"
4607,8989,"3"
4221,5740,"2"
5657,4483,"1"
10361,5485,"5"
9627,3968,"5"
9640,5768,"4"
10715,4583,"6"
7591,5437,"3"
8456,8406,"2"
9304,9023,"3"
3367,4293,"2"
4570,4145,"1"
7739,9104,"1"
4725,8642,"3"
5584,10781,"3"
11847,10872,"3"
7252,8416,"1"
5660,4898,"1"
8300,3771,"3"
7504,9936,"1"
10498,7768,"3"
9540,8467,"3"
8785,4182,"4"
6179,9877,"2"
9147,4249,"4"
4807,3590,"1"
5553,6768,"1"
10737,7489,"4"
7981,9241,"1"
5221,10577,"3"
7954,5780,"3"
10591,4099,"6"
6889,8211,"1"
6175,9324,"2"
3638,8305,"3"
10754,9704,"3"
9780,8327,"3"
8073,5572,"3"
6648,8213,"1"
8941,8818,"2"
8190,5086,"3"
10022,8464,"3"
7613,8344,"1"
11469,8730,"3"
5568,8705,"2"
10140,8117,"3"
7452,3016,"3"
8293,2802,"5"
6847,2674,"3"
4726,8781,"3"
4320,2901,"1"
5170,3794,"1"
7469,5230,"3"
4598,7744,"3"
8783,3905,"4"
5523,2754,"2"
5767,3167,"2"
4482,8367,"3"
11839,9903,"3"
5041,2757,"1"
6268,5655,"1"
7841,6681,"2"
4204,3525,"1"
3847,4012,"1"
10489,6522,"4"
11063,2850,"7"
4565,3453,"1"
10873,9495,"3"
5703,10573,"3"
4106,6502,"3"
9652,7290,"3"
8462,9237,"1"
8305,4324,"3"
8320,6400,"3"
9549,9575,"3"
6749,5651,"1"
3276,8100,"3"
7219,4125,"3"
6886,7796,"1"
5679,7389,"1"
3893,10102,"3"
8687,7159,"3"
5934,9325,"2"
7021,9663,"1"
8195,5779,"3"
4564,3315,"1"
8322,6539,"3"
4812,4282,"1"
10015,7495,"3"
10369,6592,"4"
9410,7153,"3"
6859,4197,"3"
3142,6371,"3"
3741,6020,"3"
2778,6027,NA
4496,10167,"3"
9647,6598,"3"
7149,10700,"1"
11686,5544,"6"
7486,7583,"1"
9384,3693,"5"
5321,7877,"2"
6608,2953,"3"
9292,7500,"3"
8337,8615,"1"
10248,6524,"4"
9789,9434,"3"
5190,6424,"1"
3726,3944,"2"
9657,7982,"3"
6247,2887,"3"
6049,8563,"1"
6626,5306,"1"
5785,5520,"1"
5929,8633,"2"
10146,8947,"3"
11359,10045,"3"
4804,3174,"1"
4561,2899,"1"
7824,4466,"3"
5690,8912,"2"
5195,7116,"1"
6034,6625,"1"
3507,6852,"3"
7596,6129,"2"
7258,9246,"1"
9649,6875,"3"
9170,7294,"3"
10626,8667,"3"
8530,2246,"5"
10151,9639,"3"
10221,2926,"7"
7139,9455,"1"
9375,2586,"6"
7262,9800,"1"
3032,7686,"3"
9661,8536,"3"
4962,8225,"3"
6875,6411,"1"
11207,5963,"5"
11575,6860,"5"
6894,8903,"1"
7948,4950,"3"
8811,7504,"3"
3984,6295,"3"
4813,4420,"1"
9797,10542,"3"
6391,6000,"1"
8345,9584,"1"
8547,4461,"3"
11813,6443,"6"
11329,6170,"5"
6637,6690,"1"
9984,3481,"6"
5080,7878,"2"
8187,4671,"3"
5193,6839,"1"
7949,5088,"3"
9538,8191,"3"
8537,3215,"4"
6669,10981,"2"
3642,8720,"3"
5444,8222,"2"
11563,5199,"6"
10150,9501,"3"
7356,6269,"2"
2914,8033,"3"
7993,10902,"1"
10216,2233,"7"
5659,4760,"1"
7821,4051,"3"
6967,2604,"3"
10132,7148,"3"
3275,7961,"3"
8677,5775,"3"
7470,5369,"3"
10102,3134,"6"
11208,6102,"5"
10762,10811,"3"
7952,5504,"3"
7218,3987,"3"
8072,5433,"3"
3374,5262,"3"
8475,10898,"1"
7840,6543,"2"
5430,6422,"1"
3481,3392,"2"
5669,6144,"1"
8103,9447,"1"
11364,10737,"3"
5457,9883,"3"
6909,10841,"2"
8930,7434,"3"
5088,8847,"3"
6727,2744,"3"
6122,2403,"3"
3719,3113,"1"
10227,3756,"6"
9665,8951,"3"
3882,8718,"3"
9287,6808,"3"
11104,8248,"3"
10731,6659,"4"
9911,9641,"3"
4593,7190,"2"
8470,10206,"1"
10237,5002,"5"
4562,3038,"1"
6174,9185,"2"
10727,6105,"5"
10011,6941,"3"
5800,7458,"1"
4465,6153,"2"
10943,2920,"7"
10390,9361,"3"
5783,5243,"1"
6298,9669,"2"
5823,10503,"3"
5302,5385,"1"
6243,2471,"3"
4586,6221,"2"
8906,4251,"4"
10238,5140,"5"
8455,8268,"2"
5658,4621,"1"
7749,10488,"1"
4584,5944,"2"
7953,5642,"3"
5040,2619,"1"
9739,2929,"6"
5904,5311,"1"
5673,6697,"1"
3138,5817,"3"
4490,9475,"3"
7855,8480,"1"
6401,7384,"1"
4960,7949,"2"
4252,9753,"3"
6881,7103,"1"
8464,9375,"1"
5173,4210,"1"
9894,7427,"3"
9431,9922,"2"
9015,2658,"5"
7268,10492,"1"
11681,4852,"7"
6998,6757,"1"
4958,7672,"2"
5912,6419,"1"
10345,3409,"6"
6607,2815,"3"
11844,10457,"3"
6788,10772,"2"
3761,8650,"3"
3157,8308,"3"
9990,4311,"5"
8095,8478,"1"
10348,3824,"6"
11451,6377,"5"
10944,3058,"7"
8092,8063,"2"
2779,6166,NA
6541,9944,"2"
10394,9914,"3"
10610,6591,"4"
10855,7142,"4"
11934,6511,"6"
4798,2482,"1"
11557,4507,"7"
8180,3702,"3"
5428,6146,"1"
8326,7092,"3"
3262,6301,"3"
4450,4215,"1"
4560,2761,"1"
6730,3160,"3"
10866,8527,"3"
10481,5415,"5"
6668,10842,"2"
7838,6266,"2"
4917,2274,"1"
5313,6769,"1"
5440,7668,"2"
4349,6777,"3"
3999,8233,"3"
8706,9650,"1"
8471,10344,"1"
4980,10578,"3"
7461,4261,"3"
10819,2437,"7"
4819,5251,"1"
5331,9122,"3"
5694,9466,"2"
4942,5596,"1"
7122,7102,"1"
4837,7603,"2"
6663,10150,"2"
10968,6103,"5"
3504,6437,"3"
10583,2992,"7"
5185,5871,"1"
9753,4729,"4"
10748,8874,"3"
9666,9089,"3"
9408,6877,"3"
5089,8986,"3"
5893,3927,"1"
8200,6332,"3"
10021,8325,"3"
5772,3859,"1"
9854,2167,"7"
4491,9613,"3"
5419,4900,"1"
3846,3874,"1"
6977,3988,"3"
4381,10929,"3"
10512,9567,"3"
11726,10804,"3"
7744,9796,"1"
11952,8864,"4"
11838,9765,"3"
3980,5741,"2"
3397,8168,"3"
3758,8235,"3"
6387,5585,"1"
11846,10734,"3"
5097,10093,"3"
3630,7197,"3"
4085,3734,"1"
8895,2728,"5"
6655,9043,"1"
10710,3891,"6"
10380,7977,"3"
8822,9027,"1"
6866,5166,"2"
9185,9231,"2"
4101,5810,"2"
5641,2407,"2"
11355,9492,"3"
6898,9318,"1"
4480,8091,"3"
11206,5825,"5"
4011,9755,"3"
9076,10686,"1"
4342,5808,"2"
6261,4824,"1"
6420,9875,"2"
11699,7344,"5"
4356,7607,"3"
9270,4594,"4"
2781,6443,NA
9027,4319,"4"
9613,2169,"6"
7490,7999,"1"
4954,7118,"2"
6964,2189,"3"
11948,8311,"4"
11095,7002,"4"
8313,5432,"3"
6262,4963,"1"
3151,7616,"3"
4118,8024,"3"
3993,7402,"3"
8106,9863,"1"
9388,4247,"4"
8233,10761,"1"
3718,2975,"1"
7940,3843,"3"
2659,6236,NA
8075,5849,"3"
5339,10230,"3"
4229,6847,"3"
6545,10497,"2"
2798,8657,"3"
10035,10125,"3"
3956,2558,"1"
10028,9294,"3"
5704,10711,"3"
5063,5664,"1"
11786,2844,"7"
11486,10944,"3"
11559,4646,"7"
4816,4835,"1"
9311,9992,"2"
4477,7675,"3"
3156,8170,"3"
4257,10445,"3"
4820,5389,"1"
9762,5974,"4"
3734,5051,"2"
6308,10914,"3"
8207,7301,"2"
8094,8340,"1"
6502,4822,"2"
4831,6773,"2"
9169,7155,"3"
7481,6891,"2"
10629,9082,"3"
6781,9803,"1"
10965,5827,"5"
11806,5474,"6"
3380,5954,"3"
7495,8691,"1"
5799,7319,"1"
7990,10486,"1"
7451,2877,"3"
9152,4941,"4"
3602,3460,"2"
4120,8301,"3"
4327,3870,"1"
11449,6100,"5"
6183,10431,"2"
9174,7847,"3"
3760,8511,"3"
6046,8148,"1"
3381,6092,"3"
7145,10147,"1"
6155,6694,"1"
9374,2448,"6"
7117,6548,"1"
11239,10116,"3"
4374,9960,"3"
10705,3199,"7"
7713,5644,"3"
9306,9300,"2"
8349,10138,"1"
5653,4068,"1"
6649,8351,"1"
3278,8377,"3"
10346,3547,"6"
6393,6277,"1"
5069,6356,"1"
9544,8883,"3"
10126,6317,"4"
9913,9918,"3"
9191,10062,"2"
8327,7231,"2"
9874,4797,"4"
9532,7360,"3"
7238,6616,"1"
3842,3459,"1"
4844,8434,"3"
7984,9656,"1"
9133,2449,"5"
7450,2739,"3"
9865,3690,"5"
3985,6433,"3"
4134,10100,"3"
6899,9456,"1"
4698,5182,"1"
5082,8155,"2"
11481,10252,"3"
9031,4872,"3"
9414,7707,"3"
8658,3283,"4"
3613,4983,"2"
3877,8026,"3"
11240,10254,"3"
5911,6280,"1"
3748,6850,"3"
4610,9405,"3"
3521,8652,"3"
11348,8661,"3"
10585,3269,"7"
8945,9372,"1"
9030,4734,"4"
8304,4186,"3"
4689,3937,"1"
5075,7186,"2"
4833,7050,"2"
5563,8013,"2"
7861,9311,"1"
6618,4199,"2"
2801,9072,NA
3016,5610,"3"
11551,3677,"7"
2655,5682,NA
5557,7183,"1"
6384,5169,"1"
7738,8966,"1"
5463,10713,"3"
4489,9336,"3"
6367,2955,"3"
10156,10193,"3"
8549,4738,"3"
4436,2277,"1"
3522,8790,"3"
7127,7794,"1"
9300,8469,"3"
6870,5719,"2"
9790,9573,"3"
3270,7408,"3"
7355,6131,"2"
3991,7125,"3"
9391,4662,"4"
4481,8229,"3"
8448,7299,"3"
6850,3090,"3"
10962,5411,"5"
9787,9158,"3"
10483,5692,"5"
4939,5180,"1"
6748,5513,"2"
5174,4348,"1"
4322,3178,"1"
9056,8056,"3"
9310,9853,"2"
8715,10758,"1"
9038,5703,"3"
6414,9045,"1"
8676,5636,"3"
8800,6120,"3"
5796,7043,"1"
11123,10739,"3"
9157,5494,"3"
3749,6989,"3"
10630,9220,"3"
5784,5382,"1"
10707,3476,"7"
5335,9676,"3"
9261,3348,"5"
8891,2313,"5"
6041,7594,"1"
8702,9097,"1"
10134,7286,"3"
3023,6579,"3"
3998,8094,"3"
5439,7530,"1"
10280,10677,"3"
4485,8783,"3"
9033,5149,"3"
7087,2534,"3"
6634,6275,"1"
6048,8425,"1"
4337,5116,"1"
11438,4577,"7"
8420,3701,"4"
6497,4130,"2"
4239,8093,"3"
6910,10979,"2"
7959,6334,"3"
2775,5612,NA
10501,8045,"3"
11187,3333,"7"
7348,5162,"3"
9387,4108,"4"
8568,7229,"3"
11549,3400,"7"
4260,10861,"3"
4970,9194,"3"
10338,2440,"7"
5171,3933,"1"
5091,9263,"3"
8418,3424,"4"
4676,2276,"1"
5687,8497,"2"
5691,9050,"2"
8049,2388,"5"
3366,4154,"2"
7721,6751,"2"
5683,7943,"1"
4567,3730,"1"
4454,4769,"1"
8939,8541,"2"
11066,3265,"7"
6148,5725,"1"
5773,3997,"1"
10963,5550,"5"
7013,8694,"1"
9651,7152,"3"
7694,3152,"3"
3375,5400,"3"
4213,4632,"1"
9372,2171,"6"
10003,5972,"4"
7100,4333,"3"
10472,4308,"5"
7358,6546,"2"
6989,5511,"2"
7144,10008,"1"
10844,5758,"5"
10983,8180,"3"
5771,3721,"1"
9153,5079,"3"
11671,3607,"7"
4476,7537,"3"
4940,5319,"1"
10505,8599,"3"
8064,4326,"3"
11244,10808,"3"
4850,9264,"3"
7836,5989,"3"
8421,3839,"4"
3754,7681,"3"
4497,10305,"3"
4439,2693,"1"
3990,6987,"3"
8940,8680,"2"
10586,3407,"7"
10998,10117,"3"
4443,3246,"1"
9180,8539,"3"
4338,5254,"2"
7717,6197,"2"
5404,2962,"1"
8111,10555,"1"
6005,2750,"3"
7136,9039,"1"
3976,5188,"2"
3267,6993,"3"
7501,9521,"1"
9775,7635,"3"
11677,4437,"7"
11820,7412,"5"
10637,10189,"3"
5194,6978,"1"
8102,9309,"1"
11430,3608,"7"
3038,8517,"3"
3388,7061,"3"
7818,3636,"3"
5811,8980,"2"
4468,6568,"2"
11323,5339,"6"
4105,6363,"3"
9305,9161,"2"
4706,6151,"1"
5399,2270,"2"
9415,7846,"3"
5202,8085,"2"
8086,7233,"2"
9737,2652,"6"
5794,6766,"1"
10992,9287,"3"
9179,8401,"3"
4493,9890,"3"
8574,8060,"2"
11828,8381,"4"
5942,10294,"3"
11232,9147,"3"
4951,6703,"2"
2783,6719,NA
10713,4306,"6"
5787,5797,"1"
3266,6854,"3"
6544,10359,"2"
4083,3457,"1"
10159,10608,"3"
5461,10436,"3"
2793,7965,"3"
6970,3019,"3"
5700,10158,"3"
4202,3248,"1"
5684,8082,"2"
3271,7546,"3"
4569,4007,"1"
8675,5498,"3"
5303,5524,"1"
3838,2905,"1"
8829,9995,"1"
11310,3679,"7"
10718,4998,"5"
6381,4754,"1"
3886,9133,"3"
8353,10691,"1"
8918,5773,"3"
5070,6494,"1"
6640,7105,"1"
4340,5531,"2"
10995,9702,"3"
4319,2763,"1"
6000,2196,"3"
6745,5097,"2"
4359,8022,"3"
7110,5579,"2"
4966,8641,"3"
5061,5387,"1"
6166,8078,"1"
7351,5577,"2"
3607,4152,"2"
8457,8545,"2"
8953,10341,"1"
9254,2518,"6"
8911,4943,"3"
7124,7378,"1"
10039,10678,"3"
7623,9728,"1"
4715,7397,"2"
8303,4047,"3"
11195,4302,"6"
6900,9595,"1"
6787,10634,"2"
6302,10222,"2"
11341,7692,"4"
7336,3640,"3"
9669,9505,"3"
11960,9972,"3"
10999,10256,"3"
8909,4666,"3"
5409,3654,"1"
6045,8010,"1"
4981,10717,"3"
7118,6686,"1"
6547,10774,"2"
3731,4636,"2"
10249,6663,"4"
7095,3641,"3"
6130,3372,"2"
11789,3260,"7"
9436,10614,"2"
5908,5865,"1"
5928,8495,"1"
7690,2737,"4"
3844,3735,"1"
5564,8152,"2"
9764,6251,"3"
11308,3402,"7"
11466,8314,"4"
4355,7469,"3"
8773,2521,"5"
6295,9253,"2"
6482,2193,"3"
9856,2444,"7"
4829,6496,"1"
4444,3385,"1"
9065,9302,"2"
3959,2973,"1"
4335,4839,"1"
8682,6467,"3"
7256,8969,"1"
3493,5053,"3"
9424,8953,"3"
6871,5858,"2"
5180,5179,"1"
11561,4922,"6"
6494,3715,"2"
10832,4097,"6"
6504,5099,"1"
6623,4891,"2"
6186,10708,"3"
9289,7085,"3"
6769,8281,"1"
7825,4605,"3"
3627,6782,"3"
2916,8310,"3"
3137,5679,"3"
10868,8803,"3"
9875,4935,"4"
7342,4470,"3"
8531,2385,"5"
5213,9469,"3"
11800,4782,"7"
11574,6722,"5"
9069,9855,"1"
8897,3005,"5"
7729,7858,"1"
10517,10259,"3"
11362,10461,"3"
8053,2942,"4"
5076,7325,"2"
8466,9652,"1"
7151,10977,"2"
11930,5958,"6"
8564,6814,"3"
3995,7679,"3"
4938,5042,"1"
4929,3796,"1"
11835,9350,"3"
10486,6107,"4"
5650,3652,"1"
9020,3350,"5"
7460,4123,"3"
9513,4869,"4"
5425,5730,"1"
11949,8449,"4"
7929,2458,"4"
8946,9510,"1"
11587,8383,"4"
11103,8109,"3"
11929,5819,"6"
8290,2387,"5"
3843,3597,"1"
9866,3828,"5"
5039,2480,"1"
11312,3955,"7"
11914,3882,"7"
4579,5252,"1"
8705,9512,"1"
10953,4166,"6"
2900,6234,"3"
6382,4893,"1"
7211,3018,"3"
4323,3316,"1"
7576,3499,"3"
6736,3852,"3"
8291,2525,"5"
11818,7135,"5"
3389,7199,"3"
4079,2903,"1"
10272,9708,"3"
8679,6052,"3"
4690,4075,"1"
7937,3427,"3"
8567,7091,"3"
9977,2512,"7"
6187,10846,"3"
5289,3724,"1"
4563,3176,"1"
6614,3645,"3"
9551,9852,"2"
9145,3972,"4"
4245,8923,"3"
3150,7478,"3"
8227,9931,"1"
4855,9956,"3"
3384,6507,"3"
9319,10961,"2"
7137,9178,"1"
7215,3571,"3"
2921,9002,"3"
7004,7449,"1"
8112,10693,"1"
6014,3996,"2"
10994,9564,"3"
9407,6738,"3"
3145,6786,"3"
9138,3003,"5"
4223,6016,"2"
8110,10416,"1"
4486,8921,"3"
7810,2667,"4"
7330,2809,"3"
10217,2372,"7"
8794,5289,"3"
6496,3992,"2"
6253,3717,"2"
8081,6541,"3"
11215,6932,"5"
11547,3123,"7"
10267,9016,"3"
3390,7338,"3"
8307,4601,"3"
5939,10017,"3"
11715,9420,"3"
8596,10966,"1"
5536,4415,"1"
9642,6044,"3"
4858,10372,"3"
6902,9872,"1"
9614,2307,"6"
4344,6085,"2"
8294,2940,"4"
4583,5806,"1"
6522,7452,"1"
11068,3542,"7"
7009,8141,"1"
7221,4402,"3"
7265,10077,"1"
11946,8034,"5"
9394,5077,"4"
6643,7521,"1"
4092,4564,"1"
9904,8811,"3"
9909,9364,"3"
9025,4042,"4"
4734,9888,"3"
10824,3129,"7"
7027,10494,"1"
4099,5533,"2"
5575,9536,"3"
8428,4669,"3"
5083,8294,"2"
7457,3708,"3"
11805,5336,"6"
2658,6097,NA
4358,7884,"3"
7722,6889,"2"
8950,10064,"1"
8576,8336,"2"
5206,8639,"3"
3768,9480,"3"
11945,7895,"5"
8787,4459,"3"
3039,8655,"3"
4572,4422,"1"
10278,10400,"3"
5344,10922,"3"
5906,5588,"1"
7010,8279,"1"
8776,2937,"5"
4112,7194,"3"
9294,7777,"3"
9275,5286,"3"
9859,2859,"6"
10122,5764,"4"
4957,7533,"2"
7143,9870,"1"
10107,3826,"5"
6157,6971,"1"
10853,6866,"4"
10143,8532,"3"
10457,2370,"7"
8890,2174,"5"
4694,4629,"1"
6054,9255,"2"
5931,8910,"2"
9918,10610,"3"
3849,4289,"2"
3746,6574,"3"
6620,4476,"2"
10704,3060,"7"
7209,2741,"3"
10145,8809,"3"
4472,7122,"3"
3028,7271,"3"
4835,7327,"2"
5208,8777,"3"
9524,6253,"3"
7611,8067,"1"
6487,2885,"3"
11078,4788,"6"
5437,7253,"1"
10711,4029,"6"
8904,3974,"4"
6742,4682,"2"
4474,7399,"3"
9043,6395,"3"
7129,8071,"1"
5436,7114,"1"
4918,2412,"1"
8080,6402,"3"
3036,8240,"3"
11196,4441,"6"
11709,8589,"4"
6848,2813,"3"
3603,3599,"1"
6489,3162,"3"
11957,9556,"3"
5786,5658,"1"
7384,10006,"1"
6143,5171,"1"
9770,6943,"3"
7106,5025,"2"
7458,3846,"3"
6156,6832,"1"
7024,10078,"1"
6996,6480,"1"
11062,2711,"7"
6724,2329,"3"
3042,9071,"3"
11205,5686,"5"
9662,8674,"3"
11711,8866,"3"
9999,5419,"4"
11186,3195,"7"
10970,6380,"5"
7815,3221,"3"
4955,7257,"2"
9309,9715,"2"
11324,5478,"6"
9639,5629,"4"
5689,8774,"2"
9616,2584,"6"
3994,7541,"3"
7583,4468,"3"
8700,8820,"2"
8555,5568,"3"
11309,3540,"7"
4351,7054,"3"
8296,3217,"4"
6604,2399,"3"
2654,5544,NA
11576,6999,"5"
11303,2710,"7"
4972,9471,"3"
10584,3130,"7"
6621,4614,"2"
10106,3688,"6"
10105,3549,"6"
10245,6109,"4"
11434,4162,"7"
2919,8725,"3"
10764,10950,"3"
7857,8757,"1"
8217,8685,"1"
6986,5096,"2"
3626,6644,"3"
8415,3008,"5"
11674,4022,"7"
8168,2180,"5"
8655,2868,"5"
5445,8360,"2"
4018,10724,"3"
11910,3328,"7"
6660,9735,"1"
7839,6404,"2"
11350,8938,"3"
6159,7247,"1"
8051,2665,"4"
10382,8253,"3"
9427,9368,"3"
7747,10211,"1"
5411,3931,"1"
3955,2420,"1"
4098,5394,"2"
4711,6843,"2"
5460,10298,"3"
6063,10363,"3"
4326,3732,"1"
6158,7109,"1"
7246,7585,"1"
10367,6316,"4"
8066,4603,"3"
9267,4179,"4"
3853,4843,"2"
5925,8080,"1"
7133,8624,"1"
7868,10280,"1"
7471,5507,"3"
10582,2854,"7"
10623,8252,"3"
3490,4638,"2"
4138,10654,"3"
11327,5893,"5"
7231,5647,"2"
10597,4930,"5"
11573,6583,"5"
8181,3841,"3"
5328,8846,"3"
9619,2999,"6"
9405,6461,"3"
9531,7222,"3"
11673,3883,"7"
5899,4758,"1"
5519,2200,"2"
5416,4485,"1"
6024,5241,"1"
5774,4136,"1"
7371,8207,"1"
10834,4374,"6"
7377,9038,"1"
3623,6229,"3"
5699,10019,"3"
8944,9233,"2"
11840,10042,"3"
3757,8096,"3"
6061,10224,"2"
10744,8320,"3"
7480,6753,"2"
5910,6142,"1"
7334,3363,"3"
8534,2800,"5"
5561,7736,"1"
9760,5697,"4"
10503,8322,"3"
4838,7742,"2"
10702,2922,"7"
5529,3584,"1"
6846,2536,"3"
7369,7930,"1"
11443,5269,"6"
7269,10630,"1"
9668,9366,"3"
7845,7235,"2"
7580,4053,"3"
8109,10278,"1"
10386,8807,"3"
5525,3030,"2"
9776,7774,"3"
4612,9681,"3"
8901,3558,"4"
9385,3832,"5"
8678,5913,"3"
5197,7393,"2"
4082,3318,"1"
7858,8895,"1"
6043,7733,"1"
11343,7969,"4"
6303,10361,"2"
10157,10331,"3"
4852,9541,"3"
2903,6649,"3"
5907,5727,"1"
2892,5127,NA
7230,5509,"2"
7378,9176,"1"
4334,4701,"1"
4933,4350,"1"
7236,6339,"2"
5181,5317,"1"
6622,4752,"2"
8460,8960,"1"
5664,5452,"1"
9756,5144,"4"
10604,5760,"5"
7702,4260,"3"
4818,5112,"1"
10631,9359,"3"
10277,10261,"3"
4341,5669,"2"
11460,7484,"4"
6406,8076,"1"
9638,5491,"4"
4799,2621,"1"
3154,7893,"3"
8312,5293,"3"
11808,5751,"6"
11216,7071,"4"
7689,2599,"4"
9163,6325,"3"
7360,6823,"2"
3878,8164,"3"
6259,4547,"1"
4926,3381,"1"
9896,7703,"3"
11070,3680,"7"
11916,4158,"7"
8925,6742,"3"
9188,9647,"2"
4000,8371,"3"
4088,4149,"1"
6532,8698,"1"
6874,6273,"1"
10722,5552,"5"
6059,9947,"2"
7862,9449,"1"
9782,8604,"3"
8226,9792,"1"
3637,8166,"3"
3146,6924,"3"
3622,6090,"3"
11183,2780,"7"
11064,2988,"7"
8344,9445,"1"
8082,6679,"3"
8577,8475,"2"
4925,3243,"1"
5429,6284,"1"
6512,6068,"1"
4324,3455,"1"
7595,5991,"2"
10977,7349,"4"
6527,8144,"1"
9432,10060,"2"
9011,2243,"5"
7850,7927,"1"
5326,8569,"2"
4005,9063,"3"
11701,7482,"5"
5802,7735,"1"
9679,10889,NA
5099,10370,"3"
10242,5694,"4"
4839,7880,"3"
6855,3782,"3"
7705,4675,"3"
8550,4876,"3"
4487,9060,"3"
4692,4352,"1"
6293,8977,"1"
5570,8982,"2"
3728,4221,"2"
7338,3916,"3"
10592,4238,"6"
11459,7345,"5"
3645,9135,"3"
10577,2300,"7"
3888,9410,"3"
3965,3804,"1"
11073,4096,"6"
11689,5960,"6"
10843,5620,"5"
4318,2624,"1"
11965,10525,"3"
3839,3043,"1"
5314,6908,"1"
10742,8181,"3"
4232,7124,"3"
3500,5883,"3"
10639,10466,"3"
6511,5930,"1"
5464,10852,"3"
5102,10785,"3"
6249,3163,"3"
3958,2835,"1"
8315,5708,"3"
4682,2968,"1"
3979,5603,"2"
2901,6372,"3"
5048,3588,"1"
4074,2211,"1"
11237,9839,"3"
10496,7491,"3"
4081,3180,"1"
10228,3894,"6"
6773,8835,"1"
9143,3695,"5"
9412,7430,"3"
4588,6498,"2"
7632,10835,"1"
7475,6061,"2"
4479,7952,"3"
10244,5971,"4"
11346,8384,"3"
7484,7307,"1"
7341,4332,"3"
2780,6304,NA
7847,7511,"2"
3722,3529,"1"
10109,4103,"5"
8472,10483,"1"
8342,9169,"1"
10598,5068,"5"
10514,9844,"3"
6021,4965,"1"
9872,4520,"5"
6543,10220,"2"
8588,9859,"1"
11602,10320,"3"
9779,8189,"3"
4362,8438,"3"
8048,2250,"5"
11082,5341,"5"
10488,6384,"4"
8419,3562,"4"
4974,9748,"3"
9533,7499,"3"
7966,7303,"2"
4006,9202,"3"
10480,5277,"5"
5164,3102,"1"
5816,9672,"2"
10370,6731,"4"
6744,4959,"2"
4225,6293,"2"
5219,10300,"3"
4845,8572,"3"
6869,5581,"2"
11601,10182,"3"
10158,10470,"3"
9273,5009,"4"
6983,4680,"2"
11935,6650,"6"
7960,6472,"3"
9993,4588,"5"
5804,8011,"1"
9975,2235,"7"
7103,4610,"3"
6291,8700,"1"
9667,9228,"3"
8669,4668,"3"
7965,7164,"2"
3405,9275,"3"
4017,10586,"3"
6018,4549,"1"
5935,9464,"2"
5172,4071,"1"
9634,4937,"4"
9546,9159,"3"
10823,2990,"7"
6410,8491,"1"
3269,7269,"3"
7217,3848,"3"
10948,3474,"7"
6873,6135,"1"
4116,7747,"3"
9024,3904,"4"
6170,8631,"1"
9876,5074,"4"
6375,3924,"2"
5913,6557,"1"
3883,8857,"3"
3485,3946,"2"
6657,9320,"1"
7725,7305,"2"
6758,6758,"1"
9795,10265,"3"
11920,4712,"7"
5452,9191,"3"
8354,10830,"1"
8818,8473,"2"
3127,4433,"3"
11201,5133,"6"
7019,9386,"1"
9650,7013,"3"
10258,7770,"3"
4357,7746,"3"
7120,6963,"1"
6743,4821,"2"
9046,6810,"3"
5795,6904,"1"
5812,9119,"2"
11425,2916,"7"
10097,2442,"7"
10115,4795,"5"
10954,4304,"6"
11581,7552,"5"
9060,8610,"3"
9675,10335,"2"
6880,6965,"1"
11314,4094,"7"
10246,6247,"4"
9186,9370,"2"
6276,6762,"1"
3982,6018,"3"
8056,3357,"3"
8923,6465,"3"
4247,9200,"3"
11092,6587,"5"
7007,7864,"1"
10356,4932,"5"
10260,8047,"3"
4368,9268,"3"
4860,10649,"3"
10130,6871,"3"
6483,2331,"3"
10254,7355,"3"
7459,3985,"3"
11450,6238,"5"
7809,2529,"4"
4571,4283,"1"
5569,8844,"2"
11595,9490,"3"
6066,10778,"3"
4227,6570,"3"
8663,3976,"4"
6188,10984,"3"
5882,2405,"3"
9895,7565,"3"
5311,6493,"1"
8831,10134,"1"
8782,3767,"4"
7827,4882,"3"
4948,6288,"1"
4445,3523,"1"
4090,4287,"1"
11793,3813,"7"
10121,5625,"4"
9313,10269,"2"
5456,9744,"3"
3404,9137,"3"
9255,2656,"5"
3960,3112,"1"
11316,4371,"7"
6152,6279,"1"
5450,9052,"3"
5555,6906,"1"
9860,2997,"6"
9887,6596,"3"
11349,8800,"3"
6425,10567,"2"
9988,4035,"5"
7608,7790,"1"
4823,5666,"1"
9386,3970,"5"
9863,3413,"5"
11101,7833,"4"
11811,6166,"6"
11079,4926,"6"
5333,9399,"3"
11826,8104,"4"
5577,9813,"3"
7816,3359,"3"
11334,6724,"5"
10624,8390,"3"
8445,6884,"3"
6519,7037,"1"
3143,6509,"3"
5522,2615,"2"
9504,3623,"5"
11190,3749,"7"
4100,5671,"2"
6515,6483,"1"
11708,8451,"4"
2895,5542,NA
4352,7192,"3"
8221,9100,"1"
10116,4933,"5"
9162,6186,"3"
4953,6980,"2"
8316,5847,"3"
5334,9538,"3"
8833,10411,"1"
6415,9183,"1"
8591,10274,"1"
10401,10745,"3"
4448,3938,"1"
6427,10844,"2"
6491,3300,"3"
11194,4164,"6"
2662,6651,NA
10033,9848,"3"
8690,7436,"3"
6182,10292,"2"
4461,5599,"2"
9168,7017,"3"
10027,9156,"3"
11843,10319,"3"
5198,7532,"2"
7478,6476,"2"
6485,2608,"3"
3634,7751,"3"
6666,10566,"2"
10350,4101,"6"
10264,8600,"3"
11217,7209,"4"
11330,6308,"5"
6374,3785,"2"
3881,8580,"3"
4603,8436,"3"
11485,10806,"3"
11694,6652,"5"
8548,4599,"3"
8592,10413,"1"
9050,7364,"3"
5096,9955,"3"
6149,5863,"1"
8696,8266,"2"
8777,3075,"5"
8558,5983,"3"
8422,3977,"3"
4718,7812,"3"
11476,9560,"3"
7131,8347,"1"
5049,3726,"1"
3486,4084,"2"
7978,8825,"1"
9161,6048,"3"
7249,8000,"1"
7146,10285,"1"
2782,6581,NA
2800,8934,NA
7943,4258,"3"
11837,9627,"3"
7848,7650,"2"
9017,2935,"5"
11230,9008,"3"
9914,10056,"3"
7733,8274,"1"
6172,8908,"1"
5406,3239,"1"
3506,6714,"3"
10466,3477,"6"
3612,4844,"2"
7752,10765,"1"
8214,8270,"2"
7352,5716,"2"
9396,5354,"4"
10960,5135,"5"
5054,4418,"1"
5442,7945,"2"
3885,8995,"3"
7723,7028,"2"
9299,8331,"3"
8439,6192,"3"
5307,6077,"1"
5296,4555,"1"
5038,2342,"1"
10708,3614,"6"
5644,2822,"2"
11117,9909,"3"
3986,6572,"3"
8772,2383,"5"
11814,6581,"6"
6385,5308,"1"
4581,5529,"1"
11583,7829,"4"
10883,10880,"3"
11577,7137,"5"
5885,2820,"2"
5319,7600,"2"
10223,3202,"6"
5465,10990,"3"
6536,9252,"1"
10018,7910,"3"
10714,4444,"6"
10037,10402,"3"
7812,2944,"4"
4208,4079,"1"
9774,7497,"3"
11189,3610,"7"
9141,3418,"5"
11467,8453,"4"
4936,4765,"1"
11947,8172,"4"
6995,6341,"1"
9398,5631,"3"
10863,8250,"3"
8707,9789,"1"
7349,5300,"3"
8183,4118,"3"
8795,5428,"3"
10594,4514,"5"
4346,6361,"2"
3743,6158,"3"
4086,3872,"1"
7374,8622,"1"
11110,8940,"3"
7820,3913,"3"
11111,9078,"3"
8076,5987,"3"
10004,6111,"4"
5184,5732,"1"
8684,6744,"3"
3851,4566,"2"
5327,8707,"3"
7247,7724,"1"
4811,4143,"1"
5434,6838,"1"
8808,7227,"3"
8694,7989,"2"
7612,8205,"1"
7961,6611,"2"
11932,6235,"6"
9166,6740,"3"
7927,2182,"5"
9903,8672,"3"
8473,10621,"1"
6492,3438,"3"
6503,4961,"1"
10118,5210,"4"
9496,2654,"6"
7494,8552,"1"
4226,6432,"2"
9864,3551,"5"
5937,9741,"2"
8074,5710,"3"
9881,5766,"4"
6013,3857,"2"
4233,7262,"3"
7138,9316,"1"
6854,3643,"3"
5655,4344,"1"
3516,8098,"3"
4808,3728,"1"
6615,3783,"3"
4613,9820,"3"
4832,6911,"2"
4797,2344,"1"
6269,5793,"1"
4203,3387,"1"
4847,8849,"3"
4220,5601,"2"
7835,5850,"3"
10741,8043,"3"
5304,5662,"1"
9530,7083,"3"
4379,10652,"3"
3139,5955,"3"
9769,6805,"3"
7571,2807,"4"
10257,7631,"3"
4950,6564,"1"
5945,10709,"3"
8469,10067,"1"
6407,8214,"1"
6610,3230,"3"
11966,10664,"3"
10852,6727,"4"
3284,9207,"3"
4862,10787,"3"
9749,4175,"5"
4336,4977,"1"
3024,6718,"3"
2772,5197,NA
10492,6938,"4"
5400,2409,"2"
10006,6388,"4"
6755,6343,"1"
9263,3625,"5"
4317,2486,"1"
6139,4618,"1"
10608,6314,"4"
5702,10434,"3"
11462,7761,"4"
8921,6188,"3"
7132,8486,"1"
7350,5439,"2"
4467,6430,"2"
6988,5372,"2"
7735,8550,"1"
8230,10346,"1"
4854,9818,"3"
9873,4658,"5"
4238,7954,"3"
5782,5105,"1"
3975,5049,"2"
7720,6613,"2"
4737,10303,"3"
5166,3379,"1"
10251,6939,"3"
7449,2601,"4"
4483,8506,"3"
7849,7788,"2"
5435,6976,"1"
6759,6897,"1"
8317,5985,"3"
6016,4272,"1"
7980,9102,"1"
5680,7528,"1"
5066,5941,"1"
11002,10671,"3"
9433,10198,"2"
6279,7177,"1"
11351,9077,"3"
11679,4714,"7"
4930,3935,"1"
7951,5365,"3"
8948,9787,"1"
11108,8802,"3"
11936,6788,"6"
7931,2735,"4"
7732,8135,"1"
7216,3710,"3"
11841,10180,"3"
5162,2826,"1"
10493,7076,"4"
8917,5635,"3"
11307,3263,"7"
9670,9643,"3"
11100,7694,"4"
6386,5446,"1"
3026,6994,"3"
9142,3557,"5"
3744,6297,"3"
7264,9938,"1"
6734,3713,"3"
10826,3267,"7"
8709,9927,"1"
4237,7816,"3"
7473,5784,"2"
7208,2602,"3"
10615,7283,"4"
8927,7019,"3"
9425,9091,"3"
11317,4509,"6"
10339,2579,"7"
9160,5910,"3"
3970,4357,"1"
7224,4679,"3"
3141,6232,"3"
11716,9558,"3"
10001,5696,"4"
6294,9115,"1"
7872,10833,"1"
3608,4291,"2"
6017,4411,"1"
5580,10228,"3"
11435,4300,"7"
3639,8443,"3"
5426,5869,"1"
5903,5173,"1"
8540,3630,"4"
3635,7889,"3"
10617,7560,"3"
7260,9523,"1"
5938,9879,"2"
9377,2863,"5"
6051,8840,"2"
3769,9619,"3"
11569,6030,"6"
3766,9203,"3"
9773,7358,"3"
8210,7716,"2"
5888,3235,"2"
10717,4860,"5"
3401,8722,"3"
11589,8659,"3"
11938,7065,"5"
10642,10743,"3"
10751,9289,"3"
6364,2540,"3"
4012,9894,"3"
6030,6072,"1"
9041,6118,"3"
6004,2612,"3"
10638,10328,"3"
7226,4955,"3"
7942,4119,"3"
11320,4924,"6"
10698,2368,"7"
6746,5236,"2"
6280,7316,"1"
8088,7510,"2"
5944,10571,"3"
11098,7417,"4"
8928,7157,"3"
9655,7705,"3"
7750,10627,"1"
10351,4240,"5"
4095,4979,"2"
3737,5466,"3"
9058,8333,"3"
4250,9615,"3"
4345,6223,"2"
8826,9580,"1"
8578,8613,"2"
9986,3758,"5"
10842,5482,"5"
6165,7939,"1"
11456,6930,"5"
4452,4492,"1"
5094,9678,"3"
11202,5271,"6"
5896,4343,"1"
4078,2765,"1"
2896,5680,NA
7505,10075,"1"
4619,10512,"3"
9264,3763,"5"
10271,9569,"3"
6858,4058,"3"
10477,5000,"5"
3971,4496,"2"
5101,10647,"3"
5927,8357,"1"
10231,4310,"5"
4110,6917,"3"
10732,6797,"4"
4810,4005,"1"
11798,4505,"7"
3040,8794,"3"
8832,10272,"1"
10882,10741,"3"
8416,3147,"4"
4458,5184,"1"
10128,6594,"4"
11074,4234,"6"
9556,10544,"2"
8552,5153,"3"
10252,7078,"3"
9397,5493,"3"
11950,8588,"4"
8198,6194,"3"
6126,2818,"3"
8289,2248,"5"
5224,10992,"3"
10259,7908,"3"
7973,8272,"1"
9735,2376,"7"
8780,3490,"4"
10821,2713,"7"
4457,5046,"1"
7372,8346,"1"
3848,4151,"1"
7633,10973,"1"
8071,5295,"3"
11087,6033,"5"
11470,8868,"3"
4075,2349,"1"
7512,10905,"1"
8440,6330,"3"
7390,10698,"1"
10840,5205,"5"
9253,2379,"6"
3717,2837,"1"
4104,6225,"3"
7368,7792,"1"
4965,8502,"3"
6010,3442,"2"
6776,9111,"1"
4723,8366,"3"
10114,4657,"5"
6271,6070,"1"
6032,6349,"1"
7029,10770,"2"
7363,7238,"1"
5930,8772,"2"
8666,4391,"3"
3515,7960,"3"
5905,5450,"1"
6991,5788,"2"
8701,8958,"1"
9987,3896,"5"
11067,3404,"7"
7573,3084,"3"
5044,3173,"1"
6036,6902,"1"
7242,7170,"1"
8894,2590,"5"
8712,10342,"1"
10124,6041,"4"
4921,2827,"1"
7964,7026,"2"
6984,4819,"2"
4137,10516,"3"
9510,4454,"4"
4976,10025,"3"
10739,7766,"3"
2649,4852,NA
5407,3377,"1"
9620,3138,"5"
5765,2890,"2"
7114,6133,"2"
4703,5736,"1"
11088,6172,"5"
7846,7373,"2"
4932,4212,"1"
3874,7611,"3"
8781,3629,"4"
3491,4776,"2"
3751,7266,"3"
3392,7614,"3"
7588,5160,"3"
5053,4280,"1"
9301,8608,"3"
7586,4883,"3"
11684,5268,"6"
11829,8519,"4"
5674,6836,"1"
4595,7467,"3"
5651,3791,"1"
7603,7098,"2"
11572,6445,"5"
3264,6577,"3"
10229,4033,"5"
10618,7698,"3"
4502,10997,"3"
11687,5683,"6"
8452,7853,"2"
9528,6807,"3"
10940,2505,"7"
8350,10276,"1"
10587,3546,"6"
6865,5027,"2"
7568,2530,"4"
8176,3287,"4"
8224,9516,"1"
4363,8576,"3"
7822,4190,"3"
6363,2401,"3"
7866,10003,"1"
7946,4673,"3"
4009,9478,"3"
9132,2311,"6"
5541,5107,"1"
10720,5275,"5"
6426,10706,"2"
10467,3616,"6"
8228,10069,"1"
9618,2861,"6"
4559,2623,"1"
3867,6642,"3"
9422,8676,"3"
11336,7000,"5"
6728,2883,"3"
11321,5063,"6"
11473,9283,"3"
10760,10534,"3"
11339,7416,"4"
9272,4871,"4"
10391,9499,"3"
4217,5186,"2"
2774,5474,NA
10612,6867,"4"
3730,4498,"2"
8714,10619,"1"
7379,9314,"1"
8815,8058,"3"
5405,3101,"1"
7116,6410,"1"
7227,5094,"3"
6903,10010,"1"
3488,4361,"2"
4254,10030,"3"
11224,8178,"4"
9019,3212,"5"
6863,4751,"2"
4846,8711,"3"
9438,10891,"2"
9777,7912,"3"
9434,10337,"2"
7212,3156,"3"
7115,6271,"2"
4578,5114,"1"
8583,9305,"1"
11365,10876,"3"
6289,8423,"1"
10747,8735,"3"
7567,2392,"4"
6057,9670,"2"
6008,3165,"2"
8652,2453,"5"
7577,3638,"3"
6661,9874,"1"
5815,9534,"2"
8173,2872,"4"
5693,9327,"2"
8068,4880,"3"
9783,8742,"3"
9314,10407,"2"
11197,4579,"6"
5204,8362,"2"
3759,8373,"3"
5325,8430,"2"
9036,5426,"3"
6540,9805,"2"
9259,3071,"5"
4094,4841,"2"
7148,10562,"1"
5298,4832,"1"
8542,3907,"4"
10100,2857,"7"
9044,6533,"3"
11429,3470,"7"
8551,5015,"3"
5058,4972,"1"
5922,7664,"1"
11605,10736,"3"
11921,4850,"7"
11819,7274,"5"
9140,3280,"5"
10856,7281,"4"
6867,5304,"2"
10110,4241,"5"
7598,6406,"2"
7870,10556,"1"
6852,3366,"3"
2920,8864,"3"
6985,4957,"2"
3018,5887,"3"
7597,6268,"2"
11086,5895,"5"
11200,4994,"6"
7386,10145,"1"
10860,7835,"3"
5059,5110,"1"
6169,8493,"1"
9920,10887,"3"
4856,10095,"3"
5535,4276,"1"
3618,5675,"3"
11791,3536,"7"
7616,8759,"1"
9905,8949,"3"
9291,7362,"3"
11452,6515,"5"
4582,5668,"1"
4684,3244,"1"
10341,2855,"7"
9184,9093,"2"
7970,7856,"2"
10620,7975,"3"
6394,6415,"1"
11698,7205,"5"
7140,9593,"1"
9751,4452,"5"
8437,5915,"3"
11457,7069,"5"
4201,3110,"1"
5217,10023,"3"
6659,9597,"1"
7142,9731,"1"
7109,5441,"2"
6877,6550,"1"
4796,2205,"1"
3872,7334,"3"
7125,7517,"1"
9628,4107,"5"
7498,9106,"1"
6171,8770,"1"
7600,6683,"2"
8467,9791,"1"
2893,5265,NA
10849,6312,"5"
2915,8172,"3"
6760,7035,"1"
7831,5435,"3"
8113,10831,"1"
4722,8227,"3"
6050,8702,"1"
9539,8329,"3"
8793,5151,"3"
9269,4455,"4"
8209,7578,"2"
11598,9767,"3"
9748,4036,"5"
7225,4817,"3"
11099,7556,"4"
4822,5527,"1"
11696,6928,"5"
6424,10429,"2"
9279,5701,"3"
3484,3807,"2"
4738,10442,"3"
4218,5324,"2"
11342,7831,"4"
5087,8709,"3"
4919,2551,"1"
8314,5570,"3"
6777,9250,"1"
10358,5070,"5"
4710,6705,"2"
9164,6463,"3"
11580,7414,"5"
6548,10913,"2"
7347,5024,"3"
6893,8764,"1"
3022,6441,"3"
6369,3093,"3"
4971,9333,"3"
9559,10959,"2"
5410,3793,"1"
9659,8259,"3"
11596,9628,"3"
5887,3097,"2"
6765,7727,"1"
5182,5455,"1"
10149,9363,"3"
7453,3154,"3"
7843,6958,"2"
8699,8681,"2"
7741,9381,"1"
9423,8814,"3"
11832,8934,"3"
7389,10560,"1"
4488,9198,"3"
10589,3822,"6"
8914,5219,"3"
9175,7986,"3"
7359,6685,"2"
4695,4767,"1"
11717,9697,"3"
8937,8264,"3"
9172,7571,"3"
5050,3865,"1"
7928,2320,"4"
4681,2829,"1"
9029,4596,"4"
10125,6179,"4"
4243,8646,"3"
11565,5476,"6"
9558,10820,"2"
10966,5965,"5"
7864,9726,"1"
7745,9934,"1"
9389,4385,"4"
5646,3099,"2"
7618,9036,"1"
5322,8015,"2"
5549,6214,"1"
5781,4966,"1"
5790,6212,"1"
10364,5900,"4"
7509,10490,"1"
9745,3760,"5"
4920,2689,"1"
7479,6614,"2"
7604,7236,"2"
11564,5338,"6"
5158,2272,"1"
9402,6046,"3"
8809,7366,"3"
6395,6554,"1"
4370,9545,"3"
5761,2337,"3"
6378,4339,"2"
9165,6602,"3"
11437,4439,"7"
4015,10309,"3"
9861,3136,"6"
8188,4810,"3"
2797,8519,"3"
7375,8761,"1"
7730,7997,"1"
7023,9940,"1"
4139,10792,"3"
6890,8349,"1"
3600,3322,"2"
11593,9213,"3"
11710,8728,"4"
6161,7524,"1"
10945,3197,"7"
11479,9975,"3"
5297,4693,"1"
4978,10302,"3"
6413,8906,"1"
11119,10186,"3"
11942,7619,"5"
6653,8766,"1"
11794,3952,"7"
5093,9539,"3"
9907,9226,"3"
11458,7207,"5"
11683,5129,"6"
5084,8432,"3"
5403,2824,"2"
8554,5430,"3"
9744,3621,"5"
5647,3237,"2"
11923,5127,"6"
9912,9780,"3"
3997,7956,"3"
11463,7899,"4"
3383,6369,"3"
6525,7867,"1"
11112,9217,"3"
10335,2163,"7"
6606,2676,"3"
8347,9861,"1"
11693,6513,"5"
8805,6812,"3"
4733,9750,"3"
9629,4245,"5"
3525,9205,"3"
10758,10258,"3"
4376,10237,"3"
5883,2543,"3"
8593,10551,"1"
9919,10748,"3"
10841,5343,"5"
10355,4793,"5"
9557,10682,"2"
11222,7901,"4"
5420,5038,"1"
5340,10368,"3"
8654,2730,"5"
7842,6819,"2"
9547,9298,"3"
5803,7873,"1"
10733,6936,"4"
3510,7268,"3"
7506,10213,"1"
6523,7591,"1"
10155,10055,"3"
4316,2348,"1"
4945,5872,"1"
10876,9911,"3"
3736,5328,"2"
3379,5815,"3"
7807,2252,"4"
4729,9196,"3"
3598,3045,"1"
6766,7866,"1"
11917,4297,"7"
10474,4585,"5"
8779,3352,"4"
7736,8689,"1"
7108,5302,"2"
7335,3501,"3"
10869,8942,"3"
6891,8488,"1"
3517,8236,"3"
11218,7347,"4"
4934,4488,"1"
4959,7810,"2"
11834,9211,"3"
9898,7980,"3"
6405,7938,"1"
9149,4525,"4"
7594,5852,"2"
4740,10580,"3"
10729,6382,"4"
8084,6956,"2"
6278,7039,"1"
11358,9907,"3"
9316,10684,"2"
6747,5374,"2"
11116,9770,"3"
6845,2398,"3"
8824,9303,"1"
4367,9130,"3"
6740,4405,"2"
4720,7950,"3"
3258,5747,"3"
11959,9833,"3"
11570,6168,"5"
11591,8936,"3"
5279,2340,"2"
11097,7279,"4"
4135,10239,"3"
6906,10425,"2"
5943,10433,"3"
7096,3780,"3"
10111,4380,"5"
10878,10187,"3"
10497,7630,"3"
9757,5282,"4"
11332,6585,"5"
9793,9988,"3"
6968,2743,"3"
7852,8203,"1"
4743,10995,"3"
8774,2660,"5"
11955,9280,"3"
7098,4057,"3"
7715,5921,"3"
9658,8120,"3"
8319,6262,"3"
4686,3521,"1"
10734,7074,"4"
6506,5376,"1"
9078,10962,"1"
6398,6969,"1"
4441,2969,"1"
2897,5819,"3"
10379,7838,"3"
6379,4477,"2"
4969,9056,"3"
4013,10032,"3"
10359,5208,"5"
6624,5029,"2"
9752,4590,"4"
6411,8630,"1"
5057,4833,"1"
5797,7181,"1"
8571,7644,"2"
3765,9065,"3"
11827,8242,"4"
3969,4219,"1"
11807,5613,"6"
11824,7827,"5"
5520,2338,"2"
9886,6458,"3"
11115,9632,"3"
7344,4747,"3"
10352,4378,"5"
10375,7423,"3"
10261,8185,"3"
4973,9610,"3"
6003,2473,"3"
9503,3485,"5"
9520,5838,"3"
6514,6345,"1"
6516,6622,"1"
10862,8111,"3"
7111,5718,"2"
3855,5119,"2"
6642,7382,"1"
5161,2687,"1"
11672,3745,"7"
4859,10510,"3"
10458,2508,"7"
8311,5155,"3"
7734,8412,"1"
9262,3486,"5"
6121,2265,"3"
11083,5480,"5"
9976,2374,"7"
8411,2455,"5"
9645,6321,"3"
10460,2647,"7"
10979,7626,"4"
11448,5961,"5"
10941,2643,"7"
7714,5782,"3"
7213,3294,"3"
6605,2538,"3"
7008,8002,"1"
8052,2804,"4"
4256,10307,"3"
4680,2691,"1"
6031,6210,"1"
6786,10495,"2"
8553,5291,"3"
7826,4743,"3"
4329,4147,"1"
5547,5937,"1"
8435,5638,"3"
4600,8021,"3"
10017,7772,"3"
10590,3961,"6"
8653,2591,"5"
9519,5699,"3"
5686,8358,"2"
6639,6967,"1"
6389,5723,"1"
3724,3667,"1"
4328,4008,"1"
7105,4887,"2"
6015,4134,"1"
9260,3210,"5"
6868,5443,"2"
10485,5969,"4"
5285,3171,"1"
11184,2918,"7"
5695,9604,"3"
10274,9984,"3"
8197,6055,"3"
6300,9945,"2"
3508,6991,"3"
4591,6913,"2"
9158,5633,"3"
4927,3519,"1"
7863,9588,"1"
10636,10051,"3"
3996,7818,"3"
9507,4038,"5"
4097,5256,"2"
7474,5922,"2"
5822,10364,"3"
7214,3433,"3"
6176,9462,"2"
10635,9912,"3"
8835,10687,"1"
9048,7087,"3"
9039,5841,"3"
11568,5891,"6"
6761,7174,"1"
6783,10080,"1"
6723,2191,"3"
6630,5860,"1"
9066,9440,"2"
3371,4846,"3"
8441,6469,"3"
4378,10514,"3"
11432,3885,"7"
4199,2833,"1"
5449,8914,"3"
6526,8006,"1"
4093,4702,"1"
9399,5769,"3"
8539,3492,"4"
8595,10828,"1"
10268,9154,"3"
8908,4527,"4"
6283,7731,"1"
10490,6661,"4"
3377,5538,"3"
3609,4429,"2"
8308,4740,"3"
10402,10883,"3"
4574,4699,"1"
7126,7655,"1"
6362,2263,"3"
3733,4913,"2"
4128,9408,"3"
10721,5413,"5"
4580,5391,"1"
5891,3651,"2"
7710,5367,"3"
9296,8054,"3"
7991,10625,"1"
11797,4367,"7"
10972,6657,"5"
11084,5618,"5"
3158,8447,"3"
8594,10689,"1"
8065,4465,"3"
6667,10704,"2"
11804,5197,"6"
8334,8200,"2"
6019,4688,"1"
11788,3121,"7"
5892,3789,"2"
2917,8449,"3"
11922,4989,"7"
11714,9281,"3"
7329,2671,"3"
7380,9453,"1"
2776,5751,NA
5524,2892,"2"
6609,3091,"3"
10236,4863,"5"
5821,10226,"3"
5678,7251,"1"
8222,9239,"1"
6650,8489,"1"
4133,9962,"3"
4096,5118,"2"
4500,10720,"3"
10029,9433,"3"
4016,10447,"3"
11809,5889,"6"
9430,9783,"2"
11428,3332,"7"
10600,5345,"5"
3854,4981,"2"
5431,6561,"1"
3869,6919,"3"
7489,7860,"1"
5779,4690,"1"
7869,10418,"1"
6416,9322,"1"
8673,5221,"3"
6997,6618,"1"
7128,7932,"1"
4087,4010,"1"
5188,6147,"1"
8206,7163,"2"
4010,9617,"3"
7963,6888,"2"
5909,6004,"1"
11705,8036,"4"
6978,4127,"3"
5813,9257,"2"
3978,5465,"2"
3974,4911,"2"
6645,7797,"1"
4693,4490,"1"
5527,3307,"1"
3501,6022,"3"
10250,6801,"4"
4215,4909,"1"
8786,4321,"4"
8686,7021,"3"
3378,5677,"3"
7361,6961,"2"
2912,7757,"3"
10475,4723,"5"
6409,8353,"1"
4717,7674,"3"
8572,7783,"2"
10256,7493,"3"
10997,9979,"3"
10476,4861,"5"
11431,3747,"7"
4321,3040,"1"
5068,6218,"1"
3159,8585,"3"
3362,3601,"2"
9303,8884,"3"
11337,7139,"5"
5055,4557,"1"
10384,8530,"3"
9625,3691,"5"
2660,6374,NA
11188,3472,"7"
2657,5959,NA
8203,6747,"3"
8902,3697,"4"
3487,4223,"2"
7253,8554,"1"
5051,4003,"1"
8429,4808,"3"
3483,3669,"2"
8954,10479,"1"
9382,3416,"5"
4209,4217,"1"
10510,9291,"3"
7366,7515,"1"
5341,10506,"3"
3255,5332,"3"
3745,6435,"3"
3041,8932,"3"
5415,4346,"1"
6258,4409,"2"
3750,7127,"3"
6128,3095,"2"
11913,3743,"7"
4080,3041,"1"
6153,6417,"1"
10387,8945,"3"
5792,6489,"1"
7119,6825,"1"
6371,3370,"3"
10484,5830,"4"
10398,10330,"3"
11081,5203,"6"
7742,9519,"1"
6641,7244,"1"
7687,2322,"4"
9656,7844,"3"
6486,2746,"3"
9178,8263,"3"
6028,5795,"1"
10975,7072,"4"
11821,7550,"5"
4805,3313,"1"
9059,8471,"3"
9134,2588,"5"
10579,2577,"7"
6125,2680,"3"
5281,2617,"1"
3876,7888,"3"
3647,9412,"3"
10946,3335,"7"
9075,10547,"1"
9515,5146,"4"
7364,7377,"1"
4255,10169,"3"
6501,4684,"2"
4716,7535,"3"
7448,2462,"4"
9768,6666,"3"
11360,10184,"3"
8201,6471,"3"
7089,2811,"3"
4967,8779,"3"
3977,5326,"2"
6305,10638,"2"
6058,9809,"2"
8208,7439,"2"
7091,3088,"3"
10625,8528,"3"
11566,5614,"6"
7468,5092,"3"
10511,9429,"3"
8697,8405,"2"
9889,6735,"3"
11357,9769,"3"
11210,6378,"5"
9740,3068,"6"
5698,9881,"3"
5079,7740,"2"
11465,8176,"4"
8191,5225,"3"
11440,4854,"6"
11600,10044,"3"
4115,7609,"3"
6241,2194,"3"
7266,10215,"1"
7986,9933,"1"
5565,8290,"2"
3973,4772,"2"
6296,9392,"2"
5212,9331,"3"
5214,9608,"3"
8533,2662,"5"
10374,7285,"3"
7373,8484,"1"
6307,10776,"2"
6542,10082,"2"
10495,7353,"3"
8194,5640,"3"
10959,4996,"6"
6616,3922,"2"
7606,7513,"1"
4240,8231,"3"
11238,9977,"3"
5645,2960,"2"
8920,6050,"3"
10470,4031,"6"
8339,8892,"1"
8078,6125,"3"
10139,7978,"3"
4124,8855,"3"
8430,4946,"3"
4347,6500,"2"
10605,5899,"5"
4713,7120,"2"
8956,10756,"1"
11790,3398,"7"
7704,4536,"3"
7370,8069,"1"
7950,5227,"3"
4200,2971,"1"
4002,8648,"3"
10984,8318,"3"
8070,5157,"3"
7016,9110,"1"
3248,4501,"3"
2653,5405,NA
3372,4985,"3"
5067,6079,"1"
7610,7928,"1"
11815,6720,"5"
6750,5790,"1"
7088,2673,"3"
11943,7757,"5"
8229,10208,"1"
4478,7814,"3"
8063,4188,"3"
9406,6600,"3"
4696,4905,"1"
7150,10839,"2"
9621,3276,"5"
9151,4802,"4"
8660,3560,"4"
10822,2852,"7"
6844,2259,"3"
7456,3569,"3"
11106,8525,"3"
11203,5410,"6"
8055,3219,"4"
6141,4894,"1"
8651,2315,"5"
9514,5007,"4"
3641,8582,"3"
9198,10892,"1"
8089,7648,"2"
6417,9460,"1"
7703,4398,"3"
5801,7596,"1"
7874,10972,"1"
9653,7428,"3"
3252,5055,"3"
10839,5066,"5"
3162,9000,"3"
9171,7432,"3"
6646,7936,"1"
4437,2416,"1"
7605,7375,"2"
8573,7921,"2"
9290,7224,"3"
7865,9864,"1"
10012,7080,"3"
7025,10217,"1"
11483,10529,"3"
6248,3025,"3"
7102,4472,"3"
11121,10462,"3"
8324,6816,"3"
7834,5712,"3"
3511,7406,"3"
10736,7351,"4"
6299,9807,"2"
9139,3141,"5"
9067,9578,"2"
5459,10160,"3"
8438,6053,"3"
11233,9285,"3"
3382,6230,"3"
3035,8102,"3"
5287,3448,"1"
5278,2202,"2"
3155,8032,"3"
6500,4546,"2"
11090,6310,"5"
6658,9458,"1"
4704,5874,"1"
9796,10403,"3"
11080,5064,"6"
10952,4027,"6"
7112,5856,"2"
9068,9717,"2"
10395,10053,"3"
7985,9794,"1"
6539,9667,"1"
8817,8335,"2"
5220,10438,"3"
4462,5738,"2"
11692,6375,"5"
7707,4952,"3"
8931,7572,"3"
5544,5522,"1"
10161,10885,"3"
11427,3193,"7"
7628,10420,"1"
9073,10409,"1"
5098,10231,"3"
4606,8851,"3"
6528,8283,"1"
6990,5649,"2"
9285,6532,"3"
11212,6517,"5"
4460,5461,"1"
4136,10377,"3"
10279,10538,"3"
8442,6607,"3"
5282,2755,"1"
10032,9709,"3"
7339,4055,"3"
5665,5590,"1"
10986,8595,"3"
7483,7168,"2"
6272,6208,"1"
2651,5129,NA
7728,7720,"1"
4091,4426,"1"
8804,6674,"3"
10263,8462,"3"
9042,6257,"3"
10596,4791,"5"
9012,2381,"5"
9150,4664,"4"
4803,3036,"1"
7508,10352,"1"
3857,5396,"2"
10241,5555,"4"
6047,8286,"1"
4727,8919,"3"
11325,5616,"6"
5582,10505,"3"
5414,4208,"1"
4008,9340,"3"
10282,10953,"3"
11579,7275,"5"
11199,4856,"6"
5176,4625,"1"
6009,3304,"2"
10234,4725,"5"
11571,6307,"5"
7241,7032,"1"
9265,3902,"5"
3738,5605,"3"
6656,9181,"1"
9910,9503,"3"
5895,4204,"1"
5537,4553,"1"
6177,9600,"2"
7832,5574,"3"
4931,4073,"1"
11182,2641,"7"
10225,3479,"6"
3129,4710,"3"
6853,3505,"3"
4375,10099,"3"
10469,3893,"6"
4576,4976,"1"
5677,7113,"1"
9518,5561,"4"
10131,7010,"3"
8099,8894,"1"
9543,8744,"3"
6732,3437,"3"
3282,8930,"3"
8189,4948,"3"
9148,4387,"4"
11003,10809,"3"
11311,3817,"7"
9061,8748,"2"
4724,8504,"3"
5071,6633,"1"
10978,7488,"4"
8670,4806,"3"
5825,10780,"3"
9985,3619,"5"
5924,7941,"1"
4701,5459,"1"
8836,10826,"1"
5688,8635,"2"
5648,3376,"2"
11552,3815,"7"
10148,9224,"3"
3850,4427,"2"
7743,9658,"1"
10520,10536,"3"
4731,9473,"3"
7445,2185,"4"
2792,7827,"3"
11718,9835,"3"
7592,5575,"3"
2777,5889,NA
10867,8665,"3"
6376,4062,"2"
2773,5335,NA
11338,7277,"4"
5701,10296,"3"
11226,8455,"3"
9778,8050,"3"
7477,6338,"2"
7934,3151,"4"
4677,2414,"1"
5401,2547,"2"
9195,10616,"2"
7354,5993,"2"
9765,6389,"3"
9295,7916,"3"
8556,5707,"3"
3988,6710,"3"
10836,4651,"6"
8474,10759,"1"
10523,10951,"3"
10746,8597,"3"
6654,8905,"1"
8323,6677,"3"
7945,4535,"3"
9763,6113,"3"
8806,6950,"3"
9646,6460,"3"
7446,2324,"4"
11967,10802,"3"
4585,6083,"2"
9880,5627,"4"
10471,4169,"6"
10640,10605,"3"
6012,3719,"2"
8544,4184,"3"
6390,5861,"1"
8196,5917,"3"
7962,6749,"2"
6864,4889,"2"
6862,4612,"2"
7593,5714,"3"
7476,6199,"2"
9390,4524,"4"
8114,10970,"1"
9283,6255,"3"
6778,9388,"1"
11444,5408,"6"
10034,9986,"3"
11426,3055,"7"
11722,10250,"3"
10830,3821,"6"
10976,7211,"4"
10276,10123,"3"
5201,7947,"2"
11345,8246,"4"
10269,9292,"3"
10117,5072,"5"
6789,10911,"2"
5175,4487,"1"
10980,7764,"4"
7462,4400,"3"
11223,8039,"4"
9517,5422,"4"
11363,10599,"3"
10354,4655,"5"
6972,3296,"3"
11344,8108,"4"
5200,7808,"2"
9792,9850,"3"
9637,5352,"4"
9395,5216,"4"
9857,2582,"7"
5332,9261,"3"
11928,5681,"6"
6856,3920,"3"
8351,10414,"1"
10633,9636,"3"
7130,8209,"1"
6292,8838,"1"
8298,3494,"4"
4555,2207,"1"
3272,7685,"3"
6404,7799,"1"
6969,2881,"3"
10522,10813,"3"
10147,9086,"3"
3873,7472,"3"
10253,7216,"3"
6529,8421,"1"
7259,9385,"1"
11065,3127,"7"
7941,3981,"3"
4222,5878,"2"
11453,6653,"5"
9182,8816,"3"
6150,6002,"1"
11713,9143,"3"
8557,5845,"3"
3871,7196,"3"
9784,8881,"3"
10958,4858,"6"
6493,3577,"3"
11482,10391,"3"
5292,4001,"1"
11468,8591,"3"
10628,8944,"3"
7854,8342,"1"
6647,8074,"1"
8105,9724,"1"
9051,7502,"3"
6725,2468,"3"
7240,6893,"1"
6151,6140,"1"
8797,5705,"3"
9879,5489,"4"
11242,10531,"3"
8680,6190,"3"
7692,2876,"4"
3277,8238,"3"
11480,10114,"3"
11817,6997,"5"
5443,8083,"2"
10634,9774,"3"
9257,2933,"5"
10463,3062,"7"
10508,9014,"3"
7014,8833,"1"
5306,5939,"1"
6133,3787,"2"
6535,9113,"1"
10016,7633,"3"
6138,4479,"1"
7491,8137,"1"
9885,6319,"3"
6879,6827,"1"
11331,6447,"5"
10222,3064,"7"
5169,3656,"1"
9997,5142,"4"
11939,7203,"5"
10602,5483,"5"
7353,5854,"2"
4442,3108,"1"
10951,3889,"6"
8459,8822,"1"
4076,2488,"1"
7463,4538,"3"
11318,4647,"6"
5453,9329,"3"
8711,10204,"1"
11484,10667,"3"
6509,5791,"1"
3034,7963,"3"
5167,3518,"1"
4117,7886,"3"
4224,6155,"2"
5060,5249,"1"
5178,4902,"1"
8681,6328,"3"
4815,4697,"1"
8713,10481,"1"
9890,6873,"3"
5047,3449,"1"
10360,5347,"5"
7499,9244,"1"
8292,2663,"5"
6974,3573,"3"
11305,2986,"7"
10232,4448,"5"
9868,4105,"5"
11198,4718,"6"
6244,2610,"3"
7015,8971,"1"
5402,2685,"1"
4732,9611,"3"
3625,6505,"3"
5763,2613,"2"
3144,6647,"3"
3763,8788,"3"
5571,9121,"2"
4728,9058,"3"
9135,2726,"5"
9293,7639,"3"
4824,5804,"1"
9983,3343,"6"
11825,7966,"4"
9761,5836,"4"
10969,6242,"5"
4343,5946,"2"
5324,8292,"2"
5424,5592,"1"
6254,3855,"2"
7718,6336,"2"
6729,3021,"3"
10340,2717,"7"
9381,3278,"5"
10749,9012,"3"
6132,3649,"2"
8409,2178,"5"
3394,7891,"3"
5819,9949,"3"
9660,8397,"3"
3249,4640,"3"
5671,6421,"1"
3368,4431,"2"
5788,5935,"1"
6257,4271,"2"
5946,10848,"3"
6993,6064,"2"
6513,6207,"1"
6994,6203,"2"
7621,9451,"1"
10599,5207,"5"
9978,2651,"7"
5086,8571,"3"
6284,7869,"1"
9137,2865,"5"
9516,5284,"4"
7255,8831,"1"
9501,3346,"5"
6762,7312,"1"
8559,6122,"3"
9177,8124,"3"
3261,6162,"3"
8426,4393,"3"
6757,6620,"1"
6905,10287,"1"
10756,9981,"3"
4827,6219,"1"
4596,7605,"3"
9193,10339,"2"
5543,5383,"1"
5550,6352,"1"
6396,6692,"1"
8532,2523,"5"
11071,3819,"7"
11606,10874,"3"
10858,7558,"4"
9891,7011,"3"
9026,4180,"4"
3972,4634,"2"
9636,5214,"4"
7936,3289,"3"
5666,5729,"1"
7716,6059,"2"
8545,4322,"3"
7337,3778,"3"
6372,3508,"2"
9429,9645,"2"
6780,9665,"1"
9673,10058,"3"
6067,10916,"3"
8343,9307,"1"
6242,2333,"3"
10247,6386,"4"
11120,10324,"3"
11001,10533,"3"
11594,9352,"3"
10024,8741,"3"
3961,3250,"1"
8796,5566,"3"
9277,5563,"3"
8330,7646,"2"
6507,5515,"1"
6011,3580,"2"
8079,6264,"3"
6290,8561,"1"
8905,4112,"4"
6628,5583,"1"
10827,3405,"7"
5422,5315,"1"
7237,6478,"2"
4244,8785,"3"
11354,9353,"3"
3128,4571,"3"
2652,5267,NA
4484,8644,"3"
4800,2759,"1"
6297,9530,"2"
11461,7622,"4"
8447,7161,"3"
11706,8174,"4"
10041,10955,"3"
4261,10999,"3"
6400,7246,"1"
9996,5004,"4"
10270,9431,"3"
11582,7691,"4"
10096,2304,"7"
5521,2477,"2"
5286,3309,"1"
3519,8375,"3"
6038,7179,"1"
6263,5101,"1"
5777,4551,"1"
8193,5502,"3"
9632,4660,"4"
3029,7410,"3"
10160,10747,"3"
5291,3863,"1"
10368,6454,"4"
4691,4213,"1"
11546,2985,"7"
4111,7055,"3"
10864,8388,"3"
11102,7971,"4"
9508,4177,"5"
11909,3190,"7"
4840,8019,"3"
11963,10387,"3"
6895,9041,"1"
9189,9785,"2"
10745,8458,"3"
7466,4954,"3"
10738,7628,"3"
10243,5832,"4"
6260,4686,"1"
10973,6796,"4"
11356,9630,"3"
10002,5834,"4"
6403,7661,"1"
7482,7030,"2"
5579,10089,"3"
8951,10202,"1"
11328,6032,"5"
6392,6138,"1"
10007,6526,"3"
10343,3132,"7"
3365,4016,"2"
4863,10925,"3"
3632,7474,"3"
5336,9814,"3"
11678,4575,"7"
5791,6350,"1"
7387,10283,"1"
11954,9141,"3"
6418,9599,"2"
9437,10752,"2"
6752,6066,"1"
6267,5516,"1"
6546,10636,"2"
5916,6972,"1"
6741,4544,"2"
3611,4706,"2"
5438,7391,"1"
6181,10154,"2"
7969,7718,"2"
6060,10086,"2"
10516,10121,"3"
9622,3415,"5"
6617,4060,"2"
4842,8157,"3"
10757,10119,"3"
8834,10549,"1"
6613,3507,"3"
4372,9822,"3"
6421,10014,"2"
11077,4649,"6"
3373,5123,"3"
4830,6635,"2"
5318,7461,"1"
5667,5867,"1"
6499,4407,"2"
4198,2695,"1"
9411,7292,"3"
6767,8004,"1"
9063,9025,"2"
8331,7785,"2"
8683,6605,"3"
4371,9683,"3"
6052,8978,"2"
2913,7895,"3"
9800,10957,"3"
11833,9073,"3"
10627,8805,"3"
8798,5843,"3"
5046,3311,"1"
8943,9095,"2"
6168,8355,"1"
10861,7973,"3"
9409,7015,"3"
10119,5349,"4"
8212,7993,"2"
7587,5022,"3"
8231,10484,"1"
8299,3632,"4"
7485,7445,"1"
5776,4413,"1"
6252,3579,"2"
3879,8303,"3"
11941,7480,"5"
4121,8439,"3"
7220,4263,"3"
4130,9547,"3"
8579,8752,"2"
7566,2254,"4"
4471,6983,"3"
10974,6934,"4"
9421,8538,"3"
6274,6485,"1"
6145,5310,"1"
8100,9032,"1"
9630,4383,"5"
11688,5821,"6"
9500,3208,"5"
11315,4232,"7"
11723,10389,"3"
7113,5994,"2"
9512,4730,"4"
9555,10405,"2"
9373,2309,"6"
3617,5536,"3"
11816,6858,"5"
8328,7369,"2"
8692,7713,"3"
4315,2209,"1"
10273,9846,"3"
4451,4354,"1"
3732,4774,"2"
11670,3468,"7"
6965,2327,"3"
8067,4741,"3"
10622,8113,"3"
8171,2595,"5"
5762,2475,"2"
4949,6426,"1"
11588,8521,"4"
9545,9021,"3"
6377,4201,"2"
4964,8364,"3"
10494,7214,"4"
6154,6555,"1"
5576,9674,"3"
10859,7696,"4"
6039,7318,"1"
4697,5044,"1"
4258,10584,"3"
5685,8220,"2"
3391,7476,"3"
6256,4132,"2"
6644,7659,"1"
8060,3772,"3"
6521,7314,"1"
10699,2507,"7"
11122,10601,"3"
8584,9444,"1"
8536,3077,"5"
3031,7548,"3"
9663,8813,"3"
6419,9737,"2"
9771,7081,"3"
7333,3224,"3"
2894,5404,NA
7492,8275,"1"
3862,6088,"3"
9505,3761,"5"
3880,8441,"3"
4492,9752,"3"
3281,8792,"3"
10759,10396,"3"
5921,7526,"1"
4611,9543,"3"
10847,6035,"5"
4103,6086,"2"
7097,3918,"3"
3273,7823,"3"
9392,4800,"4"
5890,3512,"2"
5299,4970,"1"
9055,7917,"3"
8329,7508,"2"
9072,10270,"1"
7819,3774,"3"
9548,9436,"3"
8919,5911,"3"
3866,6504,"3"
6001,2335,"3"
9155,5356,"3"
3729,4359,"2"
11107,8663,"3"
8896,2866,"5"
11599,9905,"3"
5886,2959,"2"
9506,3900,"5"
3280,8653,"3"
9428,9506,"2"
11720,9973,"3"
5915,6834,"1"
11675,4160,"7"
4620,10650,"3"
8184,4256,"3"
5421,5177,"1"
8444,6746,"3"
6173,9047,"1"
7979,8964,"1"
6751,5928,"1"
10513,9706,"3"
4817,4974,"1"
11464,8038,"4"
5312,6631,"1"
10385,8669,"3"
4332,4562,"1"
7574,3222,"3"
11225,8316,"3"
11361,10322,"3"
8575,8198,"2"
5078,7602,"2"
10023,8602,"3"
9173,7709,"3"
4123,8716,"3"
8107,10001,"1"
8949,9925,"1"
4206,3802,"1"
8050,2527,"4"
5064,5802,"1"
9312,10130,"2"
10478,5138,"5"
5177,4763,"1"
8338,8753,"1"
9416,7984,"3"
6772,8696,"1"
6064,10501,"3"
9190,9923,"2"
6785,10357,"2"
8814,7919,"3"
6908,10702,"2"
5706,10988,"3"
5642,2545,"2"
10026,9017,"3"
7607,7652,"1"
4741,10719,"3"
4447,3800,"1"
8716,10896,"1"
7271,10907,"1"
7028,10632,"1"
6726,2606,"3"
7497,8967,"1"
7464,4677,"3"
3856,5258,"2"
6524,7729,"1"
8788,4597,"3"
4556,2346,"1"
4459,5322,"1"
5205,8500,"2"
5654,4206,"1"
8096,8617,"1"
7502,9659,"1"
7859,9034,"1"
2656,5821,NA
6533,8836,"1"
7362,7100,"1"
6517,6760,"1"
9915,10195,"3"
8104,9586,"1"
6518,6899,"1"
10491,6799,"4"
5192,6701,"1"
11550,3538,"7"
6775,8973,"1"
8710,10066,"1"
6784,10219,"2"
10578,2438,"7"
9676,10473,"2"
3513,7683,"3"
3992,7264,"3"
6887,7934,"1"
10595,4653,"5"
7326,2255,"4"
4922,2966,"1"
4678,2552,"1"
10619,7836,"3"
4615,10097,"3"
4742,10857,"3"
10603,5622,"5"
8346,9722,"1"
7688,2460,"4"
7511,10767,"1"
11919,4574,"7"
4609,9266,"3"
9256,2794,"5"
7206,2326,"3"
6897,9180,"1"
10971,6519,"5"
10609,6452,"4"
3523,8928,"3"
6627,5444,"1"
7939,3704,"3"
7134,8763,"1"
8204,6886,"3"
10103,3272,"6"
10761,10673,"3"
4825,5943,"1"
7328,2532,"3"
7614,8482,"1"
3505,6575,"3"
4605,8713,"3"
3251,4916,"3"
7706,4813,"3"
9286,6670,"3"
9678,10750,"2"
4961,8087,"3"
9643,6183,"3"
9376,2724,"6"
11085,5757,"5"
2769,4782,NA
8318,6124,"3"
8069,5018,"3"
6285,8008,"1"
11474,9422,"3"
8468,9929,"1"
9274,5147,"4"
6007,3027,"2"
10964,5688,"5"
7699,3844,"3"
5936,9602,"2"
6029,5933,"1"
4608,9128,"3"
11347,8523,"3"
6027,5657,"1"
6301,10084,"2"
9788,9296,"3"
4253,9892,"3"
8413,2732,"5"
10362,5624,"4"
6383,5031,"1"
8432,5223,"3"
7222,4540,"3"
4573,4560,"1"
11927,5542,"6"
11209,6240,"5"
9901,8395,"3"
10985,8456,"3"
6273,6347,"1"
10142,8394,"3"
4369,9406,"3"
4126,9132,"3"
3386,6784,"3"
4683,3106,"1"
7698,3706,"3"
7229,5371,"2"
7696,3429,"3"
7695,3291,"3"
5558,7321,"1"
4499,10582,"3"
10828,3544,"7"
7493,8414,"1"
6888,8072,"1"
4952,6841,"2"
10837,4789,"6"
6163,7801,"1"
7817,3497,"3"
9159,5771,"3"
7808,2390,"4"
5077,7463,"2"
8807,7089,"3"
3161,8862,"3"
5203,8224,"2"
11340,7554,"4"
8087,7371,"2"
6665,10427,"2"
10112,4518,"5"
9526,6530,"3"
11214,6794,"5"
9493,2239,"6"
7392,10975,"1"
9307,9438,"2"
4566,3591,"1"
5074,7048,"2"
8934,7849,"3"
8054,3080,"4"
8192,5363,"3"
9871,4382,"5"
8671,4944,"3"
4014,10170,"3"
4127,9270,"3"
5163,2964,"1"
6397,6830,"1"
7631,10697,"1"
5902,5035,"1"
10857,7419,"4"
5315,7046,"1"
4102,5948,"2"
4108,6779,"3"
7829,5158,"3"
10750,9150,"3"
9022,3627,"4"
3962,3388,"1"
7726,7443,"2"
8938,8403,"3"
3260,6024,"3"
11072,3957,"6"
11911,3466,"7"
8098,8755,"1"
9525,6391,"3"
10614,7144,"4"
5947,10986,"3"
10372,7008,"4"
5179,5040,"1"
7239,6755,"1"
10108,3965,"5"
10129,6733,"3"
3721,3390,"1"
5572,9259,"3"
7343,4608,"3"
4339,5393,"2"
5073,6910,"1"
5455,9606,"3"
5769,3444,"2"
5042,2896,"1"
10137,7702,"3"
3482,3530,"2"
9623,3553,"5"
3716,2698,"1"
7123,7240,"1"
11322,5201,"6"
3387,6922,"3"
5342,10645,"3"
6142,5033,"1"
3840,3182,"1"
11926,5404,"6"
8691,7574,"3"
5323,8153,"2"
10606,6037,"5"
9187,9508,"2"
3283,9069,"3"
7958,6196,"3"
7357,6408,"2"
9378,3001,"5"
6040,7456,"1"
8535,2938,"5"
5780,4828,"1"
9276,5424,"3"
8799,5982,"3"
3494,5191,"3"
10388,9084,"3"
9897,7842,"3"
7693,3014,"3"
9252,2241,"6"
4616,10235,"3"
4944,5734,"1"
5413,4069,"1"
4125,8993,"3"
8225,9654,"1"
3616,5398,"3"
4473,7260,"3"
9192,10200,"2"
4834,7188,"2"
8335,8338,"2"
10850,6450,"5"
4236,7677,"3"
10982,8041,"3"
3892,9964,"3"
10871,9219,"3"
11335,6862,"5"
5037,2204,"1"
11192,3887,"7"
7572,2946,"3"
8461,9099,"1"
3628,6921,"3"
3503,6299,"3"
8929,7296,"3"
11439,4716,"6"
11668,3191,"7"
7570,2669,"4"
5160,2549,"1"
7099,4195,"3"
5768,3305,"2"
11567,5753,"6"
9858,2721,"6"
5820,10088,"3"
5640,2268,"2"
8689,7297,"3"
5427,6007,"1"
4001,8510,"3"
5578,9951,"3"
6971,3158,"3"
10700,2645,"7"
9781,8466,"3"
7235,6201,"2"
5100,10508,"3"
11830,8658,"4"
3253,5193,"3"
11118,10047,"3"
11221,7763,"4"
10154,9916,"3"
6768,8142,"1"
6861,4474,"2"
6162,7663,"1"
5705,10850,"3"
3891,9825,"3"
3859,5673,"2"
7856,8619,"1"
3887,9272,"3"
5215,9746,"3"
10509,9152,"3"
3983,6157,"3"
11446,5685,"6"
6251,3440,"2"
6739,4267,"2"
3725,3805,"2"
11695,6790,"5"
9982,3204,"6"
3981,5880,"2"
5196,7255,"1"
10875,9772,"3"
9767,6528,"3"
9131,2173,"6"
9062,8886,"2"
6973,3435,"3"
8957,10894,"1"
2899,6096,"3"
6167,8216,"1"
10487,6246,"4"
7989,10348,"1"
9077,10824,"1"
10482,5553,"5"
9674,10197,"3"
7686,2184,"4"
5538,4691,"1"
8410,2316,"5"
6373,3647,"2"
11243,10669,"3"
7972,8133,"1"
5764,2752,"2"
6987,5234,"2"
11093,6725,"5"
8561,6399,"3"
11245,10946,"3"
4259,10722,"3"
6625,5168,"1"
8232,10623,"1"
5562,7875,"2"
3753,7543,"3"
4826,6081,"1"
10219,2649,"7"
8590,10136,"1"
3727,4082,"2"
3619,5813,"3"
5766,3029,"2"
6412,8768,"1"
11445,5546,"6"
10993,9425,"3"
5530,3723,"1"
4946,6011,"1"
11725,10666,"3"
5338,10091,"3"
3861,5950,"3"
6966,2466,"3"
5526,3169,"1"
11004,10948,"3"
8182,3979,"3"
3402,8860,"3"
11553,3954,"7"
7860,9172,"1"
4235,7539,"3"
6264,5240,"1"
3492,4915,"3"
9747,3898,"5"
10383,8392,"3"
4836,7465,"2"
3147,7063,"3"
6277,6900,"1"
4077,2626,"1"
10135,7425,"3"
4712,6982,"2"
5546,5799,"1"
10153,9778,"3"
5810,8842,"2"
5056,4695,"1"
7620,9313,"1"
6738,4129,"2"
4721,8089,"3"
5531,3861,"1"
9884,6181,"4"
3964,3665,"1"
6651,8628,"1"
3250,4778,"3"
2922,9141,NA
10396,10191,"3"
8450,7576,"2"
6731,3298,"3"
6764,7589,"1"
7823,4328,"3"
7956,5919,"3"
4977,10163,"3"
8924,6603,"3"
9998,5280,"4"
4601,8159,"3"
8451,7714,"2"
8650,2176,"5"
11792,3675,"7"
8213,8131,"2"
4205,3663,"1"
5052,4141,"1"
11795,4090,"7"
11951,8726,"4"
5330,8984,"3"
6370,3232,"3"
7254,8692,"1"
8355,10968,"1"
9633,4799,"4"
10144,8670,"3"
6737,3990,"3"
8336,8477,"2"
5337,9953,"3"
3259,5885,"3"
10013,7218,"3"
7244,7308,"1"
5793,6627,"1"
4212,4494,"1"
8816,8196,"2"
8900,3420,"4"
5889,3374,"2"
8172,2733,"4"
5310,6354,"1"
7599,6544,"2"
5898,4619,"1"
7248,7862,"1"
3495,5330,"3"
5770,3582,"2"
8205,7024,"2"
4466,6291,"2"
9315,10545,"2"
10643,10881,"3"
6883,7380,"1"
5062,5526,"1"
4234,7400,"3"
7250,8139,"1"
3512,7544,"3"
7233,5924,"2"
11193,4025,"7"
9288,6947,"3"
10724,5690,"5"
3363,3739,"2"
8333,8061,"2"
9302,8746,"3"
7454,3293,"3"
11319,4786,"6"
5884,2682,"2"
3480,3254,"2"
4558,2484,"1"
4956,7395,"2"
5448,8775,"2"
8433,5361,"3"
8674,5360,"3"
7383,9868,"1"
11685,5406,"6"
4246,9061,"3"
10031,9571,"3"
11962,10248,"3"
8174,3010,"4"
5211,9192,"3"
8202,6609,"3"
9154,5218,"3"
4132,9824,"3"
7626,10143,"1"
8093,8202,"2"
5183,5594,"1"
8695,8128,"2"
6851,3228,"3"
3966,3942,"1"
11562,5061,"6"
8926,6880,"3"
5542,5245,"1"
5663,5313,"1"
10005,6249,"4"
3963,3527,"1"
9497,2793,"6"
9758,5421,"4"
7627,10281,"1"
5090,9124,"3"
3524,9067,"3"
10820,2575,"7"
4602,8297,"3"
4809,3866,"1"
7002,7172,"1"
9271,4732,"4"
10036,10263,"3"
10730,6521,"4"
8352,10553,"1"
4119,8163,"3"
6136,4202,"2"
11933,6373,"6"
5454,9467,"3"
6770,8419,"1"
10950,3750,"7"
3395,8030,"3"
5295,4416,"1"
9878,5350,"4"
5301,5247,"1"
6185,10569,"3"
10726,5967,"5"
11306,3125,"7"
10099,2719,"7"
8935,7988,"3"
8565,6952,"3"
6611,3368,"3"
7488,7722,"1"
6056,9532,"2"
5043,3034,"1"
4814,4558,"1"
4708,6428,"2"
8582,9167,"1"
2906,7065,"3"
2794,8104,"3"
8310,5016,"3"
7503,9798,"1"
8907,4389,"4"
5199,7670,"2"
5417,4623,"1"
6245,2748,"3"
5573,9397,"3"
10880,10464,"3"
4248,9338,"3"
4928,3658,"1"
9900,8257,"3"
6508,5653,"1"
10101,2996,"6"
11968,10940,"3"
6763,7450,"1"
8414,2870,"5"
7376,8899,"1"
8340,9030,"1"
7944,4396,"3"
10378,7700,"3"
5560,7598,"1"
8667,4529,"3"
3739,5743,"3"
7619,9174,"1"
7828,5020,"3"
8223,9377,"1"
9297,8192,"3"
7947,4811,"3"
7988,10209,"1"
7267,10353,"1"
3520,8513,"3"
7388,10422,"1"
5941,10156,"3"
6146,5448,"1"
11076,4511,"6"
5566,8428,"2"
8427,4531,"3"
5897,4481,"1"
11094,6864,"4"
7837,6127,"3"
5189,6286,"1"
7584,4607,"3"
7987,10071,"1"
9144,3833,"4"
6982,4542,"3"
10104,3411,"6"
10136,7563,"3"
4004,8925,"3"
10949,3612,"7"
10872,9357,"3"
11836,9488,"3"
5280,2479,"2"
10991,9148,"3"
11803,5059,"6"
9035,5288,"3"
2904,6788,"3"
5649,3514,"1"
8792,5013,"3"
4365,8853,"3"
10981,7903,"3"
10753,9566,"3"
5316,7185,"1"
4947,6149,"1"
6633,6136,"1"
5288,3586,"1"
3633,7613,"3"
8662,3837,"4"
7581,4191,"3"
8825,9442,"1"
9417,8122,"3"
3615,5260,"3"
8436,5777,"3"
3864,6365,"3"
4705,6013,"1"
11585,8106,"4"
4687,3660,"1"
4599,7882,"3"
6907,10564,"2"
10515,9983,"3"
5418,4762,"1"
10851,6589,"4"
6037,7041,"1"
8827,9719,"1"
6281,7454,"1"
4501,10859,"3"
6664,10289,"2"
8434,5500,"3"
7391,10837,"1"
9023,3765,"4"
8185,4394,"3"
5923,7803,"1"
6872,5996,"1"
8771,2244,"5"
4113,7332,"3"
9013,2519,"5"
5308,6216,"1"
11682,4991,"6"
9419,8399,"3"
7814,3082,"4"
10996,9841,"3"
9893,7288,"3"
9855,2305,"7"
11787,2983,"7"
4828,6358,"1"
8664,4114,"4"
5585,10920,"3"
10265,8739,"3"
9404,6323,"3"
8801,6258,"3"
5300,5108,"1"
5552,6629,"1"
5159,2410,"1"
11796,4229,"7"
6402,7522,"1"
9635,5075,"4"
9870,4243,"5"
8062,4049,"3"
11441,4993,"6"
3499,5745,"3"
