x,y,cluster,spatial_cluster,Y1,Y2,Y3,stagate_seed_141,stagate_seed_549,stagate_seed_75,stagate_seed_492,stagate_seed_676,stagate_seed_179,stagate_seed_587,stagate_seed_592,stagate_seed_601,stagate_seed_916,stagate_seed_518,stagate_seed_339,stagate_seed_921,stagate_seed_423,stagate_seed_330,stagate_seed_388,stagate_seed_273,stagate_seed_286,stagate_seed_61,stagate_seed_807,stagate_seed_283,stagate_seed_127,stagate_seed_165,stagate_seed_952,stagate_seed_311,stagate_seed_597,stagate_seed_473,stagate_seed_594,stagate_seed_605,stagate_seed_101
-1.3,-9.3,2,2,1.1308058067964,0.504279406156059,-1.05464927365484,1,1,1,1,1,1,1,1,1,1,1,1,1,1,1,1,1,1,1,1,1,1,1,1,1,1,1,1,1,1
-0.600000000000001,-9.3,2,2,-1.06892107400883,0.564836802597969,-0.20859086266939,1,1,1,1,1,1,1,1,1,1,1,1,1,1,1,1,1,1,1,1,1,1,1,1,1,1,1,1,1,1
0.0999999999999996,-9.3,2,2,-2.09700453105932,1.23388750015087,0.59009527415158,1,1,1,1,1,1,1,1,1,1,1,1,1,1,1,1,1,1,1,1,1,1,1,1,1,1,1,1,1,1
0.799999999999999,-9.3,2,2,-0.948161998583882,-0.251512305928925,0.404805361241981,1,1,1,1,1,1,1,1,1,1,1,1,1,1,1,1,1,1,1,1,1,1,1,1,1,1,1,1,1,1
1.5,-9.3,2,2,0.249727936376455,0.725890385635209,1.00641979447906,1,1,1,1,1,1,1,1,1,1,1,1,1,1,1,1,1,1,1,1,1,1,1,1,1,1,1,1,1,1
2.2,-9.3,2,2,-0.180804151003648,0.559016826076676,0.19039078561459,1,1,1,1,1,1,1,1,1,1,1,1,1,1,1,1,1,1,1,1,1,1,1,1,1,1,1,1,1,1
-3.4,-8.6,3,3,0.537933800024211,0.357098792755059,0.750099150970757,2,2,2,2,2,2,2,2,2,2,2,2,2,2,2,2,2,2,2,2,2,2,2,2,2,2,2,2,2,2
-2.7,-8.6,3,3,0.909450460465536,-0.363023956579916,1.20079847427487,2,2,2,2,2,2,2,2,2,2,2,2,2,2,2,2,2,2,2,2,2,2,2,2,2,2,2,2,2,2
-2.0,-8.6,3,3,2.53760019769459,0.6428593857725,-0.080236992011822,2,2,2,2,2,2,2,2,2,2,2,2,2,2,2,2,2,2,2,2,2,2,2,2,2,2,2,2,2,2
-1.3,-8.6,2,2,-1.20260478873432,-0.848833984989791,-0.232681122898706,2,2,2,2,2,2,2,2,2,2,2,2,2,2,2,2,2,2,2,2,2,2,2,2,2,2,2,2,2,2
-0.600000000000001,-8.6,2,2,0.944144426362175,-0.0750392570263994,0.0989103002127505,1,1,1,1,1,1,1,1,1,1,1,1,1,1,1,1,1,1,1,1,1,1,1,1,1,1,1,1,1,1
0.0999999999999996,-8.6,2,2,0.33092979218332,1.88729068000739,1.19264155807702,1,1,1,1,1,1,1,1,1,1,1,1,1,1,1,1,1,1,1,1,1,1,1,1,1,1,1,1,1,1
0.799999999999999,-8.6,2,2,0.471532556374659,-1.17234965208128,-1.29607242424939,1,1,1,1,1,1,1,1,1,1,1,1,1,1,1,1,1,1,1,1,1,1,1,1,1,1,1,1,1,1
1.5,-8.6,2,2,0.812080462785015,0.0438878588668393,-1.06960673344294,1,1,1,1,1,1,1,1,1,1,1,1,1,1,1,1,1,1,1,1,1,1,1,1,1,1,1,1,1,1
2.2,-8.6,2,2,0.004307586025039,1.04465777018207,-0.113602350543882,1,1,1,1,1,1,1,1,1,1,1,1,1,1,1,1,1,1,1,1,1,1,1,1,1,1,1,1,1,1
2.9,-8.6,2,2,-0.0734255610524335,0.0117151295767864,0.466592341924391,1,1,1,1,1,1,1,1,1,1,1,1,1,1,1,1,1,1,1,1,1,1,1,1,1,1,1,1,1,1
3.6,-8.6,2,2,1.47224592938422,0.96908170110316,0.970440299613592,1,1,1,1,1,1,1,1,1,1,1,1,1,1,1,1,1,1,1,1,1,1,1,1,1,1,1,1,1,1
4.3,-8.6,2,2,0.13445159912848,-0.0896089335727003,0.476935913078946,1,1,1,1,1,1,1,1,1,1,1,1,1,1,1,1,1,1,1,1,1,1,1,1,1,1,1,1,1,1
-4.1,-7.9,3,3,0.0172504987404155,-1.50305471843042,0.851541767141166,2,2,2,2,2,2,2,2,2,2,2,2,2,2,2,2,2,2,2,2,2,2,2,2,2,2,2,2,2,2
-3.4,-7.9,3,3,1.72522733066174,-0.199556095707246,1.9943816018095,2,2,2,2,2,2,2,2,2,2,2,2,2,2,2,2,2,2,2,2,2,2,2,2,2,2,2,2,2,2
-2.7,-7.9,3,3,0.832777466565969,1.19183813025329,1.13294985116053,2,2,2,2,2,2,2,2,2,2,2,2,2,2,2,2,2,2,2,2,2,2,2,2,2,2,2,2,2,2
-2.0,-7.9,3,3,1.63029696359859,0.255214754703833,2.04371741081248,2,2,2,2,2,2,2,2,2,2,2,2,2,2,2,2,2,2,2,2,2,2,2,2,2,2,2,2,2,2
-1.3,-7.9,2,2,-1.70817842003411,2.43446857497196,0.318027776076221,2,2,2,2,2,2,2,2,2,2,2,2,2,2,2,2,2,2,2,2,2,2,2,2,2,2,2,2,2,2
-0.600000000000001,-7.9,2,2,-1.03470649195618,-0.324693122872902,-0.137299121789223,3,3,3,3,3,3,3,3,3,3,3,3,3,3,3,3,3,3,3,3,3,3,3,3,3,3,3,3,3,3
0.0999999999999996,-7.9,2,2,0.0628667366883503,-0.0077957240036417,-0.671840732013307,1,1,1,1,1,1,1,1,1,1,1,1,1,1,1,1,1,1,1,1,1,1,1,1,1,1,1,1,1,1
0.799999999999999,-7.9,2,2,-0.089204797796628,0.758097350404097,-0.303685275344029,3,3,3,3,3,3,3,3,3,3,3,3,3,3,3,3,3,3,3,3,3,3,3,3,3,3,3,3,3,3
1.5,-7.9,2,2,-0.0998510069774839,-0.0898153470521902,0.678642610404137,3,3,3,3,3,3,3,3,3,3,3,3,3,3,3,3,3,3,3,3,3,3,3,3,3,3,3,3,3,3
2.2,-7.9,2,2,-0.776499165320465,1.43674510453074,-2.8182004706147,3,3,3,3,3,3,3,3,3,3,3,3,3,3,3,3,3,3,3,3,3,3,3,3,3,3,3,3,3,3
2.9,-7.9,2,2,-2.40212101059858,-1.91406911106677,0.746832691788894,3,3,3,3,3,3,3,3,3,3,3,3,3,3,3,3,3,3,3,3,3,3,3,3,3,3,3,3,3,3
3.6,-7.9,2,2,0.952951569559839,0.745919777893835,-0.521433935366965,3,3,3,3,3,3,3,3,3,3,3,3,3,3,3,3,3,3,3,3,3,3,3,3,3,3,3,3,3,3
4.3,-7.9,2,2,-0.511066435055093,0.0472833245704369,0.815681376147211,3,3,3,3,3,3,3,3,3,3,3,3,3,3,3,3,3,3,3,3,3,3,3,3,3,3,3,3,3,3
5.0,-7.9,2,2,-0.641162484371627,0.042794063710637,0.0466668141045179,1,1,1,1,1,1,1,1,1,1,1,1,1,1,1,1,1,1,1,1,1,1,1,1,1,1,1,1,1,1
5.7,-7.9,2,2,0.0364968290974158,2.17524079790029,-1.63507903467406,1,1,1,1,1,1,1,1,1,1,1,1,1,1,1,1,1,1,1,1,1,1,1,1,1,1,1,1,1,1
-5.5,-7.2,3,3,3.94299739692693,-0.0877502010052311,2.30111290085558,2,2,2,2,2,2,2,2,2,2,2,2,2,2,2,2,2,2,2,2,2,2,2,2,2,2,2,2,2,2
-4.8,-7.2,3,3,1.09129779104668,1.36974968095968,1.33349116839386,2,2,2,2,2,2,2,2,2,2,2,2,2,2,2,2,2,2,2,2,2,2,2,2,2,2,2,2,2,2
-4.1,-7.2,3,3,2.37994535648142,0.112243221940715,1.20838388292173,2,2,2,2,2,2,2,2,2,2,2,2,2,2,2,2,2,2,2,2,2,2,2,2,2,2,2,2,2,2
-3.4,-7.2,3,3,2.99855788211742,1.17535498003219,2.60870144017785,2,2,2,2,2,2,2,2,2,2,2,2,2,2,2,2,2,2,2,2,2,2,2,2,2,2,2,2,2,2
-2.7,-7.2,3,3,-0.600953739923376,1.39232488095799,0.18403725166405,2,2,2,2,2,2,2,2,2,2,2,2,2,2,2,2,2,2,2,2,2,2,2,2,2,2,2,2,2,2
3.6,-7.2,2,2,-0.272214380831397,0.625053562681265,-0.390436894018198,3,3,3,3,3,3,3,3,3,3,3,3,3,3,3,3,3,3,3,3,3,3,3,3,3,3,3,3,3,3
4.3,-7.2,2,2,0.623829960455267,-0.111258139661424,-0.703142311426826,3,3,3,3,3,3,3,3,3,3,3,3,3,3,3,3,3,3,3,3,3,3,3,3,3,3,3,3,3,3
5.0,-7.2,2,2,0.334438513275946,0.425408642095696,-0.217538109705876,1,1,1,1,1,1,1,1,1,1,1,1,1,1,1,1,1,1,1,1,1,1,1,1,1,1,1,1,1,1
5.7,-7.2,2,2,-0.914401538714697,0.386425805502983,-0.279929673461574,1,1,1,1,1,1,1,1,1,1,1,1,1,1,1,1,1,1,1,1,1,1,1,1,1,1,1,1,1,1
6.4,-7.2,2,2,0.269679875786231,-0.720291883513478,0.775508396306653,1,1,1,1,1,1,1,1,1,1,1,1,1,1,1,1,1,1,1,1,1,1,1,1,1,1,1,1,1,1
-6.2,-6.5,3,3,1.21642861946367,1.33309834111009,0.545673516246716,2,2,2,2,2,2,2,2,2,2,2,2,2,2,2,2,2,2,2,2,2,2,2,2,2,2,2,2,2,2
-5.5,-6.5,3,3,0.359759107590455,1.7520656620166,-0.602464346168179,2,2,2,2,2,2,2,2,2,2,2,2,2,2,2,2,2,2,2,2,2,2,2,2,2,2,2,2,2,2
-4.8,-6.5,3,3,1.81448766459365,-0.290462122165475,0.907738417062445,2,2,2,2,2,2,2,2,2,2,2,2,2,2,2,2,2,2,2,2,2,2,2,2,2,2,2,2,2,2
-4.1,-6.5,3,3,1.56795890461566,1.27909043264872,1.62023475283635,2,2,2,2,2,2,2,2,2,2,2,2,2,2,2,2,2,2,2,2,2,2,2,2,2,2,2,2,2,2
5.0,-6.5,2,2,-0.850051487375492,-0.79733563370395,-0.29010876575069,3,3,3,3,3,3,3,3,3,3,3,3,3,3,3,3,3,3,3,3,3,3,3,3,3,3,3,3,3,3
5.7,-6.5,2,2,1.47927404143392,0.0381335693722552,0.469759183609026,3,3,3,3,3,3,3,3,3,3,3,3,3,3,3,3,3,3,3,3,3,3,3,3,3,3,3,3,3,3
6.4,-6.5,2,2,0.286605923277807,-1.90314331908396,-0.554723790898952,1,1,1,1,1,1,1,1,1,1,1,1,1,1,1,1,1,1,1,1,1,1,1,1,1,1,1,1,1,1
7.1,-6.5,2,2,0.255168372923532,1.89297177158903,0.931938293717064,1,1,1,1,1,1,1,1,1,1,1,1,1,1,1,1,1,1,1,1,1,1,1,1,1,1,1,1,1,1
-6.9,-5.8,3,3,1.57244244049182,1.26502376151357,1.96677876142365,2,2,2,2,2,2,2,2,2,2,2,2,2,2,2,2,2,2,2,2,2,2,2,2,2,2,2,2,2,2
-6.2,-5.8,3,3,1.22602782873455,1.38487221049133,2.60349071793096,2,2,2,2,2,2,2,2,2,2,2,2,2,2,2,2,2,2,2,2,2,2,2,2,2,2,2,2,2,2
-5.5,-5.8,3,3,1.95081369882831,1.46925373312202,1.17949900076325,2,2,2,2,2,2,2,2,2,2,2,2,2,2,2,2,2,2,2,2,2,2,2,2,2,2,2,2,2,2
-4.8,-5.8,3,3,0.954620495433755,0.580314187632743,-0.488154247085548,2,2,2,2,2,2,2,2,2,2,2,2,2,2,2,2,2,2,2,2,2,2,2,2,2,2,2,2,2,2
-2.0,-5.8,2,12,-0.282735575742299,-0.541219275399313,-0.350318894418604,2,2,2,2,2,2,2,2,2,2,2,2,2,2,2,2,2,2,2,2,2,2,2,2,2,2,2,2,2,2
-1.3,-5.8,1,11,-1.35433356771368,-2.09544174272315,0.162881686715692,3,3,3,3,3,3,3,3,3,3,3,3,3,3,3,3,3,3,3,3,3,3,3,3,3,3,3,3,3,3
-0.600000000000001,-5.8,1,11,-0.629578989134513,-1.1538767686409,0.948330547511914,3,3,3,3,3,3,3,3,3,3,3,3,3,3,3,3,3,3,3,3,3,3,3,3,3,3,3,3,3,3
0.0999999999999996,-5.8,1,11,-1.43319105248113,-0.905621812028958,-1.52257850753724,3,3,3,3,3,3,3,3,3,3,3,3,3,3,3,3,3,3,3,3,3,3,3,3,3,3,3,3,3,3
0.799999999999999,-5.8,1,11,-1.27562227616967,-1.03566462597707,0.0801483648715691,3,3,3,3,3,3,3,3,3,3,3,3,3,3,3,3,3,3,3,3,3,3,3,3,3,3,3,3,3,3
1.5,-5.8,1,11,0.332162696341521,-1.20838680363162,-2.21060566794744,3,3,3,3,3,3,3,3,3,3,3,3,3,3,3,3,3,3,3,3,3,3,3,3,3,3,3,3,3,3
2.2,-5.8,1,11,0.332977982160905,-2.14425935614289,0.821317628380251,3,3,3,3,3,3,3,3,3,3,3,3,3,3,3,3,3,3,3,3,3,3,3,3,3,3,3,3,3,3
2.9,-5.8,1,11,0.127666572238091,-0.613127080531229,-1.93624135405019,3,3,3,3,3,3,3,3,3,3,3,3,3,3,3,3,3,3,3,3,3,3,3,3,3,3,3,3,3,3
6.4,-5.8,2,2,-1.20499016539515,1.12374274370535,-1.05383518807552,1,1,1,1,1,1,1,1,1,1,1,1,1,1,1,1,1,1,1,1,1,1,1,1,1,1,1,1,1,1
7.1,-5.8,2,2,-0.327652057407611,-0.412366688198173,-1.59019389273388,1,1,1,1,1,1,1,1,1,1,1,1,1,1,1,1,1,1,1,1,1,1,1,1,1,1,1,1,1,1
7.8,-5.8,2,2,-1.08097123264013,0.341369076883293,2.70751947072035,1,1,1,1,1,1,1,1,1,1,1,1,1,1,1,1,1,1,1,1,1,1,1,1,1,1,1,1,1,1
-6.9,-5.1,3,3,1.3684061615241,2.49500459575142,0.865535513133908,2,2,2,2,2,2,2,2,2,2,2,2,2,2,2,2,2,2,2,2,2,2,2,2,2,2,2,2,2,2
-6.2,-5.1,3,3,2.63807305489725,-0.9146750610814,0.233497094959298,2,2,2,2,2,2,2,2,2,2,2,2,2,2,2,2,2,2,2,2,2,2,2,2,2,2,2,2,2,2
-5.5,-5.1,3,3,1.18414969883149,1.19544909988654,0.727475883003927,2,2,2,2,2,2,2,2,2,2,2,2,2,2,2,2,2,2,2,2,2,2,2,2,2,2,2,2,2,2
-2.7,-5.1,2,12,0.938036262922474,-0.518543122665645,-0.49953869188351,2,2,2,2,2,2,2,2,2,2,2,2,2,2,2,2,2,2,2,2,2,2,2,2,2,2,2,2,2,2
-2.0,-5.1,2,12,0.686710218225595,-0.666374863097786,0.273032635226633,3,3,3,3,3,3,3,3,3,3,3,3,3,3,3,3,3,3,3,3,3,3,3,3,3,3,3,3,3,3
-1.3,-5.1,1,11,-1.71285143171113,-2.78207604077087,-1.48780291071378,3,3,3,3,3,3,3,3,3,3,3,3,3,3,3,3,3,3,3,3,3,3,3,3,3,3,3,3,3,3
-0.600000000000001,-5.1,1,11,0.142722240658418,-0.841002619901585,-1.19379414175628,3,3,3,3,3,3,3,3,3,3,3,3,3,3,3,3,3,3,3,3,3,3,3,3,3,3,3,3,3,3
0.0999999999999996,-5.1,1,11,-0.70287061462651,0.128979203029581,-0.518959889297614,3,3,3,3,3,3,3,3,3,3,3,3,3,3,3,3,3,3,3,3,3,3,3,3,3,3,3,3,3,3
0.799999999999999,-5.1,1,11,-1.22552408306824,0.492822730204641,-0.397902139277322,3,3,3,3,3,3,3,3,3,3,3,3,3,3,3,3,3,3,3,3,3,3,3,3,3,3,3,3,3,3
1.5,-5.1,1,11,-2.18071058141786,-2.43154478140657,0.852863099064421,3,3,3,3,3,3,3,3,3,3,3,3,3,3,3,3,3,3,3,3,3,3,3,3,3,3,3,3,3,3
2.2,-5.1,1,11,-1.24118978603258,-4.49026030083794,0.0738013649534177,3,3,3,3,3,3,3,3,3,3,3,3,3,3,3,3,3,3,3,3,3,3,3,3,3,3,3,3,3,3
2.9,-5.1,1,11,-2.10501540704679,-1.62354439474295,-1.58746930726466,3,3,3,3,3,3,3,3,3,3,3,3,3,3,3,3,3,3,3,3,3,3,3,3,3,3,3,3,3,3
3.6,-5.1,1,11,-1.6304793635736,-1.22481101601332,0.561459401500679,3,3,3,3,3,3,3,3,3,3,3,3,3,3,3,3,3,3,3,3,3,3,3,3,3,3,3,3,3,3
4.3,-5.1,1,11,-3.40194288689513,-1.78269434212011,-2.95542722615232,3,3,3,3,3,3,3,3,3,3,3,3,3,3,3,3,3,3,3,3,3,3,3,3,3,3,3,3,3,3
7.1,-5.1,3,1,1.60949394090766,2.8657573206094,0.243760297086027,1,1,1,1,1,1,1,1,1,1,1,1,1,1,1,1,1,1,1,1,1,1,1,1,1,1,1,1,1,1
7.8,-5.1,3,1,-0.750200646850929,0.879229666852113,1.04725424821269,1,1,1,1,1,1,1,1,1,1,1,1,1,1,1,1,1,1,1,1,1,1,1,1,1,1,1,1,1,1
8.5,-5.1,3,1,3.48240933275446,1.23082232776528,0.314206005268054,1,1,1,1,1,1,1,1,1,1,1,1,1,1,1,1,1,1,1,1,1,1,1,1,1,1,1,1,1,1
-7.6,-4.4,2,4,2.13280488315168,-1.39458690791691,-0.908458785056817,2,2,2,2,2,2,2,2,2,2,2,2,2,2,2,2,2,2,2,2,2,2,2,2,2,2,2,2,2,2
-6.9,-4.4,2,4,-0.0736950713956515,2.37931895261215,0.844373083282437,2,2,2,2,2,2,2,2,2,2,2,2,2,2,2,2,2,2,2,2,2,2,2,2,2,2,2,2,2,2
-6.2,-4.4,2,4,-0.159361126232924,-0.311761720714072,-0.251855809749349,2,2,2,2,2,2,2,2,2,2,2,2,2,2,2,2,2,2,2,2,2,2,2,2,2,2,2,2,2,2
-3.4,-4.4,2,12,-0.0460555951653623,1.89814397669197,-1.07097857316459,2,2,2,2,2,2,2,2,2,2,2,2,2,2,2,2,2,2,2,2,2,2,2,2,2,2,2,2,2,2
-2.7,-4.4,2,12,0.714781062033902,-0.0375937345977948,-0.224428572420447,2,2,2,2,2,2,2,2,2,2,2,2,2,2,2,2,2,2,2,2,2,2,2,2,2,2,2,2,2,2
-2.0,-4.4,2,12,1.66064021429131,-0.368771613948526,1.57174649896981,3,3,3,3,3,3,3,3,3,3,3,3,3,3,3,3,3,3,3,3,3,3,3,3,3,3,3,3,3,3
-1.3,-4.4,1,11,-2.09735731745304,-1.20638532854786,-2.64585712513878,3,3,3,3,3,3,3,3,3,3,3,3,3,3,3,3,3,3,3,3,3,3,3,3,3,3,3,3,3,3
2.2,-4.4,1,11,-3.36777664293642,-1.02014433905833,-1.537645237537,3,3,3,3,3,3,3,3,3,3,3,3,3,3,3,3,3,3,3,3,3,3,3,3,3,3,3,3,3,3
2.9,-4.4,1,11,-0.363596421200441,-2.30443672502582,-1.02772157025218,3,3,3,3,3,3,3,3,3,3,3,3,3,3,3,3,3,3,3,3,3,3,3,3,3,3,3,3,3,3
3.6,-4.4,1,11,-1.72414590511976,-1.76822040077226,-1.48434702908268,3,3,3,3,3,3,3,3,3,3,3,3,3,3,3,3,3,3,3,3,3,3,3,3,3,3,3,3,3,3
4.3,-4.4,1,11,-2.22019565462694,-0.58299792565766,-0.298184630137916,3,3,3,3,3,3,3,3,3,3,3,3,3,3,3,3,3,3,3,3,3,3,3,3,3,3,3,3,3,3
5.0,-4.4,1,11,-3.2653592949336,-1.11120223477657,-0.438327308158342,3,3,3,3,3,3,3,3,3,3,3,3,3,3,3,3,3,3,3,3,3,3,3,3,3,3,3,3,3,3
7.1,-4.4,3,1,3.07483588843128,0.56742510118096,2.42479090306103,1,1,1,1,1,1,1,1,1,1,1,1,1,1,1,1,1,1,1,1,1,1,1,1,1,1,1,1,1,1
7.8,-4.4,3,1,2.32265357464025,1.00410023814617,0.385634099947114,1,1,1,1,1,1,1,1,1,1,1,1,1,1,1,1,1,1,1,1,1,1,1,1,1,1,1,1,1,1
8.5,-4.4,3,1,1.86444015840378,2.4586505836423,0.891079680211793,1,1,1,1,1,1,1,1,1,1,1,1,1,1,1,1,1,1,1,1,1,1,1,1,1,1,1,1,1,1
-7.6,-3.7,2,4,1.68139173398373,-0.150362834582561,-0.972481557640308,2,2,2,2,2,2,2,2,2,2,2,2,2,2,2,2,2,2,2,2,2,2,2,2,2,2,2,2,2,2
-6.9,-3.7,2,4,-0.454732518982084,1.20962823209148,1.38201889017455,2,2,2,2,2,2,2,2,2,2,2,2,2,2,2,2,2,2,2,2,2,2,2,2,2,2,2,2,2,2
-4.1,-3.7,3,13,0.790799322542006,0.728654947790902,-0.242877784024083,2,2,2,2,2,2,2,2,2,2,2,2,2,2,2,2,2,2,2,2,2,2,2,2,2,2,2,2,2,2
-3.4,-3.7,3,13,1.03595549341274,-0.256012290157083,1.45076979108647,2,2,2,2,2,2,2,2,2,2,2,2,2,2,2,2,2,2,2,2,2,2,2,2,2,2,2,2,2,2
-2.7,-3.7,3,13,-0.844228646401388,1.76611274542171,-1.23513344467099,2,2,2,2,2,2,2,2,2,2,2,2,2,2,2,2,2,2,2,2,2,2,2,2,2,2,2,2,2,2
3.6,-3.7,1,11,-3.36727755805062,-1.10955942550388,-1.26624724941056,3,3,3,3,3,3,3,3,3,3,3,3,3,3,3,3,3,3,3,3,3,3,3,3,3,3,3,3,3,3
4.3,-3.7,1,11,-1.19859563243869,-1.35666925183253,0.163100620553042,3,3,3,3,3,3,3,3,3,3,3,3,3,3,3,3,3,3,3,3,3,3,3,3,3,3,3,3,3,3
5.0,-3.7,1,11,-1.5399607078572,-1.41045385324787,-1.30737980944164,3,3,3,3,3,3,3,3,3,3,3,3,3,3,3,3,3,3,3,3,3,3,3,3,3,3,3,3,3,3
5.7,-3.7,1,11,-0.450656546786621,-1.17131969281386,-1.61882195518834,3,3,3,3,3,3,3,3,3,3,3,3,3,3,3,3,3,3,3,3,3,3,3,3,3,3,3,3,3,3
7.8,-3.7,3,1,0.209456678974243,-0.327422078975587,2.99533714550935,1,1,1,1,1,1,1,1,1,1,1,1,1,1,1,1,1,1,1,1,1,1,1,1,1,1,1,1,1,1
8.5,-3.7,3,1,1.26831184098658,2.7799735834408,-0.169845492736421,1,1,1,1,1,1,1,1,1,1,1,1,1,1,1,1,1,1,1,1,1,1,1,1,1,1,1,1,1,1
9.2,-3.7,3,1,0.0631104294185207,2.89691053870399,0.278180826616144,1,1,1,1,1,1,1,1,1,1,1,1,1,1,1,1,1,1,1,1,1,1,1,1,1,1,1,1,1,1
-8.3,-3.0,2,4,-0.181012583399567,-0.455997940496925,1.80547598776252,2,2,2,2,2,2,2,2,2,2,2,2,2,2,2,2,2,2,2,2,2,2,2,2,2,2,2,2,2,2
-7.6,-3.0,2,4,-0.437520591015683,1.10949409466325,-0.917689824523964,2,2,2,2,2,2,2,2,2,2,2,2,2,2,2,2,2,2,2,2,2,2,2,2,2,2,2,2,2,2
-6.9,-3.0,2,4,0.38066726442862,-0.946848839118937,0.713318748724014,2,2,2,2,2,2,2,2,2,2,2,2,2,2,2,2,2,2,2,2,2,2,2,2,2,2,2,2,2,2
-4.8,-3.0,3,13,0.736243951120259,-0.831262970927865,1.37866446215268,2,2,2,2,2,2,2,2,2,2,2,2,2,2,2,2,2,2,2,2,2,2,2,2,2,2,2,2,2,2
-4.1,-3.0,3,13,1.22131778839117,-0.671658182483811,0.794110826078975,2,2,2,2,2,2,2,2,2,2,2,2,2,2,2,2,2,2,2,2,2,2,2,2,2,2,2,2,2,2
-3.4,-3.0,3,13,0.463310967930185,1.65842106145714,0.952185446386089,2,2,2,2,2,2,2,2,2,2,2,2,2,2,2,2,2,2,2,2,2,2,2,2,2,2,2,2,2,2
-0.600000000000001,-3.0,2,16,-0.109620690790869,0.232069659195995,-0.105594434475429,3,3,3,3,3,3,3,3,3,3,3,3,3,3,3,3,3,3,3,3,3,3,3,3,3,3,3,3,3,3
0.0999999999999996,-3.0,2,16,-0.166239263790303,1.9944867194479,-0.231916901966033,3,3,3,3,3,3,3,3,3,3,3,3,3,3,3,3,3,3,3,3,3,3,3,3,3,3,3,3,3,3
0.799999999999999,-3.0,2,16,0.514502617984955,-0.897868060767879,-0.236021947490458,3,3,3,3,3,3,3,3,3,3,3,3,3,3,3,3,3,3,3,3,3,3,3,3,3,3,3,3,3,3
1.5,-3.0,2,16,-0.0907373550381209,-1.34657157208415,-0.173615482631038,3,3,3,3,3,3,3,3,3,3,3,3,3,3,3,3,3,3,3,3,3,3,3,3,3,3,3,3,3,3
4.3,-3.0,1,11,-0.288796868237318,-1.62073346900414,-2.06195578992196,3,3,3,3,3,3,3,3,3,3,3,3,3,3,3,3,3,3,3,3,3,3,3,3,3,3,3,3,3,3
5.0,-3.0,1,11,0.891364452681979,-1.82994395087124,-1.7201762939518,3,3,3,3,3,3,3,3,3,3,3,3,3,3,3,3,3,3,3,3,3,3,3,3,3,3,3,3,3,3
5.7,-3.0,1,11,-1.15378223478538,-2.62418266279645,-1.35524982620266,3,3,3,3,3,3,3,3,3,3,3,3,3,3,3,3,3,3,3,3,3,3,3,3,3,3,3,3,3,3
8.5,-3.0,3,1,0.182557886073616,2.12994949629471,1.4481912056188,1,1,1,1,1,1,1,1,1,1,1,1,1,1,1,1,1,1,1,1,1,1,1,1,1,1,1,1,1,1
9.2,-3.0,3,1,2.36337515315905,1.1844921977629,1.24316619626461,1,1,1,1,1,1,1,1,1,1,1,1,1,1,1,1,1,1,1,1,1,1,1,1,1,1,1,1,1,1
-8.3,-2.3,2,4,-0.226236653176034,-1.25576648793548,0.791875978505518,2,2,2,2,2,2,2,2,2,2,2,2,2,2,2,2,2,2,2,2,2,2,2,2,2,2,2,2,2,2
-7.6,-2.3,2,4,0.926991604519562,0.92222659698517,-1.53093248858683,2,2,2,2,2,2,2,2,2,2,2,2,2,2,2,2,2,2,2,2,2,2,2,2,2,2,2,2,2,2
-6.9,-2.3,2,4,0.168347863532582,1.5059317391356,1.39418178382106,2,2,2,2,2,2,2,2,2,2,2,2,2,2,2,2,2,2,2,2,2,2,2,2,2,2,2,2,2,2
-4.8,-2.3,3,13,2.51923833161188,2.8775091995561,0.306975584091248,1,1,1,1,1,1,1,1,1,1,1,1,1,1,1,1,1,1,1,1,1,1,1,1,1,1,1,1,1,1
-4.1,-2.3,3,13,0.514710839120325,1.10005173367169,-0.262791821183716,2,2,2,2,2,2,2,2,2,2,2,2,2,2,2,2,2,2,2,2,2,2,2,2,2,2,2,2,2,2
-1.3,-2.3,2,16,1.7396151538898,-1.5905699998741,-0.0383088797560424,3,3,3,3,3,3,3,3,3,3,3,3,3,3,3,3,3,3,3,3,3,3,3,3,3,3,3,3,3,3
-0.600000000000001,-2.3,2,16,0.531131305718879,-0.517215554966739,-0.513414006514388,3,3,3,3,3,3,3,3,3,3,3,3,3,3,3,3,3,3,3,3,3,3,3,3,3,3,3,3,3,3
0.0999999999999996,-2.3,2,16,-0.403066952989254,-0.0022934992754833,0.565301594139264,3,3,3,3,3,3,3,3,3,3,3,3,3,3,3,3,3,3,3,3,3,3,3,3,3,3,3,3,3,3
0.799999999999999,-2.3,2,16,1.22803491402725,-0.0347490005898087,-1.41357983134514,3,3,3,3,3,3,3,3,3,3,3,3,3,3,3,3,3,3,3,3,3,3,3,3,3,3,3,3,3,3
1.5,-2.3,3,15,0.207249019058603,2.73890547623894,0.723257930354095,3,3,3,3,3,3,3,3,3,3,3,3,3,3,3,3,3,3,3,3,3,3,3,3,3,3,3,3,3,3
2.2,-2.3,3,15,0.10628094560598,-0.954333516910142,1.07319176978037,3,3,3,3,3,3,3,3,3,3,3,3,3,3,3,3,3,3,3,3,3,3,3,3,3,3,3,3,3,3
5.0,-2.3,1,11,-2.08213460493891,-0.64218077779463,-0.78984732483852,3,3,3,3,3,3,3,3,3,3,3,3,3,3,3,3,3,3,3,3,3,3,3,3,3,3,3,3,3,3
5.7,-2.3,1,11,-0.499491029623631,-0.499189521638501,-0.401765978924802,3,3,3,3,3,3,3,3,3,3,3,3,3,3,3,3,3,3,3,3,3,3,3,3,3,3,3,3,3,3
6.4,-2.3,1,11,-1.20990251109406,-1.51592877948905,-1.38165255819044,3,3,3,3,3,3,3,3,3,3,3,3,3,3,3,3,3,3,3,3,3,3,3,3,3,3,3,3,3,3
8.5,-2.3,3,1,-0.189112773304383,1.9584443557775,-0.432616735827028,2,2,2,2,2,2,2,2,2,2,2,2,2,2,2,2,2,2,2,2,2,2,2,2,2,2,2,2,2,2
9.2,-2.3,3,1,0.894039368753072,1.40672778806691,-0.53739597449091,1,1,1,1,1,1,1,1,1,1,1,1,1,1,1,1,1,1,1,1,1,1,1,1,1,1,1,1,1,1
-8.3,-1.6,2,4,0.399483947655142,1.62792804204583,-0.421734135631968,2,2,2,2,2,2,2,2,2,2,2,2,2,2,2,2,2,2,2,2,2,2,2,2,2,2,2,2,2,2
-7.6,-1.6,2,4,0.792439815597848,1.38977021891688,-2.52461620870434,3,3,3,3,3,3,3,3,3,3,3,3,3,3,3,3,3,3,3,3,3,3,3,3,3,3,3,3,3,3
-4.8,-1.6,3,13,3.76192619271145,1.03391975336303,1.70156719599967,2,2,2,2,2,2,2,2,2,2,2,2,2,2,2,2,2,2,2,2,2,2,2,2,2,2,2,2,2,2
-4.1,-1.6,3,13,1.04764350677551,-0.456279953111405,1.61555786194234,2,2,2,2,2,2,2,2,2,2,2,2,2,2,2,2,2,2,2,2,2,2,2,2,2,2,2,2,2,2
-2.0,-1.6,2,16,-0.379856390128593,0.283813559310476,1.17152225291557,2,2,2,2,2,2,2,2,2,2,2,2,2,2,2,2,2,2,2,2,2,2,2,2,2,2,2,2,2,2
-1.3,-1.6,2,16,1.07038701748915,-0.06043373553326,0.245399192946882,1,1,1,1,1,1,1,1,1,1,1,1,1,1,1,1,1,1,1,1,1,1,1,1,1,1,1,1,1,1
-0.600000000000001,-1.6,2,16,1.35176797885846,-0.326603407353746,0.106190352399883,3,3,3,3,3,3,3,3,3,3,3,3,3,3,3,3,3,3,3,3,3,3,3,3,3,3,3,3,3,3
0.0999999999999996,-1.6,2,16,0.367824320256625,0.343133763663359,1.21182583047557,2,2,2,2,2,2,2,2,2,2,2,2,2,2,2,2,2,2,2,2,2,2,2,2,2,2,2,2,2,2
0.799999999999999,-1.6,2,16,1.5554789487663,-0.903219807060753,-1.01491422840705,2,2,2,2,2,2,2,2,2,2,2,2,2,2,2,2,2,2,2,2,2,2,2,2,2,2,2,2,2,2
1.5,-1.6,3,15,-0.243891771335726,-1.71744900658855,2.15492621155341,2,2,2,2,2,2,2,2,2,2,2,2,2,2,2,2,2,2,2,2,2,2,2,2,2,2,2,2,2,2
2.2,-1.6,3,15,0.178741445749967,-0.478359651187206,0.804758675340125,2,2,2,2,2,2,2,2,2,2,2,2,2,2,2,2,2,2,2,2,2,2,2,2,2,2,2,2,2,2
2.9,-1.6,3,15,1.57067021388217,0.0255244228508945,2.0655578531968,3,3,3,3,3,3,3,3,3,3,3,3,3,3,3,3,3,3,3,3,3,3,3,3,3,3,3,3,3,3
5.7,-1.6,2,10,-0.0858431734699991,-0.47202999668376,1.55829356488552,3,3,3,3,3,3,3,3,3,3,3,3,3,3,3,3,3,3,3,3,3,3,3,3,3,3,3,3,3,3
6.4,-1.6,1,11,0.571362395290031,-0.0142601793787479,-1.21235012616039,3,3,3,3,3,3,3,3,3,3,3,3,3,3,3,3,3,3,3,3,3,3,3,3,3,3,3,3,3,3
8.5,-1.6,3,1,-0.558755677451053,-0.22114991626914,1.73355548486713,1,1,1,1,1,1,1,1,1,1,1,1,1,1,1,1,1,1,1,1,1,1,1,1,1,1,1,1,1,1
9.2,-1.6,3,1,-0.0998576533375273,1.29004403488009,2.72662176983481,1,1,1,1,1,1,1,1,1,1,1,1,1,1,1,1,1,1,1,1,1,1,1,1,1,1,1,1,1,1
9.9,-1.6,3,1,-0.0356068062317247,0.77103990573718,0.605833115055721,1,1,1,1,1,1,1,1,1,1,1,1,1,1,1,1,1,1,1,1,1,1,1,1,1,1,1,1,1,1
-8.3,-0.9,1,5,-2.64060618524819,-2.18641671404323,-2.93392554089264,3,3,3,3,3,3,3,3,3,3,3,3,3,3,3,3,3,3,3,3,3,3,3,3,3,3,3,3,3,3
-7.6,-0.9,1,5,-0.403172106936547,-1.68716560806297,-3.03750546042806,3,3,3,3,3,3,3,3,3,3,3,3,3,3,3,3,3,3,3,3,3,3,3,3,3,3,3,3,3,3
-5.5,-0.9,3,13,-0.0750892885046841,0.0249479007969702,2.87067398795912,1,1,1,1,1,1,1,1,1,1,1,1,1,1,1,1,1,1,1,1,1,1,1,1,1,1,1,1,1,1
-4.8,-0.9,3,13,1.55146491253872,-0.820653189510326,-0.251201423245517,2,2,2,2,2,2,2,2,2,2,2,2,2,2,2,2,2,2,2,2,2,2,2,2,2,2,2,2,2,2
-4.1,-0.9,3,13,-1.65087985580824,0.789111357712989,2.04573451759364,2,2,2,2,2,2,2,2,2,2,2,2,2,2,2,2,2,2,2,2,2,2,2,2,2,2,2,2,2,2
-2.0,-0.9,2,16,-0.327617369464035,1.78392439114351,-0.914265853599106,2,2,2,2,2,2,2,2,2,2,2,2,2,2,2,2,2,2,2,2,2,2,2,2,2,2,2,2,2,2
-1.3,-0.9,2,16,-3.36107771817983,-0.666157727679565,0.940691566392947,2,2,2,2,2,2,2,2,2,2,2,2,2,2,2,2,2,2,2,2,2,2,2,2,2,2,2,2,2,2
2.2,-0.9,3,15,0.815586255929708,0.354210513457516,0.64695009037987,2,2,2,2,2,2,2,2,2,2,2,2,2,2,2,2,2,2,2,2,2,2,2,2,2,2,2,2,2,2
2.9,-0.9,3,15,-0.43167546493932,1.19970369686367,1.25236836083469,2,2,2,2,2,2,2,2,2,2,2,2,2,2,2,2,2,2,2,2,2,2,2,2,2,2,2,2,2,2
3.6,-0.9,3,15,-0.102196700355945,1.9495043987323,0.817438719401807,2,2,2,2,2,2,2,2,2,2,2,2,2,2,2,2,2,2,2,2,2,2,2,2,2,2,2,2,2,2
5.7,-0.9,2,10,-0.761352478192224,-1.11084490109801,-1.94161112005227,3,3,3,3,3,3,3,3,3,3,3,3,3,3,3,3,3,3,3,3,3,3,3,3,3,3,3,3,3,3
6.4,-0.9,2,10,-0.309810900669587,0.823982127627372,1.16071255748482,3,3,3,3,3,3,3,3,3,3,3,3,3,3,3,3,3,3,3,3,3,3,3,3,3,3,3,3,3,3
8.5,-0.9,3,1,0.190149272125757,-0.0327110242790685,-0.400712456023779,1,1,1,1,1,1,1,1,1,1,1,1,1,1,1,1,1,1,1,1,1,1,1,1,1,1,1,1,1,1
9.2,-0.9,3,1,2.52748095852371,0.362582929866123,0.387537384718076,1,1,1,1,1,1,1,1,1,1,1,1,1,1,1,1,1,1,1,1,1,1,1,1,1,1,1,1,1,1
9.9,-0.9,3,1,-0.146534806190158,0.636800315928781,-0.080185417805736,1,1,1,1,1,1,1,1,1,1,1,1,1,1,1,1,1,1,1,1,1,1,1,1,1,1,1,1,1,1
-8.3,-0.200000000000001,1,5,0.57919770049859,-0.271678053143635,-0.227589093999479,3,3,3,3,3,3,3,3,3,3,3,3,3,3,3,3,3,3,3,3,3,3,3,3,3,3,3,3,3,3
-7.6,-0.200000000000001,1,5,0.65620612572729,-1.19403281984945,-2.10390182523945,3,3,3,3,3,3,3,3,3,3,3,3,3,3,3,3,3,3,3,3,3,3,3,3,3,3,3,3,3,3
-5.5,-0.200000000000001,3,13,0.102310845986316,0.0241883985131703,1.9538401026607,2,2,2,2,2,2,2,2,2,2,2,2,2,2,2,2,2,2,2,2,2,2,2,2,2,2,2,2,2,2
-4.8,-0.200000000000001,3,13,1.92682348141433,1.69751990477486,2.42754521744701,2,2,2,2,2,2,2,2,2,2,2,2,2,2,2,2,2,2,2,2,2,2,2,2,2,2,2,2,2,2
-4.1,-0.200000000000001,3,13,2.52814037708042,1.21562315916773,0.58060383049809,2,2,2,2,2,2,2,2,2,2,2,2,2,2,2,2,2,2,2,2,2,2,2,2,2,2,2,2,2,2
-2.0,-0.200000000000001,2,16,0.675427635599918,0.201072121618255,-1.13363187962817,2,2,2,2,2,2,2,2,2,2,2,2,2,2,2,2,2,2,2,2,2,2,2,2,2,2,2,2,2,2
-1.3,-0.200000000000001,2,16,0.110751609673498,0.228286429269122,-0.441538398058643,3,3,3,3,3,3,3,3,3,3,3,3,3,3,3,3,3,3,3,3,3,3,3,3,3,3,3,3,3,3
2.9,-0.200000000000001,3,15,1.83779951199992,0.116269844700145,0.176531359528825,2,2,2,2,2,2,2,2,2,2,2,2,2,2,2,2,2,2,2,2,2,2,2,2,2,2,2,2,2,2
3.6,-0.200000000000001,3,15,1.38290302119806,0.607855346658802,1.17372189306226,2,2,2,2,2,2,2,2,2,2,2,2,2,2,2,2,2,2,2,2,2,2,2,2,2,2,2,2,2,2
5.7,-0.200000000000001,2,10,-0.513135626862226,0.469657902760057,0.758055651156896,3,3,3,3,3,3,3,3,3,3,3,3,3,3,3,3,3,3,3,3,3,3,3,3,3,3,3,3,3,3
6.4,-0.200000000000001,2,10,-0.48336697960311,-1.48644978359922,-1.39858782239071,3,3,3,3,3,3,3,3,3,3,3,3,3,3,3,3,3,3,3,3,3,3,3,3,3,3,3,3,3,3
7.1,-0.200000000000001,2,10,-0.087313034686586,1.25444252498095,1.02753034758583,3,3,3,3,3,3,3,3,3,3,3,3,3,3,3,3,3,3,3,3,3,3,3,3,3,3,3,3,3,3
9.2,-0.200000000000001,3,1,1.02414631916287,0.98439911966591,0.821036372102027,2,2,2,2,2,2,2,2,2,2,2,2,2,2,2,2,2,2,2,2,2,2,2,2,2,2,2,2,2,2
9.9,-0.200000000000001,3,1,1.38490957717787,0.516834288891162,0.0282339706074917,2,2,2,2,2,2,2,2,2,2,2,2,2,2,2,2,2,2,2,2,2,2,2,2,2,2,2,2,2,2
-8.3,0.5,1,5,-0.971631116225249,-1.66870951579009,-1.33402967139067,3,3,3,3,3,3,3,3,3,3,3,3,3,3,3,3,3,3,3,3,3,3,3,3,3,3,3,3,3,3
-7.6,0.5,1,5,-1.51878317796504,-2.65507842444075,-0.863678874057065,3,3,3,3,3,3,3,3,3,3,3,3,3,3,3,3,3,3,3,3,3,3,3,3,3,3,3,3,3,3
-4.8,0.5,3,13,2.57501849686393,2.25337131840052,0.395244055854438,2,2,2,2,2,2,2,2,2,2,2,2,2,2,2,2,2,2,2,2,2,2,2,2,2,2,2,2,2,2
-4.1,0.5,3,13,0.606497927200246,1.14455914601962,0.0674256058560048,2,2,2,2,2,2,2,2,2,2,2,2,2,2,2,2,2,2,2,2,2,2,2,2,2,2,2,2,2,2
-2.0,0.5,2,16,-1.14926721161693,0.152957905973139,-2.36860623298214,2,2,2,2,2,2,2,2,2,2,2,2,2,2,2,2,2,2,2,2,2,2,2,2,2,2,2,2,2,2
-1.3,0.5,2,16,0.450033144443386,0.823929897228615,0.446005075777621,2,2,2,2,2,2,2,2,2,2,2,2,2,2,2,2,2,2,2,2,2,2,2,2,2,2,2,2,2,2
-0.600000000000001,0.5,2,16,0.008759296263002,-0.621630699348987,0.38284912289064,3,3,3,3,3,3,3,3,3,3,3,3,3,3,3,3,3,3,3,3,3,3,3,3,3,3,3,3,3,3
0.0999999999999996,0.5,2,16,-1.46978142264966,-0.18361921116991,0.358135126824594,3,3,3,3,3,3,3,3,3,3,3,3,3,3,3,3,3,3,3,3,3,3,3,3,3,3,3,3,3,3
0.799999999999999,0.5,2,16,-0.249884682110855,0.341216932374373,-0.393102455703108,2,2,2,2,2,2,2,2,2,2,2,2,2,2,2,2,2,2,2,2,2,2,2,2,2,2,2,2,2,2
2.9,0.5,3,15,1.53098141770134,2.27086214332015,1.95049351206634,2,2,2,2,2,2,2,2,2,2,2,2,2,2,2,2,2,2,2,2,2,2,2,2,2,2,2,2,2,2
3.6,0.5,3,15,0.0907615836054775,3.17742806440602,1.23309730582736,2,2,2,2,2,2,2,2,2,2,2,2,2,2,2,2,2,2,2,2,2,2,2,2,2,2,2,2,2,2
5.7,0.5,2,10,0.454559294047703,0.400530172102342,-0.183446485692847,3,3,3,3,3,3,3,3,3,3,3,3,3,3,3,3,3,3,3,3,3,3,3,3,3,3,3,3,3,3
6.4,0.5,2,10,-0.316085262979037,-1.47784836291931,0.799780809267235,3,3,3,3,3,3,3,3,3,3,3,3,3,3,3,3,3,3,3,3,3,3,3,3,3,3,3,3,3,3
7.1,0.5,2,10,0.671681620770493,-1.6598206488103,-0.0333424355308638,3,3,3,3,3,3,3,3,3,3,3,3,3,3,3,3,3,3,3,3,3,3,3,3,3,3,3,3,3,3
-8.3,1.2,1,5,-0.747975279146348,-1.50633434139364,-2.61172634582605,3,3,3,3,3,3,3,3,3,3,3,3,3,3,3,3,3,3,3,3,3,3,3,3,3,3,3,3,3,3
-7.6,1.2,1,5,-3.07830045357026,0.10527480099823,-1.28832894064332,3,3,3,3,3,3,3,3,3,3,3,3,3,3,3,3,3,3,3,3,3,3,3,3,3,3,3,3,3,3
-6.9,1.2,1,5,-2.35202862234092,-0.69823600368082,-1.1104380696842,3,3,3,3,3,3,3,3,3,3,3,3,3,3,3,3,3,3,3,3,3,3,3,3,3,3,3,3,3,3
-4.8,1.2,3,13,1.79951914445374,2.19419803395288,1.77076993092618,2,2,2,2,2,2,2,2,2,2,2,2,2,2,2,2,2,2,2,2,2,2,2,2,2,2,2,2,2,2
-4.1,1.2,3,13,-0.686564187419197,0.314968373387913,0.833884988034676,2,2,2,2,2,2,2,2,2,2,2,2,2,2,2,2,2,2,2,2,2,2,2,2,2,2,2,2,2,2
-1.3,1.2,2,16,-0.99418096015406,-0.793954008080287,0.317939695044952,2,2,2,2,2,2,2,2,2,2,2,2,2,2,2,2,2,2,2,2,2,2,2,2,2,2,2,2,2,2
-0.600000000000001,1.2,2,16,-1.07538894009624,-0.197660062504879,0.944705626182132,3,3,3,3,3,3,3,3,3,3,3,3,3,3,3,3,3,3,3,3,3,3,3,3,3,3,3,3,3,3
0.0999999999999996,1.2,2,16,-1.07001832581537,0.602396535475009,-0.309595248168777,3,3,3,3,3,3,3,3,3,3,3,3,3,3,3,3,3,3,3,3,3,3,3,3,3,3,3,3,3,3
2.9,1.2,3,15,2.75876429751592,0.640263539648028,2.769970594266,2,2,2,2,2,2,2,2,2,2,2,2,2,2,2,2,2,2,2,2,2,2,2,2,2,2,2,2,2,2
3.6,1.2,3,15,0.188320649269522,-1.30323611836793,0.360071760750686,3,3,3,3,3,3,3,3,3,3,3,3,3,3,3,3,3,3,3,3,3,3,3,3,3,3,3,3,3,3
5.7,1.2,2,10,0.612110947686894,0.48656818377758,0.441973826101875,3,3,3,3,3,3,3,3,3,3,3,3,3,3,3,3,3,3,3,3,3,3,3,3,3,3,3,3,3,3
6.4,1.2,2,10,-0.392948259364692,0.426651896641277,0.154340256261755,3,3,3,3,3,3,3,3,3,3,3,3,3,3,3,3,3,3,3,3,3,3,3,3,3,3,3,3,3,3
7.1,1.2,2,10,0.137769879301173,0.165995691258309,-1.60868433533422,3,3,3,3,3,3,3,3,3,3,3,3,3,3,3,3,3,3,3,3,3,3,3,3,3,3,3,3,3,3
-8.3,1.9,2,6,0.735995211904151,-1.51590205292908,-1.34576525514317,3,3,3,3,3,3,3,3,3,3,3,3,3,3,3,3,3,3,3,3,3,3,3,3,3,3,3,3,3,3
-7.6,1.9,2,6,-1.49880157662859,-0.696289058979236,-0.140803004310463,3,3,3,3,3,3,3,3,3,3,3,3,3,3,3,3,3,3,3,3,3,3,3,3,3,3,3,3,3,3
-6.9,1.9,2,6,-1.5596702563521,-0.0355562768359247,0.839711339547674,3,3,3,3,3,3,3,3,3,3,3,3,3,3,3,3,3,3,3,3,3,3,3,3,3,3,3,3,3,3
-4.8,1.9,3,13,-0.316635194738061,1.55958221727348,1.02072436536096,2,2,2,2,2,2,2,2,2,2,2,2,2,2,2,2,2,2,2,2,2,2,2,2,2,2,2,2,2,2
-4.1,1.9,3,13,0.287648155497531,0.706354979540448,1.01534180513981,2,2,2,2,2,2,2,2,2,2,2,2,2,2,2,2,2,2,2,2,2,2,2,2,2,2,2,2,2,2
-3.4,1.9,3,13,0.658065996361015,-0.216916930622784,1.22038900869274,2,2,2,2,2,2,2,2,2,2,2,2,2,2,2,2,2,2,2,2,2,2,2,2,2,2,2,2,2,2
2.2,1.9,3,15,1.63394356130847,1.15798421532837,1.54854143770526,1,1,1,1,1,1,1,1,1,1,1,1,1,1,1,1,1,1,1,1,1,1,1,1,1,1,1,1,1,1
2.9,1.9,3,15,0.779836835525964,0.193545464655758,2.40386738278057,3,3,3,3,3,3,3,3,3,3,3,3,3,3,3,3,3,3,3,3,3,3,3,3,3,3,3,3,3,3
3.6,1.9,3,15,1.05677196376068,1.84201447733413,1.23319450623843,3,3,3,3,3,3,3,3,3,3,3,3,3,3,3,3,3,3,3,3,3,3,3,3,3,3,3,3,3,3
5.7,1.9,1,9,0.744868925219886,-2.72886640277803,-2.07713966519955,3,3,3,3,3,3,3,3,3,3,3,3,3,3,3,3,3,3,3,3,3,3,3,3,3,3,3,3,3,3
6.4,1.9,1,9,0.442641755345118,-1.09260144973053,-0.746241873926221,3,3,3,3,3,3,3,3,3,3,3,3,3,3,3,3,3,3,3,3,3,3,3,3,3,3,3,3,3,3
-7.6,2.6,2,6,-0.490637282578574,-0.567789215404448,0.745157523185759,3,3,3,3,3,3,3,3,3,3,3,3,3,3,3,3,3,3,3,3,3,3,3,3,3,3,3,3,3,3
-6.9,2.6,2,6,-0.647778841552689,-0.0448633424407306,0.634642320932142,3,3,3,3,3,3,3,3,3,3,3,3,3,3,3,3,3,3,3,3,3,3,3,3,3,3,3,3,3,3
-4.1,2.6,3,13,2.18958364468454,0.162648410907591,1.84185990218874,2,2,2,2,2,2,2,2,2,2,2,2,2,2,2,2,2,2,2,2,2,2,2,2,2,2,2,2,2,2
-3.4,2.6,3,13,1.01000547662665,1.40347600475886,2.55243111632066,2,2,2,2,2,2,2,2,2,2,2,2,2,2,2,2,2,2,2,2,2,2,2,2,2,2,2,2,2,2
-2.7,2.6,3,13,1.86319324651874,0.621162217578347,1.01409918932147,2,2,2,2,2,2,2,2,2,2,2,2,2,2,2,2,2,2,2,2,2,2,2,2,2,2,2,2,2,2
1.5,2.6,1,14,-1.9594619980971,-1.00190945033785,-2.71549532221023,3,3,3,3,3,3,3,3,3,3,3,3,3,3,3,3,3,3,3,3,3,3,3,3,3,3,3,3,3,3
2.2,2.6,1,14,-1.12757580172126,-0.868913078732334,-1.60265983243495,3,3,3,3,3,3,3,3,3,3,3,3,3,3,3,3,3,3,3,3,3,3,3,3,3,3,3,3,3,3
2.9,2.6,1,14,-1.36809008673347,-2.25897454546306,-0.822841674338696,3,3,3,3,3,3,3,3,3,3,3,3,3,3,3,3,3,3,3,3,3,3,3,3,3,3,3,3,3,3
5.7,2.6,1,9,-3.28650323555563,-1.9036273280472,0.383032840619546,3,3,3,3,3,3,3,3,3,3,3,3,3,3,3,3,3,3,3,3,3,3,3,3,3,3,3,3,3,3
6.4,2.6,1,9,-2.19768038556451,-3.25898998091975,0.0062862068101299,3,3,3,3,3,3,3,3,3,3,3,3,3,3,3,3,3,3,3,3,3,3,3,3,3,3,3,3,3,3
-7.6,3.3,2,6,-0.251138707536838,-1.37763411324657,1.55568448252737,3,3,3,3,3,3,3,3,3,3,3,3,3,3,3,3,3,3,3,3,3,3,3,3,3,3,3,3,3,3
-6.9,3.3,2,6,2.15191857524746,0.349480062637685,-1.04771478929601,2,2,2,2,2,2,2,2,2,2,2,2,2,2,2,2,2,2,2,2,2,2,2,2,2,2,2,2,2,2
-6.2,3.3,2,6,0.385180322922954,1.35698656224071,1.39715226485516,2,2,2,2,2,2,2,2,2,2,2,2,2,2,2,2,2,2,2,2,2,2,2,2,2,2,2,2,2,2
-3.4,3.3,3,13,2.14565438131466,1.58556367877905,-0.924254463102102,2,2,2,2,2,2,2,2,2,2,2,2,2,2,2,2,2,2,2,2,2,2,2,2,2,2,2,2,2,2
-2.7,3.3,3,13,1.48157849707331,0.942277547878734,0.737391845798378,2,2,2,2,2,2,2,2,2,2,2,2,2,2,2,2,2,2,2,2,2,2,2,2,2,2,2,2,2,2
-2.0,3.3,1,14,0.625585278692039,-2.06093206467957,-0.592132396310932,2,2,2,2,2,2,2,2,2,2,2,2,2,2,2,2,2,2,2,2,2,2,2,2,2,2,2,2,2,2
-1.3,3.3,1,14,-0.226734604301368,-1.25307989875298,-0.922668995273776,2,2,2,2,2,2,2,2,2,2,2,2,2,2,2,2,2,2,2,2,2,2,2,2,2,2,2,2,2,2
-0.600000000000001,3.3,1,14,-1.38950009802354,-1.08095961665392,0.0112840810402952,3,3,3,3,3,3,3,3,3,3,3,3,3,3,3,3,3,3,3,3,3,3,3,3,3,3,3,3,3,3
0.0999999999999996,3.3,1,14,2.13442746274371,0.203504908492009,0.157301259654401,3,3,3,3,3,3,3,3,3,3,3,3,3,3,3,3,3,3,3,3,3,3,3,3,3,3,3,3,3,3
0.799999999999999,3.3,1,14,-2.90890946679704,-1.07103761209083,-0.78533743681662,3,3,3,3,3,3,3,3,3,3,3,3,3,3,3,3,3,3,3,3,3,3,3,3,3,3,3,3,3,3
1.5,3.3,1,14,-1.76195629664472,-2.34411141483835,-1.02698774760014,3,3,3,3,3,3,3,3,3,3,3,3,3,3,3,3,3,3,3,3,3,3,3,3,3,3,3,3,3,3
2.2,3.3,1,14,-1.45703545715143,-0.448133520956145,-2.08480947142854,3,3,3,3,3,3,3,3,3,3,3,3,3,3,3,3,3,3,3,3,3,3,3,3,3,3,3,3,3,3
2.9,3.3,1,14,-0.819913059388578,1.33869874392853,-0.893923067607227,3,3,3,3,3,3,3,3,3,3,3,3,3,3,3,3,3,3,3,3,3,3,3,3,3,3,3,3,3,3
5.0,3.3,1,9,0.875528817104674,-1.45084397453407,-1.92096576854372,3,3,3,3,3,3,3,3,3,3,3,3,3,3,3,3,3,3,3,3,3,3,3,3,3,3,3,3,3,3
5.7,3.3,1,9,-0.293276811442665,-0.375447919908661,-2.02381905063149,3,3,3,3,3,3,3,3,3,3,3,3,3,3,3,3,3,3,3,3,3,3,3,3,3,3,3,3,3,3
6.4,3.3,1,9,-1.93805253630421,0.592251524522446,-0.600726818377272,3,3,3,3,3,3,3,3,3,3,3,3,3,3,3,3,3,3,3,3,3,3,3,3,3,3,3,3,3,3
-6.9,4.0,2,6,0.334010491478141,-0.265110527406481,0.55946506806138,1,1,1,1,1,1,1,1,1,1,1,1,1,1,1,1,1,1,1,1,1,1,1,1,1,1,1,1,1,1
-6.2,4.0,2,6,0.38575710649256,-0.622583256624887,-0.481660030240793,2,2,2,2,2,2,2,2,2,2,2,2,2,2,2,2,2,2,2,2,2,2,2,2,2,2,2,2,2,2
-5.5,4.0,2,6,-1.40980447722889,0.0960070930718155,0.301813901201746,2,2,2,2,2,2,2,2,2,2,2,2,2,2,2,2,2,2,2,2,2,2,2,2,2,2,2,2,2,2
-2.7,4.0,3,13,1.90763087568685,-0.911790269694267,0.236946868791811,2,2,2,2,2,2,2,2,2,2,2,2,2,2,2,2,2,2,2,2,2,2,2,2,2,2,2,2,2,2
-2.0,4.0,3,13,1.52513202730695,1.90903809807691,2.22608825958078,2,2,2,2,2,2,2,2,2,2,2,2,2,2,2,2,2,2,2,2,2,2,2,2,2,2,2,2,2,2
-1.3,4.0,1,14,0.228223948562956,-2.14273357520197,-0.329890649021138,2,2,2,2,2,2,2,2,2,2,2,2,2,2,2,2,2,2,2,2,2,2,2,2,2,2,2,2,2,2
-0.600000000000001,4.0,1,14,-0.416658299897394,-2.3650535248632,-0.552610342446538,2,2,2,2,2,2,2,2,2,2,2,2,2,2,2,2,2,2,2,2,2,2,2,2,2,2,2,2,2,2
0.0999999999999996,4.0,1,14,-0.640774844177668,-1.48246855683427,1.31429149608341,3,3,3,3,3,3,3,3,3,3,3,3,3,3,3,3,3,3,3,3,3,3,3,3,3,3,3,3,3,3
0.799999999999999,4.0,1,14,1.13505390035824,0.0982943379655115,-0.946700528957442,3,3,3,3,3,3,3,3,3,3,3,3,3,3,3,3,3,3,3,3,3,3,3,3,3,3,3,3,3,3
1.5,4.0,1,14,-1.24791587969688,0.648401940490897,-2.9120587073744,3,3,3,3,3,3,3,3,3,3,3,3,3,3,3,3,3,3,3,3,3,3,3,3,3,3,3,3,3,3
4.3,4.0,1,9,-0.844450455985578,-1.37307700118755,-0.131654977104483,3,3,3,3,3,3,3,3,3,3,3,3,3,3,3,3,3,3,3,3,3,3,3,3,3,3,3,3,3,3
5.0,4.0,1,9,-1.32868019526268,-1.39147158872777,-0.534563500577764,3,3,3,3,3,3,3,3,3,3,3,3,3,3,3,3,3,3,3,3,3,3,3,3,3,3,3,3,3,3
5.7,4.0,1,9,-1.41630497376943,-0.751820991022945,-1.87326006203551,3,3,3,3,3,3,3,3,3,3,3,3,3,3,3,3,3,3,3,3,3,3,3,3,3,3,3,3,3,3
-6.9,4.7,2,6,1.66900915873207,-0.52139680249881,-0.654879313300876,2,2,2,2,2,2,2,2,2,2,2,2,2,2,2,2,2,2,2,2,2,2,2,2,2,2,2,2,2,2
-6.2,4.7,2,6,-0.294656296040082,0.817456254570423,-1.23615728631089,2,2,2,2,2,2,2,2,2,2,2,2,2,2,2,2,2,2,2,2,2,2,2,2,2,2,2,2,2,2
-5.5,4.7,3,7,1.76340983503272,0.503038766746304,2.51592321712858,2,2,2,2,2,2,2,2,2,2,2,2,2,2,2,2,2,2,2,2,2,2,2,2,2,2,2,2,2,2
-4.8,4.7,3,7,0.808994803443722,1.75586110260397,1.2947509931616,2,2,2,2,2,2,2,2,2,2,2,2,2,2,2,2,2,2,2,2,2,2,2,2,2,2,2,2,2,2
-1.3,4.7,1,14,-1.02349004853827,-3.9489489754763,-0.289274106763952,2,2,2,2,2,2,2,2,2,2,2,2,2,2,2,2,2,2,2,2,2,2,2,2,2,2,2,2,2,2
-0.600000000000001,4.7,1,14,-0.248277467282764,-1.47095274399041,-0.971946202914255,2,2,2,2,2,2,2,2,2,2,2,2,2,2,2,2,2,2,2,2,2,2,2,2,2,2,2,2,2,2
0.0999999999999996,4.7,1,14,-0.422463173359013,-0.603844210134737,-3.59889349414772,2,2,2,2,2,2,2,2,2,2,2,2,2,2,2,2,2,2,2,2,2,2,2,2,2,2,2,2,2,2
3.6,4.7,1,9,-0.0291725597104401,0.0398823850986636,-2.59929830408928,3,3,3,3,3,3,3,3,3,3,3,3,3,3,3,3,3,3,3,3,3,3,3,3,3,3,3,3,3,3
4.3,4.7,1,9,-0.316203417751667,0.0259758314232574,-0.224862647502296,3,3,3,3,3,3,3,3,3,3,3,3,3,3,3,3,3,3,3,3,3,3,3,3,3,3,3,3,3,3
5.0,4.7,1,9,-2.02002325332453,-2.70869194303969,1.05033223939788,3,3,3,3,3,3,3,3,3,3,3,3,3,3,3,3,3,3,3,3,3,3,3,3,3,3,3,3,3,3
5.7,4.7,1,9,-0.770807415246349,-1.15514256443284,0.0482509931993624,1,1,1,1,1,1,1,1,1,1,1,1,1,1,1,1,1,1,1,1,1,1,1,1,1,1,1,1,1,1
-6.2,5.4,3,7,0.785320514283649,0.631514630983754,0.316193407492559,2,2,2,2,2,2,2,2,2,2,2,2,2,2,2,2,2,2,2,2,2,2,2,2,2,2,2,2,2,2
-5.5,5.4,3,7,2.65463542090382,-0.0717164132984252,2.47330037068784,2,2,2,2,2,2,2,2,2,2,2,2,2,2,2,2,2,2,2,2,2,2,2,2,2,2,2,2,2,2
-4.8,5.4,3,7,1.96921274819619,0.20014085399964,1.41587767780321,2,2,2,2,2,2,2,2,2,2,2,2,2,2,2,2,2,2,2,2,2,2,2,2,2,2,2,2,2,2
-4.1,5.4,3,7,0.888425776901435,2.17188157713721,0.495948098675603,2,2,2,2,2,2,2,2,2,2,2,2,2,2,2,2,2,2,2,2,2,2,2,2,2,2,2,2,2,2
2.9,5.4,2,8,1.58628721098667,-0.637057746774441,0.0192243355682251,3,3,3,3,3,3,3,3,3,3,3,3,3,3,3,3,3,3,3,3,3,3,3,3,3,3,3,3,3,3
3.6,5.4,1,9,-0.830996976655461,-2.32700259279178,-0.168439494615409,3,3,3,3,3,3,3,3,3,3,3,3,3,3,3,3,3,3,3,3,3,3,3,3,3,3,3,3,3,3
4.3,5.4,1,9,-0.309839112486666,0.96345708919951,-1.47387719363624,3,3,3,3,3,3,3,3,3,3,3,3,3,3,3,3,3,3,3,3,3,3,3,3,3,3,3,3,3,3
5.0,5.4,1,9,-0.946280014660701,-1.94961946145268,0.111904192783451,3,3,3,3,3,3,3,3,3,3,3,3,3,3,3,3,3,3,3,3,3,3,3,3,3,3,3,3,3,3
-5.5,6.1,3,7,1.02870332662684,2.83635921948938,0.399164755622242,2,2,2,2,2,2,2,2,2,2,2,2,2,2,2,2,2,2,2,2,2,2,2,2,2,2,2,2,2,2
-4.8,6.1,3,7,-0.52985922073998,2.34936076702347,-0.148752836089411,2,2,2,2,2,2,2,2,2,2,2,2,2,2,2,2,2,2,2,2,2,2,2,2,2,2,2,2,2,2
-4.1,6.1,3,7,-0.0669480160196279,1.01455196717488,0.956269277137853,2,2,2,2,2,2,2,2,2,2,2,2,2,2,2,2,2,2,2,2,2,2,2,2,2,2,2,2,2,2
-3.4,6.1,3,7,1.82403403912857,0.161481692140783,1.30343776461947,2,2,2,2,2,2,2,2,2,2,2,2,2,2,2,2,2,2,2,2,2,2,2,2,2,2,2,2,2,2
-2.7,6.1,3,7,0.0694035339923589,-1.58277048599026,0.0041151791950478,2,2,2,2,2,2,2,2,2,2,2,2,2,2,2,2,2,2,2,2,2,2,2,2,2,2,2,2,2,2
-2.0,6.1,3,7,2.57122491205522,1.18260983793816,2.05670570314039,2,2,2,2,2,2,2,2,2,2,2,2,2,2,2,2,2,2,2,2,2,2,2,2,2,2,2,2,2,2
1.5,6.1,2,8,-1.4923978432677,0.118205905185999,-1.24158039525562,3,3,3,3,3,3,3,3,3,3,3,3,3,3,3,3,3,3,3,3,3,3,3,3,3,3,3,3,3,3
2.2,6.1,2,8,0.0292209403503924,-0.0616377908555672,-0.0017576571001906,3,3,3,3,3,3,3,3,3,3,3,3,3,3,3,3,3,3,3,3,3,3,3,3,3,3,3,3,3,3
2.9,6.1,2,8,-0.962603272145866,1.43436567644792,0.933044261439734,3,3,3,3,3,3,3,3,3,3,3,3,3,3,3,3,3,3,3,3,3,3,3,3,3,3,3,3,3,3
3.6,6.1,1,9,-0.405121061641758,-2.77847044062554,-1.67149569462988,3,3,3,3,3,3,3,3,3,3,3,3,3,3,3,3,3,3,3,3,3,3,3,3,3,3,3,3,3,3
4.3,6.1,1,9,-2.9195563547809,-1.5388798684693,-2.02278366772593,3,3,3,3,3,3,3,3,3,3,3,3,3,3,3,3,3,3,3,3,3,3,3,3,3,3,3,3,3,3
-4.1,6.8,3,7,1.91699129710228,1.84880291406939,0.238817496197137,2,2,2,2,2,2,2,2,2,2,2,2,2,2,2,2,2,2,2,2,2,2,2,2,2,2,2,2,2,2
-3.4,6.8,3,7,-0.0694090572361008,0.0781471488975236,2.24320993430726,2,2,2,2,2,2,2,2,2,2,2,2,2,2,2,2,2,2,2,2,2,2,2,2,2,2,2,2,2,2
-2.7,6.8,3,7,0.334077995994067,2.32613181386664,3.25174353074348,2,2,2,2,2,2,2,2,2,2,2,2,2,2,2,2,2,2,2,2,2,2,2,2,2,2,2,2,2,2
-2.0,6.8,3,7,2.23193391716089,1.42696677963364,-0.409965870643028,2,2,2,2,2,2,2,2,2,2,2,2,2,2,2,2,2,2,2,2,2,2,2,2,2,2,2,2,2,2
-1.3,6.8,3,7,1.28752100818275,-0.22853781632562,-0.0948636628549859,2,2,2,2,2,2,2,2,2,2,2,2,2,2,2,2,2,2,2,2,2,2,2,2,2,2,2,2,2,2
-0.600000000000001,6.8,2,8,-0.405832593070336,-0.353877090365653,1.61995818929887,2,2,2,2,2,2,2,2,2,2,2,2,2,2,2,2,2,2,2,2,2,2,2,2,2,2,2,2,2,2
0.0999999999999996,6.8,2,8,0.0486702863553039,-1.43823517516097,0.0842036344075207,2,2,2,2,2,2,2,2,2,2,2,2,2,2,2,2,2,2,2,2,2,2,2,2,2,2,2,2,2,2
0.799999999999999,6.8,2,8,-0.264140719051034,-1.96215580785089,1.62339445743031,2,2,2,2,2,2,2,2,2,2,2,2,2,2,2,2,2,2,2,2,2,2,2,2,2,2,2,2,2,2
1.5,6.8,2,8,0.83761127468539,0.956581878281116,1.81005268379072,2,2,2,2,2,2,2,2,2,2,2,2,2,2,2,2,2,2,2,2,2,2,2,2,2,2,2,2,2,2
2.2,6.8,2,8,-0.19273661324203,-0.495754507785462,0.62784725926308,2,2,2,2,2,2,2,2,2,2,2,2,2,2,2,2,2,2,2,2,2,2,2,2,2,2,2,2,2,2
2.9,6.8,2,8,-0.0197188709292789,-1.31385701802053,-2.13389781483826,3,3,3,3,3,3,3,3,3,3,3,3,3,3,3,3,3,3,3,3,3,3,3,3,3,3,3,3,3,3
-2.7,7.5,3,7,1.74739609824954,0.270803805184479,1.57884129910153,2,2,2,2,2,2,2,2,2,2,2,2,2,2,2,2,2,2,2,2,2,2,2,2,2,2,2,2,2,2
-2.0,7.5,3,7,1.05127802677842,1.39803343125729,1.5758963580489,2,2,2,2,2,2,2,2,2,2,2,2,2,2,2,2,2,2,2,2,2,2,2,2,2,2,2,2,2,2
-1.3,7.5,3,7,0.492256283242553,1.68219972770378,0.671397122872606,2,2,2,2,2,2,2,2,2,2,2,2,2,2,2,2,2,2,2,2,2,2,2,2,2,2,2,2,2,2
-0.600000000000001,7.5,2,8,-0.138977494771491,0.526297055412353,0.731068494465975,2,2,2,2,2,2,2,2,2,2,2,2,2,2,2,2,2,2,2,2,2,2,2,2,2,2,2,2,2,2
0.0999999999999996,7.5,2,8,-0.752044801208229,-0.316169571119321,-0.508401262299758,2,2,2,2,2,2,2,2,2,2,2,2,2,2,2,2,2,2,2,2,2,2,2,2,2,2,2,2,2,2
0.799999999999999,7.5,2,8,2.50859785837527,0.535822382224748,-0.265474166371922,2,2,2,2,2,2,2,2,2,2,2,2,2,2,2,2,2,2,2,2,2,2,2,2,2,2,2,2,2,2
1.5,7.5,2,8,0.813935133221477,0.391945093632263,-1.62639272647376,2,2,2,2,2,2,2,2,2,2,2,2,2,2,2,2,2,2,2,2,2,2,2,2,2,2,2,2,2,2
