"x","y","cluster","super_cluster","PC1","PC2","PC3","PC4","PC5","PC6","PC7","PC8","PC9","PC10"
0.104006497887895,-0.64463910413906,"1",4,2.21631525462497,1.6057030182081,1.35527998814244,1.19500978741167,1.66836594276066,1.97696485662291,-1.02903121507869,-0.940869797376774,1.02458009682963,0.803494640872415
8.70361704844981,1.17462795460597,"2",1,0.423029216928935,1.19115226531299,-0.378702078762553,1.82752734112746,0.204825672651958,0.889806331444038,0.0918765067531775,0.574992736659766,0.638654063450047,0.401658981365572
6.29160710074939,-0.713294758461416,"3",2,1.73709930152216,2.28427527258458,1.95507855014053,0.0372288129967964,0.351660959064237,0.185579041995576,1.54779786777121,0.194048044384819,0.319262899909976,1.02985428648498
-1.44880916550756,0.692673027515411,"4",5,0.540467619310744,1.09493511069354,0.930292214323766,0.237530006801288,1.92000276022792,1.8328599219943,1.60225260638409,1.24866333181335,1.53526514690799,0.71305595225893
-1.00381952431053,-1.4455770351924,"5",3,-0.159505246357304,1.12198084565051,1.55070233730732,-1.8075756661238,1.25742312350032,1.20829750936508,-0.34023946858399,1.40142098620018,-0.319288666188342,-0.146447914880747
1.19136883295141,2.07044853130355,"6",1,1.01139586405448,0.606049552577846,-0.420426069223558,0.747221879657696,-0.0307124086420886,0.774146980626415,-0.0339625080095841,0.0876800057817062,0.451363190205254,1.48356669216924
-1.18188182101585,0.258663122076541,"4",5,-1.4099105163166,0.547542447339292,1.28744060903849,0.380124414660044,2.35267883000119,1.78911281303633,1.97370797386708,1.42250247762342,1.56345578633237,1.41445086297483
-0.463588361861184,1.45719400607049,"6",1,0.561089203582554,1.0632806922219,2.28911017811907,1.24651713311845,1.1070160904787,0.673801280198333,1.55817464137481,0.702675727954789,-0.148605181860426,1.62148912851831
-0.954907705774531,-0.796411891933531,"5",3,0.969959139779045,1.7827393360928,1.61597597942227,0.0798729948358077,0.309796244688857,1.09858924575474,-0.425444086457236,2.37352064272556,1.82084104285177,-0.366951033483437
10.3307097763754,-1.05051545193419,"7",2,2.45023912948105,2.04351201971099,1.12595553178388,1.00013358987801,0.169065240877416,0.494317571931988,0.900714226864577,0.715596291228342,1.37816480371542,0.395249607178695
2.14332404453307,1.58165643690154,"6",1,0.766389571079557,-0.227536433519687,-0.103188841768577,0.644626933984271,1.41074310435631,0.727920734399887,0.0452795772623403,1.86437066499144,0.176849816558106,0.723649884259827
6.6169477251824,1.38262255117297,"8",5,-1.22712309359539,1.52621401900619,1.21069304258688,0.447411475036976,2.4232216755665,1.76424304938125,0.912661647578022,1.711463521711,0.72413060400525,1.08666707299822
10.2169094216079,0.210610295180231,"7",2,1.06400818593282,0.602658667138618,1.44349095801914,0.328089559186458,1.39611208762515,0.691205068083663,1.13612852328606,1.17971098285413,-0.0404307592844734,-0.36942460495657
-0.924036487936974,1.50028624339029,"6",1,0.282679763431624,-0.245427684471888,0.1156561915148,0.822785961811254,-0.0313755302999075,1.37830007026398,0.656937882536301,0.466524988265716,1.40916241432437,1.68888956509259
7.3175311461091,2.00983960879967,"2",1,1.20079201439057,0.272175269983114,0.696874707084328,1.14258052409366,1.35908864692342,1.29287772884911,1.03437251003149,0.104776438602529,1.28968924404737,0.0374910210960668
0.959880013717338,1.69094342039898,"6",1,1.38998095869898,-0.0214836204611455,-0.0248615629527111,0.117591057702945,1.17014069564298,0.9990048761008,1.63752632403934,1.02540647582687,2.43880913748606,1.94294080184155
2.54234492802061,0.317634225357324,"9",3,0.025495947447025,1.27504084979357,0.861697632799041,-0.662854588657427,1.65480872897286,0.316146242940656,0.931926497765266,1.30668465931973,0.944298106286875,0.304178448766763
-2.513617541641,-0.0351988314650953,"4",5,-0.864863383652861,-0.0172270124648894,0.627627647925368,0.498368094041655,0.998163186525814,1.50462190546656,0.639258360993089,1.06950756838731,1.49893148070276,0.858370783833978
1.4558964795433,-0.611967602744699,"1",4,1.95181105572345,2.71932391021594,0.639452485594388,1.24018451568143,1.75063696068131,0.6554120147411,0.147763196196509,0.392306159259791,3.65786184153327,1.38821962355125
7.73858056380413,-0.519139729440212,"3",2,0.593251720401257,1.03113011679132,1.56346504903957,1.90613339250224,0.485747222199042,1.43866131962514,2.78257868405435,1.51637809327797,0.692867024420266,0.467850253413598
2.39479355327785,0.76814508298412,"9",3,-0.51726516721678,1.81224116933783,0.869107988350471,-0.00320726229077417,0.842675224564255,0.501055322860716,0.0604448783479068,1.82493528814737,0.837489703933861,0.54442358934463
5.70536901243031,1.56671925680712,"8",5,-0.81665459307432,0.811709661113278,1.9677165188935,0.912886092984873,1.42191395350256,2.01378493566922,0.988671368000781,0.686574378942026,0.955854399586508,1.45266801295934
6.518499243306,-1.11295205773786,"3",2,0.268087089999385,0.960866952917639,1.20182149918726,0.2073846959703,1.67842766941402,-0.500675451583394,1.4596291164175,1.32644849344868,0.0154938036862564,2.53263752702568
10.3053180268034,0.0396214984357357,"7",2,2.22071494077813,0.991287868191884,2.03989684604554,0.045555605154435,0.220986719830722,1.6004319817863,2.41556441804569,0.0680821073990828,0.87187941433493,3.65354200932689
-1.39530763658695,0.631034355610609,"4",5,-0.667929587081502,0.283683608625922,2.77988691105561,1.25751109164084,1.18654497780149,2.32449617153987,1.89006533604471,0.728564512992375,0.906159186902169,0.839603873237156
2.18967121443711,0.937869329936802,"9",3,0.188150413403764,1.30078920378255,0.866456758163277,-0.108936056345868,0.0411638025827746,-0.0728601843085788,-0.0319576279455909,1.37226099673744,0.59028810037126,0.655319762250381
0.0266141309402883,1.67354166740552,"6",1,1.47401759798045,0.373533873681829,0.827696248447769,1.44346134198979,0.739011087817847,0.494561962181115,0.762378319884885,0.965950847567008,0.647183253547416,0.356491346748755
9.00553881702945,-1.73992350464687,"10",4,0.558596177153883,2.1802236781279,0.564214621817309,1.6488247026166,2.39344941164394,1.12420036380568,-0.171069732635295,1.06276416154649,1.71684204868027,2.98464702119252
7.84794769645669,-1.92122698528692,"10",4,1.53170725859337,1.45000990267088,0.28333437952384,2.48060647171017,0.896037329020072,1.8018434777843,-1.00692151635416,0.296913170800382,2.01149142845806,1.43326821408156
8.42143601621501,0.480735930614173,"3",2,1.51210365374582,1.66180229316801,2.80239868076343,0.426215872411072,0.599203709793967,0.785783592039642,1.10289539897077,0.0651819919345763,0.718745748999713,0.46337715271756
6.73990436946042,-1.35569435777143,"3",2,0.781620888477176,0.46293683935525,1.63481010551343,0.311380068363871,0.127728235166313,0.402295644453518,-0.300138920390512,0.294469879838876,-0.376523541684625,1.13035791730645
0.904493449488655,1.41517444979399,"6",1,0.558904596916686,0.951030191802777,0.251541573621743,0.633707754536406,0.455171805126045,-0.0181225089526472,0.948734613192287,1.04823988771961,1.085122112014,1.29875749156675
6.96231718175113,-0.395198359619826,"3",2,1.00457451346771,2.09053944286473,0.845501349751655,0.747944740154827,0.339357751722371,-0.0985593352821345,2.06590788144018,0.837308471564186,0.0247489483180836,1.50249327933402
8.54628571495414,0.626872407738119,"3",2,0.662731430808536,0.475604913380619,1.586527714186,0.498120748554367,1.33342681494366,0.595923042368576,0.997229413375787,2.0216818779885,-0.278867855698546,1.21736624207266
9.49704517424107,-0.736138622742146,"10",4,1.98664136029681,1.51331004762615,0.501466069968351,2.72110775668036,0.469466955317855,1.00855675081598,-0.647740807095675,-0.765789784404211,2.08830439050199,2.10265080534523
0.968927977373824,-1.14929560339078,"1",4,2.22684722068407,2.16479517539161,1.39534946059021,1.42110549499276,0.639714209082092,2.58650473640088,-1.4681044019641,-0.322234366051858,1.95758065516602,0.276067274583343
6.64892285899259,-0.173537919763476,"3",2,2.46465331649777,2.12828681835615,1.62364709562542,0.495777119860683,0.342143592301406,1.26566368935203,0.396704155632981,0.637491050753608,1.4845991576698,-0.97642188470711
-1.27098048501648,-1.92029115278274,"5",3,-0.181715882893381,2.36452229563672,1.30020130902583,-1.21048696371414,0.477505306395814,1.31171432453308,-1.13548405855564,1.45994342840275,0.941059226081983,-0.632262728052085
7.57707332959399,-1.66015401948243,"10",4,1.85602734845572,2.33648751494747,0.713124841974943,1.03319436881508,2.75772342318116,1.79088449037409,0.0629026835083629,0.218002952688515,2.85703130782467,1.65299486042656
8.68749203975312,1.59207186195999,"2",1,0.739547996397311,0.537793824314803,-0.455016905679014,1.11264637956788,0.448870843837797,0.234486775625218,0.255674416633838,0.755850811254448,1.0582603042658,-0.274111183904061
-1.34249490383081,-1.41237219795585,"5",3,-0.0538172593689754,1.24552109816248,1.68885950292735,-0.679790738916875,1.99351708625357,0.382303281721966,-0.7859299247388,1.46547394077307,0.496751453761863,-0.605972223864955
6.8111244821921,-0.616247046273202,"3",2,0.333821392607102,2.2244807695385,0.38760335409565,0.117707121711104,0.408270742492159,1.15902201209483,1.67502151608539,0.899698632740009,0.609418174041691,1.02381491459464
-2.05455939681269,0.424142668489367,"4",5,-0.963301928171016,0.18162513148373,1.59657310647179,0.0341163627256071,2.35270851599899,2.68985624083446,1.25910704065328,0.50842264962256,0.901497706615483,1.10002163111581
-0.332752214977518,-0.154548024293035,"6",1,2.40617229688599,-0.45745654583222,0.0413874169531989,0.302467033492647,0.733163513980762,0.904486948310743,1.39589734939771,0.329325582011987,0.949951998759175,0.0166236035149291
7.35181749402545,-0.756000489927828,"3",2,0.53002590124721,1.77478757584867,2.07785378689477,0.724472248386111,0.664448842464897,0.198747821656589,0.0905553235758401,1.23626413476871,0.899564984944011,1.59992791145259
9.86837507528253,-0.38299891166389,"7",2,0.584127736086867,0.789213126362664,1.79363767539779,0.301030755939415,1.05957000897508,1.45495529595024,1.27042137884944,1.27051972498169,0.0247115018945376,1.70396099238161
10.1555864992552,-0.940145116765052,"7",2,1.12852488023505,1.28372311263423,1.1182706653368,0.0586537197875621,-0.227223039563797,0.38139891461681,1.83371282084858,1.03202078037371,1.80876081975031,1.36857190066975
5.6909127831459,-0.48759777797386,"8",5,0.325168698170566,0.889146958477676,1.7699679156738,1.60488270692038,2.15370107534216,1.28031814945711,1.2306882431317,1.54155612016037,1.28144664180569,1.36535168243621
-1.10854913247749,-2.06841270206496,"5",3,-0.446405048817904,1.79716429527226,0.121244688046843,-0.545388608921,0.542688816237674,0.799455231641458,-0.569382768397048,2.57855574847857,1.53765115830618,0.197871770255535
7.47711140080355,-1.28480358747765,"3",2,1.25835495323945,1.07462804539409,1.2776898668537,1.60802270379701,1.40935111972355,0.613477781416367,0.340451637515716,1.64358908933,0.208204667236558,-0.247305654741363
0.526911146240309,-0.850678882561624,"1",4,1.35072974358746,3.04414989759761,0.788123317213174,1.13039188771653,0.52424987661079,1.51781444725857,-0.433532216939899,0.0309659812929997,2.19517330626598,1.22760350546892
9.16113598295487,0.65702693304047,"7",2,1.83253502094325,1.92730730663992,2.06085215098663,1.5332575550111,-0.0996883017426748,0.0930612454402033,1.71630643157554,1.39753828469243,0.766586914999308,1.40035379283569
1.59424624824896,0.203823526389897,"9",3,0.080156788988256,1.63957734146863,0.868163733443767,-0.430126265157969,1.30015154119159,1.49951772094465,0.171955207310175,2.08262033719992,0.339918372457842,-0.666016065220759
7.5136331608519,-0.770553918555379,"3",2,0.242810834033167,1.23898064541698,2.2527542820635,-0.0402757581583561,0.0990123862372161,1.06335845156325,1.95882027647869,0.486482286482815,1.74836022084677,1.07165320185322
10.0769329087343,0.757638944778591,"7",2,0.987485584960681,1.33312788570936,0.536971681008301,0.302881870525864,0.252155385200118,0.719138974515042,1.64348367540716,0.02409729190321,0.126408212202492,1.96405215653444
6.90208161063492,0.065546128898859,"3",2,0.881784633843983,1.88295180509987,2.4121760041026,1.43795655308436,0.363022938052921,0.151212545728597,1.07702239473476,0.123848794090281,1.10352154074729,0.775755291230674
0.413251110818237,-0.459757705684751,"1",4,0.767064904011469,2.11253055533296,0.504629479037612,1.09374638490568,0.693361188074361,1.07286181333782,-0.212847190108553,0.0307475766377316,1.2228756231469,1.18048146136293
-0.108422211604193,1.23759769601747,"6",1,1.81998225718174,-0.0904338657768667,0.232527698968824,1.01896183828985,-0.556942798825309,1.28189663064386,0.139776824683049,0.670856090689976,2.14450209499902,0.514113022816364
9.43599043041468,-0.153365335427225,"7",2,0.427898932994572,0.854459921796788,1.56405712618881,0.46023213823108,0.493962138045131,-0.527974271855186,0.373216272657163,1.09885966902904,0.517323104899206,0.646708388477742
7.75680462340824,1.86781684635207,"2",1,0.000817998095874274,0.61196926829645,1.28253400494478,0.942084908763172,1.35614328760942,1.37974948233743,1.18086854005564,-0.0659775399547682,0.446974628298185,0.7373107691481
7.29966246639378,0.164937425870448,"3",2,0.455271491176798,1.28649721948269,2.15934547583425,0.528163585852836,0.788557969640796,0.821086983726637,1.829390555435,0.576205713920724,0.130536589663586,0.944928085163076
7.97321891132742,-0.131870452314615,"3",2,2.31695502612822,2.21538579596058,1.65651532990039,-0.072102033134894,2.0213783673238,1.3316675612051,1.54463586556555,0.407870438874576,-0.208549506287686,0.206659002688729
0.655573212075979,0.539847982581705,"9",3,1.14247620791679,1.63894363625132,1.29098261085432,0.223327229868031,0.586905072210698,1.40439047392475,-0.900972354851202,1.96200648785779,1.30027493459175,-0.32416190137874
5.86350899399258,1.72014547279105,"8",5,-0.868848981942263,0.698068773206718,3.42181348202098,0.856557260621074,0.854423130006693,1.65463348786934,1.47434692903593,1.04852165576033,1.00673669769523,0.863439959508182
7.90097371651791,0.0627151015214622,"3",2,0.48744280055361,1.90929453031862,0.48561334809182,0.869449083758087,0.350292119241168,0.0790569367810689,0.289132422762249,0.900859725013429,1.18686572640229,1.5522433726205
7.673472965369,-1.83632140047848,"10",4,1.88357302264227,2.12704163897188,1.61628718633837,0.707001109417099,1.58952304064761,0.81205143357268,-0.271059102360092,-0.215663346217042,1.89054562063257,1.85201384493474
8.24330554087646,1.36445329990238,"2",1,0.43674219324553,1.19151550551222,-0.0143187213751038,0.708289814229939,0.0985342553655668,0.210451152456095,0.844486753980719,-0.00653473371837149,1.05319112945581,0.93380062878618
1.4681216427125,1.3190309307538,"6",1,0.250879391091122,-0.0256858922347993,0.871550934155846,1.60735003903459,2.64117422700613,0.852687320922509,-0.45079200354176,0.260059485395598,0.646011985933958,0.423546604895183
9.57759246043861,0.663049430586398,"7",2,0.69787255676104,1.10219860554653,2.52944128368909,0.863766617316042,-0.329692076466608,-0.379046771823917,0.404365607156639,2.82571256000401,0.837616150041582,1.35993083167509
8.80252929544076,-1.13976846216246,"10",4,1.20843352141787,2.1579409976751,1.7360059777557,0.836727989464811,1.89640020807865,1.11263316219588,-0.0663381961633844,1.09727654095271,1.61789051864031,1.94286364842266
7.58894070237875,0.209649458993226,"3",2,-0.0515388828099417,1.86665530466758,0.864285947597707,2.83065445488331,1.39421835448561,1.08457905265516,0.840655073423432,0.703325347367485,0.679842884907728,1.30362724927073
0.899334877962247,1.41252000583336,"6",1,0.952714847027705,-0.0150078429611311,0.33532480071175,-0.0152884198838752,1.11480356022451,0.433271775902501,1.20064336651705,-0.22895827573506,0.587018471938222,0.0623685704589391
6.66443562554196,-1.33283659582958,"3",2,0.267418795499268,1.13815642538232,2.47804371971044,0.302255116219841,-0.247229747058989,0.805874727277296,1.39264999041325,1.38178489995846,0.933462422959227,-0.619020481989539
-1.43790176766925,0.233283850830048,"4",5,0.331749021162091,1.21187448670386,0.709220996477403,0.615511803170022,2.00799060439321,1.99024112999276,1.32224172045396,1.13504813265266,0.638920195036644,-0.512626160088572
6.85599908069707,-0.677927043288946,"3",2,1.23232086032711,1.07699446659304,2.65462990215834,0.431593012508096,0.373690057512997,0.212975964592015,2.40810844202789,1.00498006203454,0.421249565846679,1.29482201686831
0.357538322219625,-0.985684501938522,"1",4,2.2261783957625,2.83463513770138,2.27631693272836,1.5395091298071,2.11423374965466,2.25466914741758,-0.436443992217246,-0.973091019847091,1.38546164190577,1.44380540147969
8.15930255781859,-1.9700432382524,"10",4,1.05348101610916,2.15221356791619,0.998287104269471,2.76436734832408,0.914122047356294,1.93145205368249,0.0654865543310735,0.130552452814319,1.39586156530018,1.42773243054045
1.47045474522747,-0.66126449033618,"1",4,1.49568538868946,2.16488833072351,0.344484408013707,1.50778880922786,1.72382778208297,1.221785706339,-0.22759180592572,-0.858049393026169,0.895714988091632,1.12754103270732
1.19604735565372,0.139600448310375,"9",3,-0.832788735833846,2.2040696678111,0.70446747512366,-0.397086131985942,0.0893740244230893,0.722191107727848,-0.108064277962307,2.20724392729023,0.443591466506829,-0.453154751748068
8.08556006127037,1.32700715912506,"2",1,1.41362039287302,0.713367920138925,0.332025350393992,0.940304406244961,2.35411141173546,0.781096241711272,2.11765765104571,0.0491104365841898,1.13835658993209,0.574626480018231
6.90665448713116,-0.990135669708252,"3",2,0.68961684695257,1.39950003922266,0.857690414636552,0.348103251561813,0.12551915775373,0.171756185858836,1.89046977995199,0.102194918631026,0.348179710787105,1.70436761981998
-0.513744463212788,0.325850725639611,"6",1,1.15722121540377,0.717425844678311,0.365122148615872,-0.0545598072820864,1.02279870882066,1.01608111466984,0.556586473511202,2.16218075013493,0.358450561175149,0.480987881324394
9.8003528828267,0.947292689234018,"7",2,0.214037025211009,1.65639105558619,2.23972110722191,0.487332245356667,1.84124603856677,1.38145734264928,1.49235114433691,1.22184095775142,0.156865275349035,0.71110042523925
9.0268493599724,0.0387754524126649,"7",2,0.23230851666304,0.923557477827043,1.02078835148176,1.73558473557712,1.46066766356712,0.190447365554398,1.01169444983809,0.147102312971119,2.18698074293257,0.982974312391217
7.79288513609208,-1.76979501033202,"10",4,1.17130822740046,1.5476391545519,1.24937989294542,1.42376804317839,1.02148415785186,0.95948854745192,-0.119346469414396,-0.384721519478652,2.55099167276204,3.12948261879815
-0.781441903673112,-0.965975276194513,"5",3,0.84740237396919,1.75095369591032,1.94898258027336,-1.80394770190129,0.480167532187366,0.74781261111276,-0.859773890391122,1.69688926428013,1.18442941511217,0.478256703922366
-1.51179703581147,-1.84666489483789,"5",3,0.208207113031315,2.09832926320078,1.40529611818782,-1.18816407906153,0.949550252312125,0.946274548292164,-0.120037785129807,1.11334453746802,0.726060761916623,-0.232569422067099
-0.633024009177461,-1.99217092245817,"5",3,-0.473774350280776,3.60100244202231,1.93220434775427,0.268139224487686,-0.180680241687065,0.98373225794868,-0.322706544972254,2.081257491185,-0.111623098280345,2.12306280740899
6.27692166855559,1.16823948686942,"8",5,0.907118207825416,1.72597397643054,0.828709223900881,0.946175596807065,2.60602465834458,2.41549539181791,0.998753164676064,1.75346582231814,0.811674325097131,1.40155754358407
1.46548114065081,-1.05319892056286,"1",4,1.47423919154116,1.94983014483506,1.05950843705152,0.652671177161512,1.78229731823995,2.13845176510744,-0.275821869328726,-0.827124701578885,1.71089799621841,2.85915146110065
0.457215535454452,-0.703363779466599,"1",4,1.51229545114977,2.58501803197462,-0.00460802135844812,1.90522920927148,1.51542352205079,0.484510802607739,-0.803207210005864,-0.213075054246345,1.87465337477217,2.59293048125619
1.19346328056417,0.129373231902719,"9",3,0.332469997491996,2.31217453324627,0.639674634510864,-0.367292461043373,0.344815223178726,0.979215343909811,0.473753406445416,1.03763298185544,1.0889869428487,-0.746989614394391
1.71720745228231,0.539714130572975,"9",3,0.17710535635312,1.84034366614904,2.04424910532505,-0.801605690282136,0.376503480554792,0.839316789300448,0.157007404345642,1.42436135235119,1.23848239794294,1.50594464056322
7.48163584177382,-0.277884467504919,"3",2,0.91024404899228,0.606006778997833,1.75211848576299,1.40222249524563,0.450272115190988,1.07869505831351,2.27542679247877,0.4831343641061,0.120772541223618,0.457601584242578
8.89608916942962,0.993600375950336,"2",1,0.269210802479735,1.54701790946066,1.16879932546813,0.979812734526169,0.58974576547005,0.405043890196264,-0.755449686478402,0.666891322995581,0.602322017975144,0.364459259099897
-2.07172304019332,0.141413914971054,"4",5,-0.803779805000115,0.421962518851089,0.784858295635404,-0.216422791742409,2.60088117351382,1.39509345729584,0.43539300864534,0.372584988912811,0.561157390599295,0.359459251719172
-2.58544201985933,-1.15785930072889,"5",3,0.0551302260603416,1.42599977778547,1.57423574945667,-0.408164885815967,0.883550330376412,1.41701103243226,-0.577344447027688,1.05128859007383,1.41923599692308,0.660389557954307
0.850037566153333,-0.884277320001274,"1",4,1.15407725183857,1.94287179790336,0.234556312472178,1.53882306685798,1.76559243514144,0.420249087110136,-0.743147845028565,-0.291736171644915,2.4109903136252,1.12780740232353
-2.13978908467107,-0.85863194661215,"5",3,0.687054176305572,1.29092922782036,3.053423533944,-0.444292058003428,0.351861131666509,0.913859079078208,2.20716953855932,3.23319513835586,0.574857197469463,-0.0238498972881411
1.36258748313412,-0.117000313475728,"1",4,1.36131485095857,2.7144083657371,0.903776793892499,1.22852969134388,0.293333642805749,0.917612550680643,-0.0548724458635459,0.8374649439558,1.66910767541944,3.27476742876978
0.224212295608595,2.00767540140077,"6",1,0.0992666130228197,0.991935401610717,0.46748630011048,1.01074734098013,0.473713651730413,1.94528503504965,0.921223344536679,0.0272946744737925,0.281036956673168,0.877476062487643
7.97348083206452,-0.148619818501174,"3",2,0.00688831338201626,0.91047708662959,2.14972575060088,0.834768884828766,1.65575774921519,0.201620322123708,1.44533396583856,0.641557836888872,1.02320014976327,0.849723077669037
6.45622519636527,-0.645554244983941,"3",2,1.53145684124192,0.74082056144251,0.26775546073365,1.40294514052551,0.505344120102741,1.41574730016466,0.888323862038516,0.339729527996758,1.27251742373625,1.22578630299408
0.790511183440685,0.60493080643937,"9",3,1.839526449015,1.47721404073266,2.86165054780832,-0.831915950039438,0.123771114908048,1.26858365349234,-0.660790270400976,1.28727854646361,0.331819226471082,-0.198561183358425
-1.66763962106779,-0.324891658965498,"4",5,-0.408584064984084,1.41696522379101,2.24008057925091,0.901796752007021,4.264456856773,2.49956832373707,0.306041775366263,1.56157867889694,0.638249746224451,2.26223196335401
9.34245410724543,0.58638104936108,"7",2,1.77150251968395,2.3180160678593,1.40990540679672,-0.104259842733904,-0.564970694313203,1.43149651003568,1.19829369793183,0.445152029058488,1.24617425985534,0.353586121384442
8.5558577615302,-1.01410900475457,"10",4,1.70814466872289,1.35421853423638,0.727619880630279,0.925628146259159,0.733408206648838,0.674570601686505,1.41851179532684,-0.626489461300856,3.32337862471641,1.38778320692288
6.42173825879581,1.20811159955338,"8",5,-1.33606668862718,0.437239623068054,1.25222421944272,0.968014371134303,1.2555017219083,2.53521473534187,0.672045425529157,1.57777884318736,0.70032815299524,0.827352779308733
-0.815045634051785,-1.41148710856214,"5",3,-0.40083951614315,1.47532130739595,1.72044754445531,-0.0110737250731188,0.283505541618388,0.433241726610741,-0.381316861496028,1.3082773451066,1.4340311345648,-0.0915508472276629
6.53316697478294,-0.343784233555198,"3",2,1.16870221081945,1.20746369819496,1.29745220279274,2.02603858294077,1.97678741256381,0.549611453647381,0.953437821452004,1.09578924152723,0.349153172008891,0.281450455453617
8.69170199614018,-0.718959122896194,"10",4,1.41709994930884,1.76135403455218,1.19418441414797,2.21823322656486,3.1136679743861,1.16454438270588,0.974042395616778,-0.13304950071072,1.44486583099081,1.22219804384732
7.17692190385424,-1.04347920976579,"3",2,0.744360399712729,2.52074854201811,2.48952612419712,1.43502078269106,-0.0772095121748358,-0.0731636925185163,1.24281838166991,0.688397643888479,0.441334152399482,1.91004876201713
9.26968740229495,0.81315477611497,"7",2,1.08954120505147,1.61568889965391,2.49127991855019,0.143636473160066,1.88222903903479,0.963217351406941,2.37722983393853,0.778323970280853,-0.26321252155389,0.858993449281167
6.74430828168988,1.35409096488729,"8",5,-0.658260170716955,2.04371619389472,0.747370505783678,-0.587541349166067,2.02111775835443,2.0190609844167,1.60873885090243,0.118652983239867,0.512805085561185,0.331244210589858
0.671765936305746,0.596884898841381,"9",3,1.02002351186419,0.801267304283009,2.59737007286417,0.0874670187792153,1.12676637308102,1.51791635966636,-1.03481180805263,1.11478271605905,0.648066923914818,0.309919454472653
8.31025363388471,0.218206560239196,"3",2,0.985518125665501,0.629552730913754,1.02163324387553,0.732366676682264,-0.105531759087052,0.923548092134513,1.36113922463603,0.816602606168862,1.63989283481873,1.83279454876743
2.02716180775315,1.56323764240369,"6",1,0.81314483423713,0.310501881168439,-0.176069747945786,0.687850282722793,0.242261818461989,0.955081396798432,1.35529104728025,1.03513770491711,0.884731865170293,1.15745245837352
6.60683361394331,-1.10536812804639,"3",2,0.58994067344415,2.52129559404111,2.74852284729837,0.745963410596356,0.12103085995272,1.26299236253599,0.579739682497375,0.787700912681996,1.41117993999048,0.036120887427975
6.1524935849011,0.883010325487703,"8",5,-1.38395764227132,0.637610627856178,3.61905397103634,-0.517997450124803,1.76400723015033,1.04686328897706,0.697307148216379,0.821017905643472,0.180747065299075,0.210432528058439
0.136555270291865,1.18754617171362,"6",1,0.181658909671818,0.214020038566767,0.196642048782658,0.949738529650879,-0.112804976434534,0.218110586692464,-0.169241220054063,0.500167860891283,0.0278389821075025,1.23894935922655
-1.77173011144623,-0.791896057780832,"5",3,0.102847302109638,3.04392030141501,0.377657437098217,-1.09238433989564,0.855036720394771,1.7477331056966,-0.521080124649418,2.74285919926097,0.65478842335402,-0.382620432051779
-1.65232856431976,0.565979846287519,"4",5,-0.855198675229721,1.76051515680257,1.78690135126747,-0.142302915849923,1.63604287216176,3.25971555372613,1.04520235226107,1.15359393408447,1.17344977900778,0.472987822570767
-1.25120831723325,0.264307188335806,"4",5,1.18484345452823,1.30186107694232,1.39672439595824,0.0486921407764896,0.828085856180848,2.44389201437083,2.49161140890926,0.604627034285051,1.06549372887707,0.182600264369352
7.88930780417286,-1.70356079004705,"10",4,1.78226605505441,2.12424134345339,1.41117192218369,3.03083870443062,2.24803960099773,0.731836093683254,0.124361621957976,-0.575479207736717,1.25245047222793,1.1645273773394
6.34072246565484,0.196670098230243,"8",5,-0.0822709453595483,0.990387588517522,2.06110522980391,0.25899220662033,1.91618262520535,1.85034831127628,1.87130327190437,0.610004962193287,0.242599777246937,0.815868407465614
-1.50943269184791,-1.42220030771568,"5",3,-0.254602480302578,0.736538616964213,1.6350772990512,-1.05556489599179,1.65054419060779,0.542697737845044,0.387642315573123,1.66037398522428,1.09901385263992,-0.243683630807821
8.94600117742084,1.38513219775632,"2",1,-0.334571104911967,0.410300204227189,-0.524183289954122,0.863608131394628,-0.18901640029109,0.831064311153139,0.339499567808189,-0.0402597615539068,0.582589618963,0.0222464669211642
2.22012599045411,0.0248389295302331,"9",3,0.0595099540310567,1.28619434003857,1.62039186180374,-0.722418681942893,0.816889127922526,2.96524887017615,-0.41681313937315,1.83014497099758,0.460736586543641,0.376852857697973
7.01110060676001,1.50730416644365,"2",1,0.932564937797626,1.24417613402535,0.63953405639023,1.04300094938433,0.455098815143266,0.603800796907068,0.540223299319141,0.901697444457497,0.62286265576904,-0.07399403828573
8.9706147920806,-0.425643569324166,"7",2,0.803435371644357,1.14242937452041,2.05147375655441,0.553896351651141,2.11061770347023,0.159691201630853,1.62285335070002,1.33014412537117,1.34453676962268,0.256468775695765
-2.3789537770208,-1.0619015339762,"5",3,0.190893863405996,2.52471160025159,2.02048091779135,-0.0457881419081163,0.0460648507963356,0.87593667669584,-1.18068341714211,1.29468477571866,1.01076724370199,0.508832413999627
8.73009927617386,0.216895916964859,"7",2,0.0431207703249235,1.46965269604792,2.07766771668092,1.09635752966709,4.57365282574007e-05,0.305606244486492,1.181265823637,0.996752014507041,0.949048343999116,-0.402430233310849
7.39959979150444,1.02563619613647,"2",1,1.27909102149443,0.395158837608924,-0.204262230363704,0.616299048785394,0.984702620316175,0.684928650375057,1.340127561772,0.128926679998376,-0.0161358697005856,0.67391701361965
-2.49275987898,-0.372977389488369,"4",5,-0.720266622005008,0.916197928790403,2.96974956977386,0.106929780039661,1.52607475507884,2.04098351431176,0.912244106425312,1.53599777639163,-0.214240509374279,1.37640607961022
7.2171741889324,1.45917974179611,"2",1,1.32924807327667,0.237855304699335,0.709874574953092,1.78823405250422,1.11930928396695,-0.112038342428995,-0.126420291457512,1.02331922427309,1.79485194446465,-0.301028131994721
10.0391103636939,-0.793473981320858,"7",2,1.63611435186569,1.26574359255939,1.07245926876937,0.74294381878413,0.0908270697304949,0.177425238807668,0.641056188677747,1.50399176385673,0.710829095215331,0.875237026093929
5.56579871755093,-0.0416870461776853,"8",5,-0.0232886852832408,0.430120852074873,1.53359301898976,-0.154437130254083,1.07977263288298,1.9633660738569,0.886964777109165,2.25854170431673,1.67012460447663,1.40772889230853
0.58509833435528,-1.26692071557045,"1",4,1.41354624778619,2.38476666819225,1.59914727768287,2.15446294451769,0.910737975589209,1.89634196780976,-0.651584286231708,-0.617661655613204,1.75497566598691,0.651185880633104
0.96155222482048,0.886842736508697,"9",3,-0.328399424549955,1.866838671622,0.428227295535802,-0.870456334757853,0.279581513406777,0.573606496973191,-0.192336920251625,2.09441912732214,0.893691647095096,-0.277329578628222
5.71773388143629,0.0453333393670619,"8",5,-1.06114541604802,1.1976102737562,1.15531202477887,-0.211640313177573,1.84523942569401,1.85241304956227,0.289289077419836,0.841221118467913,0.287562394773618,0.678048335156919
8.20017758593895,1.80447249906138,"2",1,0.55953474398076,0.589945830360144,-0.250571123000674,1.00096387463531,0.422070526700602,0.691831671872926,0.443859961012387,0.48607385256552,0.679632510851355,0.870916427501196
0.964048271300271,-0.845033158548176,"1",4,2.04126461194909,2.39021942849357,1.46107576418152,1.27310435874597,1.40443993477454,0.757920150125318,-0.499565611565724,0.563824024381623,1.90038070419555,2.27421608587999
-2.50421766540967,-0.701308462303132,"4",5,-0.990841130488136,1.3318678169532,2.19926059023759,0.803214103235538,2.39423954026926,3.05477485837312,0.542844587049328,1.6042644773512,1.10039795771334,0.636199691549029
1.17210133746266,0.183122309390455,"9",3,1.44115963653394,1.99046088699424,1.19552997059755,-1.40944709836935,-0.223554834057862,0.178356516636682,-0.149798299869222,1.98177393427057,0.525150455474338,0.0834259429165125
1.12959738029167,-0.999866651836783,"1",4,1.43779255164891,2.25793151036325,0.956000573930579,2.54978948193007,0.408037507035355,0.513058398248817,-0.164903970491825,0.718149580943841,1.43400463769039,1.51281016185483
0.145786633482203,-0.912456365767866,"1",4,1.43955982047831,2.17201863173146,1.06628172919627,1.7692327891192,1.7617416510589,1.40579061625327,-0.182727339195804,0.0445834807848389,2.72213555311577,1.17777910590692
8.51355718448758,-1.00516763050109,"10",4,1.19291472617277,1.66349210167525,1.55950696730507,0.999151122257379,1.14725652498766,1.03501567286867,0.226159462979942,-0.90535616735823,1.97341403632851,2.04175598988993
0.922769685043022,1.51285071624443,"6",1,0.862745432439297,0.199421578831637,1.21995764590034,1.0072356454865,0.234799615174724,0.612669879901246,2.06706587547041,0.559080646669407,1.5280360487893,0.950204943474398
-1.77929503051564,0.789221955928952,"4",5,-0.00564557475921501,0.708497327256107,0.818109177219444,0.551264893433685,0.850453232677453,3.31656335451098,0.687672504506814,1.37558624194064,2.45929262697825,0.770232826958341
9.16484092664905,-0.237307052593678,"7",2,0.242085003602014,2.54726103798533,1.33994239632562,0.424702809665271,0.932465540007197,0.106801325101294,2.8794691222338,1.27120040270953,1.04476136618796,-0.209393475398706
2.15291117154993,-0.165392993949354,"9",3,0.889880510063833,1.01207458230746,0.655150972020128,-1.43723929928473,0.172997042550112,1.12431155700399,-0.326177862813929,1.77932534568673,1.01584710878217,-0.075881017063924
6.03467164863832,1.78060748847201,"8",5,-0.118547277170422,0.793390594957249,2.29145681631089,1.70975918798286,1.19060701597951,1.71562058196021,0.739329160897326,0.780331472652089,1.16208761383323,0.719075181835013
-1.13119269534945,0.332545093260705,"4",5,0.337374768903686,1.68550498740886,2.7977531201418,0.209083702872347,1.83938171541654,2.35478878971019,1.37162378820475,1.29824720434072,0.64260565824828,1.06845758661232
0.7225698356051,-1.59893730888143,"1",4,1.13288938623454,2.41415579405681,-0.425664043975288,1.20529671955677,1.61084082470371,1.43609967686846,-0.333721224199389,-0.851428876561178,1.68862837660835,2.43803000197658
-1.04498060978949,-0.214468194171786,"5",3,1.86369723164723,1.39451013697592,1.01912407225582,-0.397310721364648,1.30160292025144,-0.0506238938288484,0.933647418271037,1.41817829549937,1.57291424797007,0.358036056480995
8.07479704380967,1.93157952278852,"2",1,1.67236808323717,0.776317257442977,1.01735402481598,0.665909855950099,-0.0149055739581797,0.0882833035161604,0.598411065693877,0.0993354957111458,0.0661423346385464,1.39239662586891
7.65224029845558,-0.221069366671145,"3",2,1.49043060131077,2.35359370569198,0.71022586599519,-0.653034013442678,0.0441098136309022,1.25992079386364,1.14116653060773,0.643596616143637,0.241514301293652,0.532380472700018
-2.10079490020871,-1.86308786040172,"5",3,0.586102202736399,3.31838279961862,1.31799882517525,-0.251327315918127,0.49078441293556,0.186218046136961,0.684024558496481,1.35994895898675,0.493447117560848,0.317258191834737
-0.583731494611129,-2.15987150557339,"5",3,0.358822159664715,1.40498667884776,0.225172432360015,-1.2741839162958,0.454191142395582,0.83642016082703,0.123156601754867,1.85945031629833,0.594511732104275,0.427459035185915
0.561692552175373,0.551090729422867,"9",3,0.199118504275039,1.6965116501539,2.04175626510584,-1.45798153516052,0.323990786479838,0.143027016573209,0.00751415762803642,1.03397628228992,0.587470998342526,-0.380330587885976
7.65628822520375,0.490823509171605,"3",2,-0.0126133397467246,0.957247986636935,1.41184379912303,1.37466199353416,1.10209996794435,0.210967032321664,0.384987306021009,0.495855107437208,-0.228624741364428,-0.186291473285281
2.3434953361284,0.600880531128496,"9",3,-0.0545765097927926,1.95850274009397,0.591186994883641,-0.241414843077641,1.29741977800912,0.848234771356682,-0.406922500362757,1.18821986422255,0.19558826849509,0.128293270915709
7.16729831462726,1.46858477033675,"2",1,1.9155424054153,1.18958722803215,-0.354336243748984,3.45365306486605,0.867564896882941,0.42602739340202,0.246025728059926,0.139742116949708,1.05464663054091,0.83164537074905
1.36281608440913,-1.05009656399488,"1",4,2.46912187941518,1.81437562152791,1.1954166534445,1.24189301488825,1.98863766566592,0.74564730621127,-0.092772834106472,1.0752816811244,2.39300930388757,1.0017246125377
10.0298219521064,0.590283090714365,"7",2,1.63621306354634,2.49722940684861,0.709825983808037,-0.467874045090834,-0.27441302229944,0.184214868838606,1.1282388986055,0.584169274009914,2.86397529053762,0.645007301181908
-2.01980124879628,-1.82626033667475,"5",3,-0.0389564808701977,1.2838566297735,1.48481995390929,-1.50245373997929,-0.0848108015083429,1.14044798802797,-0.662468675556051,1.23918564465761,0.552605907904468,-0.424698053703905
5.53994471090846,0.706801183987409,"8",5,0.108884970077341,1.75515656704558,2.28296376573129,1.20911121663907,1.99314073762929,2.66626940132521,1.52126465291612,2.21282752831441,1.30269504791366,1.14932025671747
-0.317874750588089,0.28903725091368,"6",1,0.744449722358251,-0.534433788971328,-0.625122362456395,1.52848096131345,0.0398458768217271,0.90797528572075,0.26723655809188,0.192023026787198,0.98413813298224,1.17368051873562
8.60458924807608,1.61690686829388,"2",1,1.48497533667965,0.410252105083035,1.48077066077588,0.356563773853649,1.08327651510748,1.06308630348123,0.660833208361096,0.387206826624589,0.786169484252278,1.08384827961561
7.72720281057991,1.09719560947269,"2",1,0.137973483562137,0.833665324066958,1.60784176387657,1.2980369898714,0.318478372254832,0.863901578889744,2.4733444217815,0.623880589126159,0.459934796705296,2.19685612941699
7.9404934879858,-0.583207663148642,"3",2,0.428676527410596,1.77671945725154,1.4053635287058,-0.050712238822795,0.188858583740462,-0.343018530938322,0.381050370691382,-0.0802883916574984,0.769422288825664,1.10112778110273
0.8053770782426,1.85852865455672,"6",1,0.742742248135756,1.16218889990873,-0.684934921769473,0.402570688922365,0.0769270251489941,1.28270563504449,1.21795822667393,-0.103941675832643,0.740321522713133,0.0634834060832829
6.50151044595987,1.46807530196384,"8",5,-0.560586668610079,0.937674551513119,0.968767667651538,0.176369789405547,1.94417769988449,1.78636402194303,0.982436381898931,0.579448917075637,1.69066282519884,0.816925524528102
10.4937028733548,-0.528424978256226,"7",2,1.32317348040102,1.43011058339394,1.17947607243838,-0.0218883345370184,1.15843263100389,-0.181424666296187,0.730051529267258,0.367011987394733,0.0742256431948444,-0.426345551413139
8.1840975494124,-0.424878345802426,"3",2,1.39349017731802,1.83915737907256,0.76839137914785,1.37386106710451,0.727857343318206,-0.233227915487714,1.84199441785626,0.311907921737978,0.797254555088431,0.301178131224427
6.58324359706603,-0.405266862362623,"3",2,0.69051577332345,0.953219322935932,1.50800125485676,0.827670241943658,0.864935126784815,0.461908794268764,2.19529367675797,1.27250791556499,0.562688495410646,-0.164097211642941
-0.426667365944013,0.815602401271462,"6",1,1.1497182896812,-0.0447331501366264,0.199515759980107,0.615760285618645,0.474256040117982,1.26432274807513,0.226125045771436,0.786835642773317,1.86694156929315,-0.0374669193010959
9.13890394195914,-1.53814019402489,"10",4,1.80085641372534,2.86987697720412,1.10059534019863,1.53761756901277,1.67011482331703,0.978236380434293,0.642717450169429,-0.403448218691898,0.929658930511201,1.09206287696507
-2.54771990026347,-1.03119018720463,"5",3,0.194304904790041,2.02339540728869,0.84793768652925,-0.0184712576962636,2.043818261727,0.138003382715541,-0.813700269489157,1.68501107294035,1.35723524724475,-0.578785073052302
-0.128170757321641,0.646890015341341,"6",1,0.402858841836926,-0.0153471245199286,-0.393513838230611,0.987615827855203,0.234546047922563,0.352112700811201,0.156763049889904,-0.0123398047683845,0.491778448610328,0.36971154930833
7.72249586856924,1.01129552349448,"2",1,0.909765971241395,-0.118696559518947,0.428198635915673,1.39132072371943,0.693001640399606,0.426725966266525,0.709091024901827,1.30043806044456,2.39751696145748,0.768570618769217
7.84521270613186,-0.972402109764516,"3",2,0.0584556857311755,0.658998497142073,1.81338594447027,-0.310004719300386,0.800705360381673,0.22419207589344,0.801577259437916,0.890613766620225,0.309161370234369,0.501284968670037
9.23099421313964,-1.21775039937347,"10",4,2.71623561501585,1.40972078004492,-0.000413687999797407,0.743166112958575,0.734830174321938,1.04383833278655,0.305699058504152,-0.395179920098258,2.49046123108052,0.902643743864226
5.34968903078698,0.447735495399684,"8",5,-0.963913157744127,0.678225222183865,1.12745524604736,1.19520630560634,2.55280630740853,2.30248774706975,2.54641359460546,1.98680971935514,0.698353890341003,1.20546166469891
7.78372193570249,-0.874942576047033,"3",2,1.41415941920635,1.09507671717679,1.23898293922798,0.991347275694326,1.27345173276459,0.98060033156837,0.207503847681133,0.30740681332014,0.602152921892113,0.286772013886114
0.73477023281157,-1.61660900805146,"1",4,2.90556740174132,1.63101919901918,1.24747060862216,1.00366530560597,1.42002511901639,2.52342591657551,0.514184559921744,0.986518468809077,2.03594664051996,0.661431777896489
8.36402647616342,1.24335608212277,"2",1,0.766249686788661,1.65663178514271,1.1553690883134,0.193478199421009,0.284872673485059,0.922073073010021,1.90493199745678,1.64058816808466,1.24761980614476,0.242853749227675
9.12516324594617,-0.403186331968755,"7",2,0.24759314008461,2.10853585445551,0.526237710577493,-0.0805042060324643,0.370814856193858,0.476399999579069,1.92793741158083,2.10810529764459,0.213660592325008,1.1809623261335
0.683873891597614,1.15040306700394,"6",1,1.84369503066573,-0.202410872605721,0.175506982289176,0.591439475890335,0.879632840484453,0.445316683731387,0.263378148117135,0.426639662850255,0.34432162765421,0.536132110091835
5.52322734962218,0.172341042198241,"8",5,-0.666206139706976,0.830684191698429,1.26940092890898,0.794836218979853,1.15710079312518,1.75733064442225,0.983208875126559,1.11496061092627,1.49798601763067,-0.0452097523063319
1.81114364857785,-0.0840300670824945,"9",3,-0.163712192094256,2.10885328769214,0.503107175699653,-1.44573350433131,-0.164740070590909,1.11986640931632,0.252947667466177,1.37552925468907,0.880240176562031,-0.39551152884581
-1.66956020821817,-1.74791557015851,"5",3,0.257803277161092,2.25554247386057,1.65172068470156,-1.12722547776809,0.118302186049541,1.12338752043323,-0.713781403345471,0.749715772352087,0.850672434342466,-0.150663914178058
8.08829950052314,1.90320388646796,"2",1,0.617109309720446,-0.261366448769376,0.468532880364071,1.9893328831118,2.70943972868892,1.86410991124686,-0.130093737234001,0.713042146986646,0.958449977797799,-0.276143250339256
5.75249473680742,1.64606052218005,"8",5,-0.410366153872087,0.0258585290803869,0.925485769149828,1.5130868514953,2.67019550236497,1.02413020817599,1.66508575390413,0.509397917328863,0.842940049588634,0.474634722939443
0.766489367233589,0.823339798953384,"9",3,0.00868417958443107,1.05297389806366,2.02865586150758,-0.476479818965834,0.24363340200426,0.934330549199822,-0.438531656367549,0.855656310256053,2.15136261854115,1.10868298770137
-0.489706113934517,1.50319013977423,"6",1,1.03259905269026,0.301031154227205,-0.651514381375993,-0.160953816506326,0.150628631101892,2.1309236073033,0.755211844416857,0.806978725031078,0.217236628256924,0.636750419005217
6.05052342033014,-0.0355519680306315,"8",5,-0.87186724840407,0.582975472614803,0.846645759526772,1.1994927865921,0.683170527060124,1.466668679417,1.43014427014197,1.33418436367417,1.17357649808651,0.515049612037326
8.07577607315034,-1.47977372165769,"10",4,1.48146026418343,1.84813672307703,-0.0210271096713818,1.0960309951996,1.40169412586895,1.0341685862164,1.90475972765646,1.17703864554121,1.97363460129867,2.88040808085118
9.5775308443699,-1.27534888219088,"10",4,1.75255529019073,1.77952330419501,0.921418771886085,2.8901782076992,2.44638667721693,1.3071748750537,-0.0947754549275512,1.27026807600352,2.05191264412703,1.50842397961297
8.71875946945511,0.0906540150754154,"7",2,0.728113755481566,2.08778147740504,1.1514855406131,0.829626300819144,-0.500602276979894,0.127186325075223,1.35643205147547,-0.0345701231955331,0.083041217723925,0.581051251361338
1.57132577127777,-0.405007407534868,"1",4,1.43149338297683,2.57201709602498,1.06617103076622,1.53562270994327,1.91639039947414,2.10740863813792,1.57736065369588,0.176666889818022,1.23509576660867,1.8244266920585
7.98491826979443,1.90410828916356,"2",1,0.776708486356131,0.00318845141448759,0.149378110749854,1.06358214232272,0.693538895975897,1.18083971663134,1.34967713598728,1.12114093887225,1.43208741517079,0.787669212052375
6.83861631969921,-0.139814587309957,"3",2,1.86752931598133,1.27349996256772,3.39141360873335,-0.296708687822814,0.547885134651453,0.276033089751775,0.723548288649512,1.8216698759164,2.00005274139137,0.155940657202604
8.95372404134832,-1.66885037906468,"10",4,2.14164419055174,1.64905811923472,2.261665977921,1.6346186066404,1.71957212965461,1.67950095552757,-0.853932044977672,0.245707539585292,1.16972114510644,1.20008072714598
2.47870604577474,0.69248917279765,"9",3,1.37422953952929,1.67281412407939,1.55328054125106,-1.42213254921049,0.578335688887263,0.511105207654984,-1.1840978485249,2.42457531110198,2.43436005843767,2.02273380658054
8.77306986018084,-1.55334301060066,"10",4,2.95042172299271,2.07908069836821,1.07204354381784,1.62090149170897,1.80214354229174,1.65916386728969,-1.03467710844018,-0.849550089375813,1.41219450642068,1.69434762894508
0.475091703934595,1.19031896116212,"6",1,0.808358087923254,0.505601885216542,0.154652202931016,1.72597750408692,1.11583468641659,1.09834460865739,0.552175568448247,0.822001083715902,1.9340869325474,0.702037466371426
0.57052499614656,-1.71712073031813,"1",4,2.74563237818873,4.11426420996119,0.394053398175589,1.87957877933365,2.25361048917773,0.595128685258158,0.231475076385204,0.105302381782992,0.806526005908629,2.01424389913426
-0.691028332104906,-0.0526429153978825,"6",1,0.401100131436277,0.42387179469425,0.0659039625891961,1.37415305974282,0.972466735071759,0.69242963389645,0.952981450138587,0.0784769854238953,0.119420663763099,-0.0296646286854817
-1.49068202008493,1.20879257330671,"4",5,-0.0530104267550491,1.67239997906973,1.24423307437382,1.3698866456746,1.91140842852572,1.51336973251924,0.94404519128926,1.01009853187963,1.07552649790422,0.746117867101091
7.87847978249192,-0.151374563574791,"3",2,1.12285079085787,1.68104825869324,0.705462797327919,0.103382985039363,1.20688231353938,0.240435210836853,0.434726934812604,0.0954125260592725,0.114347947437064,0.647888838469884
-1.22462807060219,0.352077442221344,"4",5,-1.43805027464604,0.818285811965544,0.645560655195423,0.705936149249812,1.61613908744927,2.24839818417504,1.25617237349708,2.17418504985074,1.42273748449679,1.23458800007576
6.9002334610559,-0.862280107103288,"3",2,0.91759560469506,1.07784428249132,1.05115927663967,0.64515789507121,1.4272836871239,0.880897246250953,2.09210810984944,0.011311431712346,0.0450064073206833,1.61261737476541
5.60541755682789,0.763407242484391,"8",5,-0.55651299185558,0.519414601183948,2.18102694294498,-0.239904714086228,1.87057289834006,1.82658269932575,0.750397039889629,0.879024823659316,0.884216477967808,0.522310880711826
-1.3454926381819,-1.26161863096058,"5",3,0.254853665852983,1.243402840813,2.29016687678336,-0.83657483909464,0.0606961077025134,0.246851710060956,0.138411075975643,1.24347826852413,1.71089432423041,1.55159374614933
-1.34013308910653,-0.737738013267517,"5",3,0.363676151319579,0.95687502242005,1.82549211589787,0.272167957197805,0.190886895991333,0.537530086789931,-0.233159885635317,1.46443858149592,0.215896647054211,-0.151112825701176
8.30565307033248,1.3471780740656,"2",1,0.258141358005028,1.01037116317212,0.410051282368425,0.266839863576253,1.70890631483482,1.34367477196173,0.105493411325453,0.992348966273784,0.678396528678433,0.350706491283473
8.9996549198404,-0.256421805825084,"7",2,1.14300042141113,3.03856293016004,2.24570579497995,1.25968329860062,0.901715545743971,0.226366633281137,0.405771143272546,0.684535482883837,0.916759373914269,0.167893782357021
7.61788465967402,-1.15821339422837,"3",2,0.460022066310752,1.58442193506138,0.77075072866853,-0.26628219297892,0.484692770142895,1.57438375687189,0.645127502328717,1.30687486129788,0.518335623305093,0.93039118441363
7.46278753108345,1.56829338986427,"2",1,0.0132392922351993,-0.0197262266014802,0.598957705856637,1.75334628927917,1.51772060432521,0.559841509156378,1.65725333684298,0.870407213007845,1.44064794022741,1.69800600725259
6.98493359587155,-1.47293892689049,"3",2,1.71093229882,2.62367222477904,2.10368928712524,0.0893129751148344,0.662312084820029,1.35173026365926,0.823404818693108,0.846138349072735,0.285828844002757,1.15913973042314
-1.68128441576846,0.554477637633681,"4",5,-0.946150595711833,1.35432691478823,0.990591551029357,0.23410535541819,0.847836954046187,2.13917271100151,1.18223254083663,1.09328691086292,2.0699955318602,0.475667823564855
0.292497528949752,0.149310142733157,"9",3,0.224370027906383,2.33447002398837,1.35453988266931,-0.615717202512062,0.252461447690781,0.126433396572595,0.966345640034658,2.57001402636101,0.581834544316501,-0.580841334760468
7.78201380860992,-1.54828282771632,"10",4,1.87908418471293,1.78142484314372,0.724047388580841,0.871566019253848,1.41995603652799,2.19586451562193,-0.89021329660279,0.298572985556616,0.997272309813291,1.17466603142007
-1.02458331221715,-0.592183324042708,"5",3,-0.263107367769323,2.20779880729808,1.55582786969883,-0.923586500260874,1.88397810586976,2.18291688769181,0.647953532307104,2.14400788974387,0.490329416094836,0.0864706661865825
-2.4690832386259,-1.26324637327343,"5",3,-0.461341200182201,1.23759097413783,2.10774383059048,-0.360430288446883,0.473192543344054,0.376677462457698,-0.533421039743561,1.36672192746814,1.3674970791267,1.15873191990779
-0.946155817480758,-1.87621545046568,"5",3,0.7560942288109,1.86411656986634,0.801236259779826,-0.843753108268353,-0.228298441938966,0.743037282595497,1.17156623580225,1.56336638644636,0.291113851439854,-0.308797106699517
-0.502882164204493,-1.553934677504,"5",3,-0.0920848435308262,1.62340110087966,1.35968439901475,-1.29790373619901,1.07634011141821,0.890276165329343,-0.231630524730434,0.971127665578981,0.482131737004513,0.17862592700288
2.13301096647047,0.225514515768737,"9",3,-0.19916998989381,1.56728387885373,1.7582601227937,-0.822571995593757,0.090915044364908,1.47627433664878,-0.369822862199675,1.14002848919257,0.414169000138418,0.0312857332174105
0.482439294457436,1.22637199005112,"6",1,0.0363982858583451,0.751065107602734,0.340603244185927,1.11089585190045,0.744543623596084,0.850259147595112,1.22541397319919,0.696787634217727,1.43979577337165,0.0909250568474646
5.36794654047117,0.839897273108363,"8",5,-0.0924094644501245,0.357230345851068,0.63287040591411,-0.231881622013372,1.83858926399944,2.24373798379736,1.40333748734243,1.53709954947408,0.993466188212461,1.48301583545348
10.023968575988,0.160588959697634,"7",2,0.121939375527106,0.729150636708332,1.25304316701036,1.8411328313582,1.47214038602549,-0.276289278397582,1.39902049677158,0.0164623532496749,0.706860181745103,0.662443552084142
7.2997347258497,0.519766556099057,"3",2,1.17995310219428,0.795028876159848,1.17102889849834,0.237145697643576,0.681567927029368,0.955755785517534,0.510318846490186,1.15901105543269,0.520416373968152,0.93696172539688
0.0371932897251099,-1.36775637278333,"1",4,1.62687543454624,1.97180598056857,2.62025714375925,1.10337038790269,2.34783486287931,2.07033960953971,-0.76182472865963,-0.745686198548619,1.86275206788926,0.495538008081912
8.2231570428703,1.53288385365158,"2",1,2.12129463130362,1.53108304020367,0.00545650089627481,0.147572454984205,0.355645715026574,0.236961136605943,0.769946763043724,1.8190418061926,-0.110314472764398,0.827280034521847
5.57668977626599,-0.138090229593217,"8",5,-0.842724326140925,1.71837976075698,0.833191885373239,0.432027120171956,2.14512463829633,2.79000081179999,0.666909165397631,1.88543836593162,0.126215644238835,0.208575421540154
-0.78958239289932,-1.05461263330653,"5",3,0.423850176611311,1.37045664156106,0.432194852797428,-1.25272256662041,0.387736860197903,0.489259506477657,0.415333221573228,1.60823933827705,0.123413907262251,0.34221958169018
2.30696167005226,0.1772889518179,"9",3,0.00707017467495158,1.42678948401393,1.38732818271603,-0.913995608793129,0.295921646959597,1.86610147284048,0.0914542967686851,2.15143929292191,-0.180337915879419,-0.310943655847672
0.562741050496697,2.05878024687991,"6",1,1.39660643668559,0.469669940637637,0.40315410115794,1.75662921822996,0.226725670809745,1.2518253830045,0.578772889532961,0.950283782979665,0.349835160983356,1.00637169804615
6.27256342512555,-0.616659990046173,"3",2,1.05356606178582,2.9338283326996,0.697547035267305,0.104430279502264,1.2225984085861,-0.416081017620413,3.02410562739531,2.17154505596449,0.399034174771548,0.874460487148186
1.54054939793423,1.58783401129767,"6",1,1.05448170461925,0.979923070263047,0.0464243147228173,-0.0284570019574133,1.09161075168951,2.58852832234702,1.06553718472346,0.840016601129348,0.517334355083217,0.096011522101445
9.931590157561,-0.628999192267656,"7",2,1.02755553258955,1.78652536709727,1.46046009627944,0.53803312078491,0.000992472767012809,0.284273294954119,0.573612617820382,-0.112599812739086,0.00658064602471756,-0.463637661801367
1.61973779392429,0.180925249587744,"9",3,-0.56562130897163,2.24970717379363,1.52919692522829,-0.850497738549027,0.452239432271232,2.3126058715489,1.34803992151725,0.975512720464702,2.50559504776798,-0.05370099721934
6.74408395518549,1.01207954110578,"8",5,-0.0051091232325926,2.00548565490021,1.04017511455639,-0.450572328441719,1.52474342665615,1.68038085487429,0.805066860730312,2.9305807132524,1.28017162508948,0.955808747061557
8.03441607626155,0.298340125009418,"3",2,0.666221593414515,1.58017222481419,1.52590531753539,0.59392564131338,0.165294611044869,0.61490565799732,1.30167224717197,1.05454870818002,0.615909227966301,0.296051142908066
2.1420526644215,0.885737179778516,"9",3,0.412738073105956,3.01536139839903,0.761177531829055,-1.0664886499802,0.62321027324182,1.74933726782753,-0.703924242710242,0.944697601809382,0.437258087525729,0.71502367634018
-1.47884807758965,-0.639703450724483,"5",3,-0.0472693317545499,1.86119601204177,0.85502033771268,-0.525213301311957,1.10429418623401,0.524636232803236,-0.584725318408749,1.36466866626395,0.568084373550908,-0.270252197411514
0.375173631124198,1.19554139440879,"6",1,0.588864491270055,0.927241665552809,-0.309185681556239,1.20707105182372,1.13484773024691,1.06984762723571,0.39792405134131,-0.0908818383083431,0.597678520949543,1.15752050844454
0.267152655404061,1.40050597954541,"6",1,2.07721193217038,0.116981134202087,1.05869164172277,0.300067609116495,-0.366915763990626,1.57129177431391,-0.130436334332105,1.01637948814565,2.24760355709842,1.87194494703666
6.4119927752763,0.934750863816589,"8",5,1.35403771043103,2.2861413194414,2.41571014046257,0.234640858288691,1.45480072033988,1.62602274610778,0.801943099205416,0.976458665657074,-0.0462815984071868,1.26386281327761
10.0830959682353,-0.63846918521449,"7",2,0.954605680320808,2.2087230395209,0.996754128902982,0.576152775910235,0.408945626442301,0.355455685129002,0.507169281398251,0.677251267903473,0.76394681499971,1.18560678861055
7.14213325851597,-0.820519751869142,"3",2,0.469072079885942,0.638306125882551,1.76263290474139,-0.287629067537914,0.431336965257288,-0.11155554329409,0.683329103685762,0.344088312250705,1.18120136021604,1.20920504230174
8.29572406853549,-1.60920786205679,"10",4,1.35988930672396,2.81578313448298,0.260638869542564,1.07692164276114,3.22261860799929,1.03186008987825,1.37310876945579,-0.564553266638854,2.26904790682518,0.887765926066545
1.20959008228965,-0.614225133322179,"1",4,1.42431272098123,2.31346438750383,1.00392730725385,0.801049069799884,2.45764087218136,3.74080207161478,-0.526575285779063,-0.566675346903734,1.19790828484429,1.14079199822821
6.77820746204816,0.794295419473201,"8",5,0.0116728041776215,0.970086924054518,0.685430826699053,0.163846539116164,1.57727764102964,2.58145811604808,1.22866756969339,1.1756446288152,0.662790418118356,-0.0106210764516175
-2.07345240656286,-0.0676773185841739,"4",5,-0.483717812373245,1.03502745273366,0.905045863978047,1.16758320873454,1.14123576158304,1.2022543790938,0.325675048242967,1.96263889720954,1.10919170924238,2.99799395388109
6.70958728459664,-1.44884408917278,"3",2,0.464730260909556,0.845436685650088,2.09872204474528,-0.100840958922584,0.0414837962783258,0.779254567889965,1.86029394721736,0.712206952641191,0.112808672745232,0.223621200264308
9.07833272614516,-0.427124272100627,"7",2,1.31087421880909,1.37299441725599,1.64423769884426,0.0810206152631647,0.101363725448089,0.675579164501389,2.87784975812203,0.569449624930072,0.0484515871645754,0.324351547663099
9.23610919388011,0.828353606630117,"7",2,1.56988316302314,1.27456273134677,0.6653656963689,0.398229417310823,0.93690355729133,-0.0510560070510097,1.2354749697357,0.713543703711641,1.27120581268396,0.650058673109066
-0.730517922900617,0.255184983834624,"6",1,1.42540076704491,2.09163125977082,1.12298154693623,1.46417207853113,1.82576844651834,0.31884766386109,0.466418988359603,0.563362404908665,1.22919226537986,0.162650412894806
7.1867723132018,0.149150772485882,"3",2,1.41368095634932,1.21350188377885,2.45419951030269,0.974444948370752,-0.233979269416314,0.0289609108200103,0.62942738593358,1.40297704691786,0.202656246393336,0.74916016779461
6.05413207481615,0.736564230173826,"8",5,-1.28964463105137,1.2626299511445,1.12357431511841,-0.27929343514238,1.9940755331901,1.79330233881255,0.523522146042795,0.471295466490358,1.32332648085221,0.511071039862973
-2.2129936052952,-1.25802375609055,"5",3,0.00228220461242679,2.52967916412549,1.35623441380206,-1.17109601944827,-0.331609686334323,0.445518119853761,0.434138953124262,1.09256368663194,1.17722898999089,-0.648650035547299
-1.19870748440735,-1.18550329934806,"5",3,-0.543510101311411,1.5959406250949,1.11925085362648,-0.194887654901808,1.66941022495762,0.542667893134416,-0.779432750065696,1.59314095748869,0.779867376351572,0.936664645161703
0.128547077300027,-0.966049411799759,"1",4,2.58196885771608,2.46642624944992,0.171162412835185,0.94483174511837,2.15300003352164,2.04579252821822,1.24831635398717,0.0385813538334935,1.99449276168211,2.02900071902658
7.66246630973183,-0.709108000155538,"3",2,1.03960250340346,0.501911906558159,1.48594673450405,0.353435707037603,0.918408379129782,0.119777846713176,-0.11542751045721,0.971314979340074,0.524342910802207,0.760474737502585
8.68580960086547,-0.241888749878854,"7",2,0.199650867766785,1.32473971001251,2.00800125169091,1.46332864855074,0.418094135430146,0.54743321938646,0.0790821303215671,0.453216482907902,0.205676054146845,-0.161524739308718
10.6921321642585,-0.705302613787353,"7",2,0.475442522846473,0.879832906346077,1.37596910626864,-0.150083695853723,0.868828713222167,-0.339161967584405,1.13176459800668,1.58920369307584,0.150783429187737,-0.0980305949498959
7.09523004386574,0.210420861840248,"3",2,0.367126944557121,1.77427558474944,0.662460288579657,0.182009120294663,0.27374096699898,0.62189718293208,0.78025537082749,0.355108769635303,0.0657866483316213,1.9872767973629
7.66624026326463,-1.71415730379522,"10",4,2.40401084331425,2.22534644054844,0.415644081546444,1.86468564423033,1.19113594669273,0.593976794994107,0.0805784774272985,-0.825391530231922,1.00213744747773,3.4707513111825
-1.51043958636001,-1.1517445393838,"5",3,1.48184144178907,1.63634978954048,0.546040324314067,-1.10734480806693,1.9382004895536,0.425162584868885,-1.02765469468321,2.3987016372349,0.685379119155576,-0.383274820813235
9.51944566494785,0.0361270038411021,"7",2,1.97418476452694,1.36026057616748,0.475445446906626,0.952950601090925,-0.0117448698959722,1.52747426851226,1.66970121537312,1.48769957951768,1.01480972720038,0.683276395944106
1.52809672988951,1.67195786722004,"6",1,1.57796385284357,1.40514793099072,0.634725322630419,1.06020456204266,1.21951009680772,2.22393214950718,0.799661736630828,0.727492608473984,0.290254643364064,-0.0523399721009445
-0.45470299385488,-1.26848476240411,"5",3,0.463064973928421,1.15670800974219,2.22780557257977,0.299050918190092,-0.316076939084368,-0.106283949616068,-0.526791916658234,1.56692767233289,0.448297203557438,-0.102912047607184
8.50908043095842,1.07539389515296,"2",1,0.1998831822502,0.341261218459561,0.378074855173253,2.10001490830948,0.514622579392077,0.57124959866513,-0.183624943885473,0.689154298136183,0.763780654518284,0.13827466675464
8.05868043424562,-0.570104182697833,"3",2,1.53800544785932,1.4122662555422,1.55799303135636,0.810259101735425,0.220411983379618,0.161124464153446,1.21765367306188,0.289835941715047,0.25318250285756,1.6197804414519
9.23442170443013,0.470633211079985,"7",2,0.648566926013309,1.30573449314243,1.83600931940792,0.650630362003525,1.2237963239711,-0.317781333889688,1.03849633132315,0.497715184655224,1.44592961400687,0.136260976256919
0.0843645562417805,0.435328611638397,"6",1,0.365749505727776,-0.0194326500638924,1.04192734832611,0.760152726046032,0.176156741727019,0.101498949937826,1.3433778693357,0.896598368876785,0.298578435999465,1.08373101892269
7.03939247154631,0.947562442161143,"8",5,-0.915283043672692,0.490498821467622,2.57093413616553,0.212902404318512,1.52323882083812,1.84893914939645,1.07496649573793,1.30033174821979,1.48089936143773,0.645006094964031
0.691729914629832,0.246609023306519,"9",3,0.469494124311295,1.33809294022223,1.54489850215617,-1.28944756130145,0.00359310663992168,0.853610983611538,-1.06226356169414,1.56794471275112,0.411623809296151,1.32003098194102
0.375513051869348,1.12223029136658,"6",1,0.243881693062118,0.0376084521854463,1.07974961644124,0.30294264371801,0.872581224374136,1.61193626791552,1.48168784930268,0.143255326589633,0.967738035678261,0.350548715944406
5.83670303155668,0.659016666468233,"8",5,-0.992943187169872,0.415305408765136,1.26006927199389,-0.408381141749713,2.16674679212327,2.01711736190858,0.695874333936464,1.05686156026777,1.21946777106537,0.562337047710391
9.69047492695972,-1.64264684775844,"10",4,1.86890289207538,1.62655505816769,0.485521553479274,0.829417852505261,1.11804931925045,1.11554402838226,-0.195614175958422,0.0223580044001147,2.15411476414428,1.59614034305076
0.359085385454819,2.09662757115439,"6",1,0.645454090844962,-0.385635838895672,1.42282660359447,1.56099441366795,0.476538415703888,0.339437338119861,0.40538249344489,0.663753059171552,0.730480459999543,1.20138043489164
6.69304947555065,-1.1934751807712,"3",2,0.742247623411436,1.22858350630506,1.31091632504234,0.47727189029212,0.362003473069663,0.0160738085015107,0.459508170048536,1.59096491698861,-0.0204178888202828,0.936021238878501
0.507470190059394,1.62214610725641,"6",1,-0.0911264590752182,1.07414909429104,0.8406563530611,2.48155759061736,0.677840908203212,2.05697746849701,0.886268552918647,0.238034423174505,1.05192222757114,1.63448289096075
6.07975470949896,0.947420729789883,"8",5,-1.11584120872923,0.338687420948141,1.7228876585395,-0.0804444714992147,2.03307006037887,1.10410091536754,1.68572251839178,1.0441060322687,1.85144903362217,0.182946436119261
-0.935013999929652,-2.04369553597644,"5",3,0.659953480325881,1.40367196664914,1.48185747986566,-0.831150805572395,-0.0331850210287654,1.00588891403694,-1.39378957221304,1.2607451005887,0.532266582418708,0.439882170121738
7.16050292551517,-1.54989437200129,"3",2,0.012759777456291,1.59210874911403,2.46631932208484,0.322559939821467,0.258875897188155,0.422009720263599,1.25729267033614,0.39415335526315,-0.115203200887751,1.0296515997539
-2.18841152498499,-0.357612939551473,"4",5,-1.56435084030867,0.16572048965684,2.57139618311339,-0.130458798156094,0.343925270960707,1.89955160410449,0.87513019954757,1.34280698452825,1.25271154350328,2.22379366754474
1.20901174144819,0.186957393307239,"9",3,0.364772383832591,1.86352617838055,1.36879921130138,-0.766130189903809,1.10451539029373,1.5874192543571,0.376952470035728,1.13938801726208,1.17333927946143,-0.38975312257025
0.11900776438415,-0.983342060353607,"1",4,3.22366171169021,2.24993653742797,1.79525864064326,2.93420143196052,1.53572964686476,0.590207888789886,-0.83295079233943,-0.505716357817011,0.797358811090025,1.33326895035406
0.416950192535296,-0.138563469517976,"9",3,-0.393959018878701,0.95580152169291,1.94623177050536,-0.44911015279741,-0.292419867132536,-0.0699970973939172,0.385036201620751,1.02579732733872,0.632026818534712,-0.13957217716802
8.73431975324638,-1.85734352096915,"10",4,1.67788661787731,2.28100285875944,1.18769923127364,2.19107027627307,2.529838245514,1.2942482127097,1.81361521473203,-0.0281508417802442,3.4286778380798,1.42300423687174
7.62047200417146,-0.745217395015061,"3",2,1.21988668120445,1.32698665789054,2.63940985991047,0.0742488843201194,1.00937343108598,-0.161286927885219,2.45951470697672,1.36688894940261,1.17473301301052,0.188338985285111
-0.69100255286321,-1.7967424239032,"5",3,-0.00535002072319052,1.6688805388297,1.49145585162259,0.277759999378333,1.30885318240985,0.306391027426814,-0.505227432125119,1.46313637158854,0.568344340411671,1.54803377009163
8.3281722413376,0.849297579843551,"3",2,0.204791832558665,1.89145651893805,1.46306559119359,1.55830764239022,1.64224541532998,1.05451481464531,0.589760081004755,2.76634863338542,0.319407796042827,0.7197522286729
0.0271341369953007,-0.808746055699885,"1",4,1.30239553005095,2.12840922922259,0.499605210788303,1.9141739201709,1.53573643366401,1.46738013740102,-0.826446324035207,-0.953059440823243,2.26159900432001,1.36025009224845
9.82432659203187,-1.26733409473673,"10",4,1.68210710514618,3.60735718785957,2.30251164617947,1.75126687018826,1.92534147548375,0.932618145135381,0.38372197827498,-0.294560175991869,1.38929916002967,1.13371168000186
-0.76098529365845,-0.466632016468793,"5",3,0.383036460595373,1.3541790486227,1.40979672062701,-1.31527840700453,0.675309438701431,0.501743853148164,-0.902946469690293,2.2521838548425,0.0196136482841545,0.114099852146099
7.95257151988335,0.267495946027339,"3",2,0.40377383380537,3.41448462947081,1.15120254866786,0.62061313614658,1.5626732065691,0.967281730281688,1.3937892850656,0.166075962088863,-0.126006326406014,-0.201913084503526
7.12467982922681,-1.62236763164401,"3",2,1.31417949491084,0.64871699659546,1.74447432853744,1.11856604881374,0.672529568748541,1.30100724681491,-0.0146354744169687,0.24997095304713,0.329869174974437,1.15045983514989
-0.620485426159576,-1.34587584063411,"5",3,0.10405357936298,0.893996102771642,2.04600817225216,-1.0074886230434,0.482157114218209,0.340016962321233,-1.4382087456875,1.55657346347927,0.63377482405806,2.03206219422525
7.40515206148848,0.137748832348734,"3",2,0.585166852624985,1.0024149510331,3.04236321753176,0.0685490513755495,1.17145814384141,2.07205499255043,1.21341127162629,1.18942020010494,0.634032048622769,0.966086044658763
8.45000379765406,-1.96967464406043,"10",4,1.23381163763838,1.31372457656358,0.0515868387359601,1.97193413468726,1.35453676378946,1.41705558232189,-0.502051551921988,-0.125155288364286,1.60399842941035,1.27836348708557
-1.9365891458001,-0.208841077983379,"4",5,-0.649523012123524,0.941951307518427,1.03475594405042,-0.429508423591996,2.04471241032849,1.79219440854827,0.862462385486188,2.59106640431023,0.0115865653509031,-0.0213464992020719
8.47951671504416,0.686127538792789,"3",2,0.574776400757006,0.747742400347044,1.89739754444535,0.53818078236397,-0.0543125714709429,-0.0267442496077321,0.497874828504188,0.231337744944359,-0.0600025798791216,1.14186366979374
0.518914823653176,0.187216310296208,"9",3,0.304636126263425,2.3862170757341,1.11004555754543,-0.0694025146584487,0.0245878886546833,2.95929163140524,-0.551026660224269,2.00475055338069,0.455430004295323,-0.417131863823645
