barcode,x,y,original_cluster,refined_mclust_seed_141,refined_mclust_seed_549,refined_mclust_seed_75,refined_mclust_seed_492,refined_mclust_seed_676,refined_mclust_seed_179,refined_mclust_seed_587,refined_mclust_seed_592,refined_mclust_seed_601,refined_mclust_seed_916,refined_mclust_seed_518,refined_mclust_seed_339,refined_mclust_seed_921,refined_mclust_seed_423,refined_mclust_seed_330,refined_mclust_seed_388,refined_mclust_seed_273,refined_mclust_seed_286,refined_mclust_seed_61,refined_mclust_seed_807,refined_mclust_seed_283,refined_mclust_seed_127,refined_mclust_seed_165,refined_mclust_seed_952,refined_mclust_seed_311,refined_mclust_seed_597,refined_mclust_seed_473,refined_mclust_seed_594,refined_mclust_seed_605,refined_mclust_seed_101
0,0.104006497887895,-0.64463910413906,,,,,,,,,,,,,,,,,,,,,,,,,,,,,,,
1,8.70361704844981,1.17462795460597,,,,,,,,,,,,,,,,,,,,,,,,,,,,,,,
2,6.29160710074939,-0.713294758461416,,,,,,,,,,,,,,,,,,,,,,,,,,,,,,,
3,-1.44880916550756,0.692673027515411,,,,,,,,,,,,,,,,,,,,,,,,,,,,,,,
4,-1.00381952431053,-1.4455770351924,,,,,,,,,,,,,,,,,,,,,,,,,,,,,,,
5,1.19136883295141,2.07044853130355,,,,,,,,,,,,,,,,,,,,,,,,,,,,,,,
6,-1.18188182101585,0.258663122076541,,,,,,,,,,,,,,,,,,,,,,,,,,,,,,,
7,-0.463588361861184,1.45719400607049,,,,,,,,,,,,,,,,,,,,,,,,,,,,,,,
8,-0.954907705774531,-0.796411891933531,,,,,,,,,,,,,,,,,,,,,,,,,,,,,,,
9,10.3307097763754,-1.05051545193419,,,,,,,,,,,,,,,,,,,,,,,,,,,,,,,
10,2.14332404453307,1.58165643690154,,,,,,,,,,,,,,,,,,,,,,,,,,,,,,,
11,6.6169477251824,1.38262255117297,,,,,,,,,,,,,,,,,,,,,,,,,,,,,,,
12,10.2169094216079,0.210610295180231,,,,,,,,,,,,,,,,,,,,,,,,,,,,,,,
13,-0.924036487936974,1.50028624339029,,,,,,,,,,,,,,,,,,,,,,,,,,,,,,,
14,7.3175311461091,2.00983960879967,,,,,,,,,,,,,,,,,,,,,,,,,,,,,,,
15,0.959880013717338,1.69094342039898,,,,,,,,,,,,,,,,,,,,,,,,,,,,,,,
16,2.54234492802061,0.317634225357324,,,,,,,,,,,,,,,,,,,,,,,,,,,,,,,
17,-2.513617541641,-0.0351988314650953,,,,,,,,,,,,,,,,,,,,,,,,,,,,,,,
18,1.4558964795433,-0.611967602744699,,,,,,,,,,,,,,,,,,,,,,,,,,,,,,,
19,7.73858056380413,-0.519139729440212,,,,,,,,,,,,,,,,,,,,,,,,,,,,,,,
20,2.39479355327785,0.76814508298412,,,,,,,,,,,,,,,,,,,,,,,,,,,,,,,
21,5.70536901243031,1.56671925680712,,,,,,,,,,,,,,,,,,,,,,,,,,,,,,,
22,6.518499243306,-1.11295205773786,,,,,,,,,,,,,,,,,,,,,,,,,,,,,,,
23,10.3053180268034,0.0396214984357357,,,,,,,,,,,,,,,,,,,,,,,,,,,,,,,
24,-1.39530763658695,0.631034355610609,,,,,,,,,,,,,,,,,,,,,,,,,,,,,,,
25,2.18967121443711,0.937869329936802,,,,,,,,,,,,,,,,,,,,,,,,,,,,,,,
26,0.0266141309402883,1.67354166740552,,,,,,,,,,,,,,,,,,,,,,,,,,,,,,,
27,9.00553881702945,-1.73992350464687,,,,,,,,,,,,,,,,,,,,,,,,,,,,,,,
28,7.84794769645669,-1.92122698528692,,,,,,,,,,,,,,,,,,,,,,,,,,,,,,,
29,8.42143601621501,0.480735930614173,,,,,,,,,,,,,,,,,,,,,,,,,,,,,,,
30,6.73990436946042,-1.35569435777143,,,,,,,,,,,,,,,,,,,,,,,,,,,,,,,
31,0.904493449488655,1.41517444979399,,,,,,,,,,,,,,,,,,,,,,,,,,,,,,,
32,6.96231718175113,-0.395198359619826,,,,,,,,,,,,,,,,,,,,,,,,,,,,,,,
33,8.54628571495414,0.626872407738119,,,,,,,,,,,,,,,,,,,,,,,,,,,,,,,
34,9.49704517424107,-0.736138622742146,,,,,,,,,,,,,,,,,,,,,,,,,,,,,,,
35,0.968927977373824,-1.14929560339078,,,,,,,,,,,,,,,,,,,,,,,,,,,,,,,
36,6.64892285899259,-0.173537919763476,,,,,,,,,,,,,,,,,,,,,,,,,,,,,,,
37,-1.27098048501648,-1.92029115278274,,,,,,,,,,,,,,,,,,,,,,,,,,,,,,,
38,7.57707332959399,-1.66015401948243,,,,,,,,,,,,,,,,,,,,,,,,,,,,,,,
39,8.68749203975312,1.59207186195999,,,,,,,,,,,,,,,,,,,,,,,,,,,,,,,
40,-1.34249490383081,-1.41237219795585,,,,,,,,,,,,,,,,,,,,,,,,,,,,,,,
41,6.8111244821921,-0.616247046273202,,,,,,,,,,,,,,,,,,,,,,,,,,,,,,,
42,-2.05455939681269,0.424142668489367,,,,,,,,,,,,,,,,,,,,,,,,,,,,,,,
43,-0.332752214977518,-0.154548024293035,,,,,,,,,,,,,,,,,,,,,,,,,,,,,,,
44,7.35181749402545,-0.756000489927828,,,,,,,,,,,,,,,,,,,,,,,,,,,,,,,
45,9.86837507528253,-0.38299891166389,,,,,,,,,,,,,,,,,,,,,,,,,,,,,,,
46,10.1555864992552,-0.940145116765052,,,,,,,,,,,,,,,,,,,,,,,,,,,,,,,
47,5.6909127831459,-0.48759777797386,,,,,,,,,,,,,,,,,,,,,,,,,,,,,,,
48,-1.10854913247749,-2.06841270206496,,,,,,,,,,,,,,,,,,,,,,,,,,,,,,,
49,7.47711140080355,-1.28480358747765,,,,,,,,,,,,,,,,,,,,,,,,,,,,,,,
50,0.526911146240309,-0.850678882561624,,,,,,,,,,,,,,,,,,,,,,,,,,,,,,,
51,9.16113598295487,0.65702693304047,,,,,,,,,,,,,,,,,,,,,,,,,,,,,,,
52,1.59424624824896,0.203823526389897,,,,,,,,,,,,,,,,,,,,,,,,,,,,,,,
53,7.5136331608519,-0.770553918555379,,,,,,,,,,,,,,,,,,,,,,,,,,,,,,,
54,10.0769329087343,0.757638944778591,,,,,,,,,,,,,,,,,,,,,,,,,,,,,,,
55,6.90208161063492,0.065546128898859,,,,,,,,,,,,,,,,,,,,,,,,,,,,,,,
56,0.413251110818237,-0.459757705684751,,,,,,,,,,,,,,,,,,,,,,,,,,,,,,,
57,-0.108422211604193,1.23759769601747,,,,,,,,,,,,,,,,,,,,,,,,,,,,,,,
58,9.43599043041468,-0.153365335427225,,,,,,,,,,,,,,,,,,,,,,,,,,,,,,,
59,7.75680462340824,1.86781684635207,,,,,,,,,,,,,,,,,,,,,,,,,,,,,,,
60,7.29966246639378,0.164937425870448,,,,,,,,,,,,,,,,,,,,,,,,,,,,,,,
61,7.97321891132742,-0.131870452314615,,,,,,,,,,,,,,,,,,,,,,,,,,,,,,,
62,0.655573212075979,0.539847982581705,,,,,,,,,,,,,,,,,,,,,,,,,,,,,,,
63,5.86350899399258,1.72014547279105,,,,,,,,,,,,,,,,,,,,,,,,,,,,,,,
64,7.90097371651791,0.0627151015214622,,,,,,,,,,,,,,,,,,,,,,,,,,,,,,,
65,7.673472965369,-1.83632140047848,,,,,,,,,,,,,,,,,,,,,,,,,,,,,,,
66,8.24330554087646,1.36445329990238,,,,,,,,,,,,,,,,,,,,,,,,,,,,,,,
67,1.4681216427125,1.3190309307538,,,,,,,,,,,,,,,,,,,,,,,,,,,,,,,
68,9.57759246043861,0.663049430586398,,,,,,,,,,,,,,,,,,,,,,,,,,,,,,,
69,8.80252929544076,-1.13976846216246,,,,,,,,,,,,,,,,,,,,,,,,,,,,,,,
70,7.58894070237875,0.209649458993226,,,,,,,,,,,,,,,,,,,,,,,,,,,,,,,
71,0.899334877962247,1.41252000583336,,,,,,,,,,,,,,,,,,,,,,,,,,,,,,,
72,6.66443562554196,-1.33283659582958,,,,,,,,,,,,,,,,,,,,,,,,,,,,,,,
73,-1.43790176766925,0.233283850830048,,,,,,,,,,,,,,,,,,,,,,,,,,,,,,,
74,6.85599908069707,-0.677927043288946,,,,,,,,,,,,,,,,,,,,,,,,,,,,,,,
75,0.357538322219625,-0.985684501938522,,,,,,,,,,,,,,,,,,,,,,,,,,,,,,,
76,8.15930255781859,-1.9700432382524,,,,,,,,,,,,,,,,,,,,,,,,,,,,,,,
77,1.47045474522747,-0.66126449033618,,,,,,,,,,,,,,,,,,,,,,,,,,,,,,,
78,1.19604735565372,0.139600448310375,,,,,,,,,,,,,,,,,,,,,,,,,,,,,,,
79,8.08556006127037,1.32700715912506,,,,,,,,,,,,,,,,,,,,,,,,,,,,,,,
80,6.90665448713116,-0.990135669708252,,,,,,,,,,,,,,,,,,,,,,,,,,,,,,,
81,-0.513744463212788,0.325850725639611,,,,,,,,,,,,,,,,,,,,,,,,,,,,,,,
82,9.8003528828267,0.947292689234018,,,,,,,,,,,,,,,,,,,,,,,,,,,,,,,
83,9.0268493599724,0.0387754524126649,,,,,,,,,,,,,,,,,,,,,,,,,,,,,,,
84,7.79288513609208,-1.76979501033202,,,,,,,,,,,,,,,,,,,,,,,,,,,,,,,
85,-0.781441903673112,-0.965975276194513,,,,,,,,,,,,,,,,,,,,,,,,,,,,,,,
86,-1.51179703581147,-1.84666489483789,,,,,,,,,,,,,,,,,,,,,,,,,,,,,,,
87,-0.633024009177461,-1.99217092245817,,,,,,,,,,,,,,,,,,,,,,,,,,,,,,,
88,6.27692166855559,1.16823948686942,,,,,,,,,,,,,,,,,,,,,,,,,,,,,,,
89,1.46548114065081,-1.05319892056286,,,,,,,,,,,,,,,,,,,,,,,,,,,,,,,
90,0.457215535454452,-0.703363779466599,,,,,,,,,,,,,,,,,,,,,,,,,,,,,,,
91,1.19346328056417,0.129373231902719,,,,,,,,,,,,,,,,,,,,,,,,,,,,,,,
92,1.71720745228231,0.539714130572975,,,,,,,,,,,,,,,,,,,,,,,,,,,,,,,
93,7.48163584177382,-0.277884467504919,,,,,,,,,,,,,,,,,,,,,,,,,,,,,,,
94,8.89608916942962,0.993600375950336,,,,,,,,,,,,,,,,,,,,,,,,,,,,,,,
95,-2.07172304019332,0.141413914971054,,,,,,,,,,,,,,,,,,,,,,,,,,,,,,,
96,-2.58544201985933,-1.15785930072889,,,,,,,,,,,,,,,,,,,,,,,,,,,,,,,
97,0.850037566153333,-0.884277320001274,,,,,,,,,,,,,,,,,,,,,,,,,,,,,,,
98,-2.13978908467107,-0.85863194661215,,,,,,,,,,,,,,,,,,,,,,,,,,,,,,,
99,1.36258748313412,-0.117000313475728,,,,,,,,,,,,,,,,,,,,,,,,,,,,,,,
100,0.224212295608595,2.00767540140077,,,,,,,,,,,,,,,,,,,,,,,,,,,,,,,
101,7.97348083206452,-0.148619818501174,,,,,,,,,,,,,,,,,,,,,,,,,,,,,,,
102,6.45622519636527,-0.645554244983941,,,,,,,,,,,,,,,,,,,,,,,,,,,,,,,
103,0.790511183440685,0.60493080643937,,,,,,,,,,,,,,,,,,,,,,,,,,,,,,,
104,-1.66763962106779,-0.324891658965498,,,,,,,,,,,,,,,,,,,,,,,,,,,,,,,
105,9.34245410724543,0.58638104936108,,,,,,,,,,,,,,,,,,,,,,,,,,,,,,,
106,8.5558577615302,-1.01410900475457,,,,,,,,,,,,,,,,,,,,,,,,,,,,,,,
107,6.42173825879581,1.20811159955338,,,,,,,,,,,,,,,,,,,,,,,,,,,,,,,
108,-0.815045634051785,-1.41148710856214,,,,,,,,,,,,,,,,,,,,,,,,,,,,,,,
109,6.53316697478294,-0.343784233555198,,,,,,,,,,,,,,,,,,,,,,,,,,,,,,,
110,8.69170199614018,-0.718959122896194,,,,,,,,,,,,,,,,,,,,,,,,,,,,,,,
111,7.17692190385424,-1.04347920976579,,,,,,,,,,,,,,,,,,,,,,,,,,,,,,,
112,9.26968740229495,0.81315477611497,,,,,,,,,,,,,,,,,,,,,,,,,,,,,,,
113,6.74430828168988,1.35409096488729,,,,,,,,,,,,,,,,,,,,,,,,,,,,,,,
114,0.671765936305746,0.596884898841381,,,,,,,,,,,,,,,,,,,,,,,,,,,,,,,
115,8.31025363388471,0.218206560239196,,,,,,,,,,,,,,,,,,,,,,,,,,,,,,,
116,2.02716180775315,1.56323764240369,,,,,,,,,,,,,,,,,,,,,,,,,,,,,,,
117,6.60683361394331,-1.10536812804639,,,,,,,,,,,,,,,,,,,,,,,,,,,,,,,
118,6.1524935849011,0.883010325487703,,,,,,,,,,,,,,,,,,,,,,,,,,,,,,,
119,0.136555270291865,1.18754617171362,,,,,,,,,,,,,,,,,,,,,,,,,,,,,,,
120,-1.77173011144623,-0.791896057780832,,,,,,,,,,,,,,,,,,,,,,,,,,,,,,,
121,-1.65232856431976,0.565979846287519,,,,,,,,,,,,,,,,,,,,,,,,,,,,,,,
122,-1.25120831723325,0.264307188335806,,,,,,,,,,,,,,,,,,,,,,,,,,,,,,,
123,7.88930780417286,-1.70356079004705,,,,,,,,,,,,,,,,,,,,,,,,,,,,,,,
124,6.34072246565484,0.196670098230243,,,,,,,,,,,,,,,,,,,,,,,,,,,,,,,
125,-1.50943269184791,-1.42220030771568,,,,,,,,,,,,,,,,,,,,,,,,,,,,,,,
126,8.94600117742084,1.38513219775632,,,,,,,,,,,,,,,,,,,,,,,,,,,,,,,
127,2.22012599045411,0.0248389295302331,,,,,,,,,,,,,,,,,,,,,,,,,,,,,,,
128,7.01110060676001,1.50730416644365,,,,,,,,,,,,,,,,,,,,,,,,,,,,,,,
129,8.9706147920806,-0.425643569324166,,,,,,,,,,,,,,,,,,,,,,,,,,,,,,,
130,-2.3789537770208,-1.0619015339762,,,,,,,,,,,,,,,,,,,,,,,,,,,,,,,
131,8.73009927617386,0.216895916964859,,,,,,,,,,,,,,,,,,,,,,,,,,,,,,,
132,7.39959979150444,1.02563619613647,,,,,,,,,,,,,,,,,,,,,,,,,,,,,,,
133,-2.49275987898,-0.372977389488369,,,,,,,,,,,,,,,,,,,,,,,,,,,,,,,
134,7.2171741889324,1.45917974179611,,,,,,,,,,,,,,,,,,,,,,,,,,,,,,,
135,10.0391103636939,-0.793473981320858,,,,,,,,,,,,,,,,,,,,,,,,,,,,,,,
136,5.56579871755093,-0.0416870461776853,,,,,,,,,,,,,,,,,,,,,,,,,,,,,,,
137,0.58509833435528,-1.26692071557045,,,,,,,,,,,,,,,,,,,,,,,,,,,,,,,
138,0.96155222482048,0.886842736508697,,,,,,,,,,,,,,,,,,,,,,,,,,,,,,,
139,5.71773388143629,0.0453333393670619,,,,,,,,,,,,,,,,,,,,,,,,,,,,,,,
140,8.20017758593895,1.80447249906138,,,,,,,,,,,,,,,,,,,,,,,,,,,,,,,
141,0.964048271300271,-0.845033158548176,,,,,,,,,,,,,,,,,,,,,,,,,,,,,,,
142,-2.50421766540967,-0.701308462303132,,,,,,,,,,,,,,,,,,,,,,,,,,,,,,,
143,1.17210133746266,0.183122309390455,,,,,,,,,,,,,,,,,,,,,,,,,,,,,,,
144,1.12959738029167,-0.999866651836783,,,,,,,,,,,,,,,,,,,,,,,,,,,,,,,
145,0.145786633482203,-0.912456365767866,,,,,,,,,,,,,,,,,,,,,,,,,,,,,,,
146,8.51355718448758,-1.00516763050109,,,,,,,,,,,,,,,,,,,,,,,,,,,,,,,
147,0.922769685043022,1.51285071624443,,,,,,,,,,,,,,,,,,,,,,,,,,,,,,,
148,-1.77929503051564,0.789221955928952,,,,,,,,,,,,,,,,,,,,,,,,,,,,,,,
149,9.16484092664905,-0.237307052593678,,,,,,,,,,,,,,,,,,,,,,,,,,,,,,,
150,2.15291117154993,-0.165392993949354,,,,,,,,,,,,,,,,,,,,,,,,,,,,,,,
151,6.03467164863832,1.78060748847201,,,,,,,,,,,,,,,,,,,,,,,,,,,,,,,
152,-1.13119269534945,0.332545093260705,,,,,,,,,,,,,,,,,,,,,,,,,,,,,,,
153,0.7225698356051,-1.59893730888143,,,,,,,,,,,,,,,,,,,,,,,,,,,,,,,
154,-1.04498060978949,-0.214468194171786,,,,,,,,,,,,,,,,,,,,,,,,,,,,,,,
155,8.07479704380967,1.93157952278852,,,,,,,,,,,,,,,,,,,,,,,,,,,,,,,
156,7.65224029845558,-0.221069366671145,,,,,,,,,,,,,,,,,,,,,,,,,,,,,,,
157,-2.10079490020871,-1.86308786040172,,,,,,,,,,,,,,,,,,,,,,,,,,,,,,,
158,-0.583731494611129,-2.15987150557339,,,,,,,,,,,,,,,,,,,,,,,,,,,,,,,
159,0.561692552175373,0.551090729422867,,,,,,,,,,,,,,,,,,,,,,,,,,,,,,,
160,7.65628822520375,0.490823509171605,,,,,,,,,,,,,,,,,,,,,,,,,,,,,,,
161,2.3434953361284,0.600880531128496,,,,,,,,,,,,,,,,,,,,,,,,,,,,,,,
162,7.16729831462726,1.46858477033675,,,,,,,,,,,,,,,,,,,,,,,,,,,,,,,
163,1.36281608440913,-1.05009656399488,,,,,,,,,,,,,,,,,,,,,,,,,,,,,,,
164,10.0298219521064,0.590283090714365,,,,,,,,,,,,,,,,,,,,,,,,,,,,,,,
165,-2.01980124879628,-1.82626033667475,,,,,,,,,,,,,,,,,,,,,,,,,,,,,,,
166,5.53994471090846,0.706801183987409,,,,,,,,,,,,,,,,,,,,,,,,,,,,,,,
167,-0.317874750588089,0.28903725091368,,,,,,,,,,,,,,,,,,,,,,,,,,,,,,,
168,8.60458924807608,1.61690686829388,,,,,,,,,,,,,,,,,,,,,,,,,,,,,,,
169,7.72720281057991,1.09719560947269,,,,,,,,,,,,,,,,,,,,,,,,,,,,,,,
170,7.9404934879858,-0.583207663148642,,,,,,,,,,,,,,,,,,,,,,,,,,,,,,,
171,0.8053770782426,1.85852865455672,,,,,,,,,,,,,,,,,,,,,,,,,,,,,,,
172,6.50151044595987,1.46807530196384,,,,,,,,,,,,,,,,,,,,,,,,,,,,,,,
173,10.4937028733548,-0.528424978256226,,,,,,,,,,,,,,,,,,,,,,,,,,,,,,,
174,8.1840975494124,-0.424878345802426,,,,,,,,,,,,,,,,,,,,,,,,,,,,,,,
175,6.58324359706603,-0.405266862362623,,,,,,,,,,,,,,,,,,,,,,,,,,,,,,,
176,-0.426667365944013,0.815602401271462,,,,,,,,,,,,,,,,,,,,,,,,,,,,,,,
177,9.13890394195914,-1.53814019402489,,,,,,,,,,,,,,,,,,,,,,,,,,,,,,,
178,-2.54771990026347,-1.03119018720463,,,,,,,,,,,,,,,,,,,,,,,,,,,,,,,
179,-0.128170757321641,0.646890015341341,,,,,,,,,,,,,,,,,,,,,,,,,,,,,,,
180,7.72249586856924,1.01129552349448,,,,,,,,,,,,,,,,,,,,,,,,,,,,,,,
181,7.84521270613186,-0.972402109764516,,,,,,,,,,,,,,,,,,,,,,,,,,,,,,,
182,9.23099421313964,-1.21775039937347,,,,,,,,,,,,,,,,,,,,,,,,,,,,,,,
183,5.34968903078698,0.447735495399684,,,,,,,,,,,,,,,,,,,,,,,,,,,,,,,
184,7.78372193570249,-0.874942576047033,,,,,,,,,,,,,,,,,,,,,,,,,,,,,,,
185,0.73477023281157,-1.61660900805146,,,,,,,,,,,,,,,,,,,,,,,,,,,,,,,
186,8.36402647616342,1.24335608212277,,,,,,,,,,,,,,,,,,,,,,,,,,,,,,,
187,9.12516324594617,-0.403186331968755,,,,,,,,,,,,,,,,,,,,,,,,,,,,,,,
188,0.683873891597614,1.15040306700394,,,,,,,,,,,,,,,,,,,,,,,,,,,,,,,
189,5.52322734962218,0.172341042198241,,,,,,,,,,,,,,,,,,,,,,,,,,,,,,,
190,1.81114364857785,-0.0840300670824945,,,,,,,,,,,,,,,,,,,,,,,,,,,,,,,
191,-1.66956020821817,-1.74791557015851,,,,,,,,,,,,,,,,,,,,,,,,,,,,,,,
192,8.08829950052314,1.90320388646796,,,,,,,,,,,,,,,,,,,,,,,,,,,,,,,
193,5.75249473680742,1.64606052218005,,,,,,,,,,,,,,,,,,,,,,,,,,,,,,,
194,0.766489367233589,0.823339798953384,,,,,,,,,,,,,,,,,,,,,,,,,,,,,,,
195,-0.489706113934517,1.50319013977423,,,,,,,,,,,,,,,,,,,,,,,,,,,,,,,
196,6.05052342033014,-0.0355519680306315,,,,,,,,,,,,,,,,,,,,,,,,,,,,,,,
197,8.07577607315034,-1.47977372165769,,,,,,,,,,,,,,,,,,,,,,,,,,,,,,,
198,9.5775308443699,-1.27534888219088,,,,,,,,,,,,,,,,,,,,,,,,,,,,,,,
199,8.71875946945511,0.0906540150754154,,,,,,,,,,,,,,,,,,,,,,,,,,,,,,,
200,1.57132577127777,-0.405007407534868,,,,,,,,,,,,,,,,,,,,,,,,,,,,,,,
201,7.98491826979443,1.90410828916356,,,,,,,,,,,,,,,,,,,,,,,,,,,,,,,
202,6.83861631969921,-0.139814587309957,,,,,,,,,,,,,,,,,,,,,,,,,,,,,,,
203,8.95372404134832,-1.66885037906468,,,,,,,,,,,,,,,,,,,,,,,,,,,,,,,
204,2.47870604577474,0.69248917279765,,,,,,,,,,,,,,,,,,,,,,,,,,,,,,,
205,8.77306986018084,-1.55334301060066,,,,,,,,,,,,,,,,,,,,,,,,,,,,,,,
206,0.475091703934595,1.19031896116212,,,,,,,,,,,,,,,,,,,,,,,,,,,,,,,
207,0.57052499614656,-1.71712073031813,,,,,,,,,,,,,,,,,,,,,,,,,,,,,,,
208,-0.691028332104906,-0.0526429153978825,,,,,,,,,,,,,,,,,,,,,,,,,,,,,,,
209,-1.49068202008493,1.20879257330671,,,,,,,,,,,,,,,,,,,,,,,,,,,,,,,
210,7.87847978249192,-0.151374563574791,,,,,,,,,,,,,,,,,,,,,,,,,,,,,,,
211,-1.22462807060219,0.352077442221344,,,,,,,,,,,,,,,,,,,,,,,,,,,,,,,
212,6.9002334610559,-0.862280107103288,,,,,,,,,,,,,,,,,,,,,,,,,,,,,,,
213,5.60541755682789,0.763407242484391,,,,,,,,,,,,,,,,,,,,,,,,,,,,,,,
214,-1.3454926381819,-1.26161863096058,,,,,,,,,,,,,,,,,,,,,,,,,,,,,,,
215,-1.34013308910653,-0.737738013267517,,,,,,,,,,,,,,,,,,,,,,,,,,,,,,,
216,8.30565307033248,1.3471780740656,,,,,,,,,,,,,,,,,,,,,,,,,,,,,,,
217,8.9996549198404,-0.256421805825084,,,,,,,,,,,,,,,,,,,,,,,,,,,,,,,
218,7.61788465967402,-1.15821339422837,,,,,,,,,,,,,,,,,,,,,,,,,,,,,,,
219,7.46278753108345,1.56829338986427,,,,,,,,,,,,,,,,,,,,,,,,,,,,,,,
220,6.98493359587155,-1.47293892689049,,,,,,,,,,,,,,,,,,,,,,,,,,,,,,,
221,-1.68128441576846,0.554477637633681,,,,,,,,,,,,,,,,,,,,,,,,,,,,,,,
222,0.292497528949752,0.149310142733157,,,,,,,,,,,,,,,,,,,,,,,,,,,,,,,
223,7.78201380860992,-1.54828282771632,,,,,,,,,,,,,,,,,,,,,,,,,,,,,,,
224,-1.02458331221715,-0.592183324042708,,,,,,,,,,,,,,,,,,,,,,,,,,,,,,,
225,-2.4690832386259,-1.26324637327343,,,,,,,,,,,,,,,,,,,,,,,,,,,,,,,
226,-0.946155817480758,-1.87621545046568,,,,,,,,,,,,,,,,,,,,,,,,,,,,,,,
227,-0.502882164204493,-1.553934677504,,,,,,,,,,,,,,,,,,,,,,,,,,,,,,,
228,2.13301096647047,0.225514515768737,,,,,,,,,,,,,,,,,,,,,,,,,,,,,,,
229,0.482439294457436,1.22637199005112,,,,,,,,,,,,,,,,,,,,,,,,,,,,,,,
230,5.36794654047117,0.839897273108363,,,,,,,,,,,,,,,,,,,,,,,,,,,,,,,
231,10.023968575988,0.160588959697634,,,,,,,,,,,,,,,,,,,,,,,,,,,,,,,
232,7.2997347258497,0.519766556099057,,,,,,,,,,,,,,,,,,,,,,,,,,,,,,,
233,0.0371932897251099,-1.36775637278333,,,,,,,,,,,,,,,,,,,,,,,,,,,,,,,
234,8.2231570428703,1.53288385365158,,,,,,,,,,,,,,,,,,,,,,,,,,,,,,,
235,5.57668977626599,-0.138090229593217,,,,,,,,,,,,,,,,,,,,,,,,,,,,,,,
236,-0.78958239289932,-1.05461263330653,,,,,,,,,,,,,,,,,,,,,,,,,,,,,,,
237,2.30696167005226,0.1772889518179,,,,,,,,,,,,,,,,,,,,,,,,,,,,,,,
238,0.562741050496697,2.05878024687991,,,,,,,,,,,,,,,,,,,,,,,,,,,,,,,
239,6.27256342512555,-0.616659990046173,,,,,,,,,,,,,,,,,,,,,,,,,,,,,,,
240,1.54054939793423,1.58783401129767,,,,,,,,,,,,,,,,,,,,,,,,,,,,,,,
241,9.931590157561,-0.628999192267656,,,,,,,,,,,,,,,,,,,,,,,,,,,,,,,
242,1.61973779392429,0.180925249587744,,,,,,,,,,,,,,,,,,,,,,,,,,,,,,,
243,6.74408395518549,1.01207954110578,,,,,,,,,,,,,,,,,,,,,,,,,,,,,,,
244,8.03441607626155,0.298340125009418,,,,,,,,,,,,,,,,,,,,,,,,,,,,,,,
245,2.1420526644215,0.885737179778516,,,,,,,,,,,,,,,,,,,,,,,,,,,,,,,
246,-1.47884807758965,-0.639703450724483,,,,,,,,,,,,,,,,,,,,,,,,,,,,,,,
247,0.375173631124198,1.19554139440879,,,,,,,,,,,,,,,,,,,,,,,,,,,,,,,
248,0.267152655404061,1.40050597954541,,,,,,,,,,,,,,,,,,,,,,,,,,,,,,,
249,6.4119927752763,0.934750863816589,,,,,,,,,,,,,,,,,,,,,,,,,,,,,,,
250,10.0830959682353,-0.63846918521449,,,,,,,,,,,,,,,,,,,,,,,,,,,,,,,
251,7.14213325851597,-0.820519751869142,,,,,,,,,,,,,,,,,,,,,,,,,,,,,,,
252,8.29572406853549,-1.60920786205679,,,,,,,,,,,,,,,,,,,,,,,,,,,,,,,
253,1.20959008228965,-0.614225133322179,,,,,,,,,,,,,,,,,,,,,,,,,,,,,,,
254,6.77820746204816,0.794295419473201,,,,,,,,,,,,,,,,,,,,,,,,,,,,,,,
255,-2.07345240656286,-0.0676773185841739,,,,,,,,,,,,,,,,,,,,,,,,,,,,,,,
256,6.70958728459664,-1.44884408917278,,,,,,,,,,,,,,,,,,,,,,,,,,,,,,,
257,9.07833272614516,-0.427124272100627,,,,,,,,,,,,,,,,,,,,,,,,,,,,,,,
258,9.23610919388011,0.828353606630117,,,,,,,,,,,,,,,,,,,,,,,,,,,,,,,
259,-0.730517922900617,0.255184983834624,,,,,,,,,,,,,,,,,,,,,,,,,,,,,,,
260,7.1867723132018,0.149150772485882,,,,,,,,,,,,,,,,,,,,,,,,,,,,,,,
261,6.05413207481615,0.736564230173826,,,,,,,,,,,,,,,,,,,,,,,,,,,,,,,
262,-2.2129936052952,-1.25802375609055,,,,,,,,,,,,,,,,,,,,,,,,,,,,,,,
263,-1.19870748440735,-1.18550329934806,,,,,,,,,,,,,,,,,,,,,,,,,,,,,,,
264,0.128547077300027,-0.966049411799759,,,,,,,,,,,,,,,,,,,,,,,,,,,,,,,
265,7.66246630973183,-0.709108000155538,,,,,,,,,,,,,,,,,,,,,,,,,,,,,,,
266,8.68580960086547,-0.241888749878854,,,,,,,,,,,,,,,,,,,,,,,,,,,,,,,
267,10.6921321642585,-0.705302613787353,,,,,,,,,,,,,,,,,,,,,,,,,,,,,,,
268,7.09523004386574,0.210420861840248,,,,,,,,,,,,,,,,,,,,,,,,,,,,,,,
269,7.66624026326463,-1.71415730379522,,,,,,,,,,,,,,,,,,,,,,,,,,,,,,,
270,-1.51043958636001,-1.1517445393838,,,,,,,,,,,,,,,,,,,,,,,,,,,,,,,
271,9.51944566494785,0.0361270038411021,,,,,,,,,,,,,,,,,,,,,,,,,,,,,,,
272,1.52809672988951,1.67195786722004,,,,,,,,,,,,,,,,,,,,,,,,,,,,,,,
273,-0.45470299385488,-1.26848476240411,,,,,,,,,,,,,,,,,,,,,,,,,,,,,,,
274,8.50908043095842,1.07539389515296,,,,,,,,,,,,,,,,,,,,,,,,,,,,,,,
275,8.05868043424562,-0.570104182697833,,,,,,,,,,,,,,,,,,,,,,,,,,,,,,,
276,9.23442170443013,0.470633211079985,,,,,,,,,,,,,,,,,,,,,,,,,,,,,,,
277,0.0843645562417805,0.435328611638397,,,,,,,,,,,,,,,,,,,,,,,,,,,,,,,
278,7.03939247154631,0.947562442161143,,,,,,,,,,,,,,,,,,,,,,,,,,,,,,,
279,0.691729914629832,0.246609023306519,,,,,,,,,,,,,,,,,,,,,,,,,,,,,,,
280,0.375513051869348,1.12223029136658,,,,,,,,,,,,,,,,,,,,,,,,,,,,,,,
281,5.83670303155668,0.659016666468233,,,,,,,,,,,,,,,,,,,,,,,,,,,,,,,
282,9.69047492695972,-1.64264684775844,,,,,,,,,,,,,,,,,,,,,,,,,,,,,,,
283,0.359085385454819,2.09662757115439,,,,,,,,,,,,,,,,,,,,,,,,,,,,,,,
284,6.69304947555065,-1.1934751807712,,,,,,,,,,,,,,,,,,,,,,,,,,,,,,,
285,0.507470190059394,1.62214610725641,,,,,,,,,,,,,,,,,,,,,,,,,,,,,,,
286,6.07975470949896,0.947420729789883,,,,,,,,,,,,,,,,,,,,,,,,,,,,,,,
287,-0.935013999929652,-2.04369553597644,,,,,,,,,,,,,,,,,,,,,,,,,,,,,,,
288,7.16050292551517,-1.54989437200129,,,,,,,,,,,,,,,,,,,,,,,,,,,,,,,
289,-2.18841152498499,-0.357612939551473,,,,,,,,,,,,,,,,,,,,,,,,,,,,,,,
290,1.20901174144819,0.186957393307239,,,,,,,,,,,,,,,,,,,,,,,,,,,,,,,
291,0.11900776438415,-0.983342060353607,,,,,,,,,,,,,,,,,,,,,,,,,,,,,,,
292,0.416950192535296,-0.138563469517976,,,,,,,,,,,,,,,,,,,,,,,,,,,,,,,
293,8.73431975324638,-1.85734352096915,,,,,,,,,,,,,,,,,,,,,,,,,,,,,,,
294,7.62047200417146,-0.745217395015061,,,,,,,,,,,,,,,,,,,,,,,,,,,,,,,
295,-0.69100255286321,-1.7967424239032,,,,,,,,,,,,,,,,,,,,,,,,,,,,,,,
296,8.3281722413376,0.849297579843551,,,,,,,,,,,,,,,,,,,,,,,,,,,,,,,
297,0.0271341369953007,-0.808746055699885,,,,,,,,,,,,,,,,,,,,,,,,,,,,,,,
298,9.82432659203187,-1.26733409473673,,,,,,,,,,,,,,,,,,,,,,,,,,,,,,,
299,-0.76098529365845,-0.466632016468793,,,,,,,,,,,,,,,,,,,,,,,,,,,,,,,
300,7.95257151988335,0.267495946027339,,,,,,,,,,,,,,,,,,,,,,,,,,,,,,,
301,7.12467982922681,-1.62236763164401,,,,,,,,,,,,,,,,,,,,,,,,,,,,,,,
302,-0.620485426159576,-1.34587584063411,,,,,,,,,,,,,,,,,,,,,,,,,,,,,,,
303,7.40515206148848,0.137748832348734,,,,,,,,,,,,,,,,,,,,,,,,,,,,,,,
304,8.45000379765406,-1.96967464406043,,,,,,,,,,,,,,,,,,,,,,,,,,,,,,,
305,-1.9365891458001,-0.208841077983379,,,,,,,,,,,,,,,,,,,,,,,,,,,,,,,
306,8.47951671504416,0.686127538792789,,,,,,,,,,,,,,,,,,,,,,,,,,,,,,,
307,0.518914823653176,0.187216310296208,,,,,,,,,,,,,,,,,,,,,,,,,,,,,,,
